asset plan verified against the release listing:
  kernel.raw  40811008 bytes  (asset id 603018293)
  kernel.elf  47802859 bytes  (asset id 603016506)
  boot.img  67108864 bytes  (asset id 603014026)
  SM-A075F_16_Opensource.zip  375158122 bytes  (asset id 603222830)
  SM-A075F_16_Opensource_A075FXXS5BZD2_A075MUBS5BZD2_A075FXXS5BZD3.zip  596760 bytes  (asset id 603222081)
downloading kernel.raw
  kernel.raw: 40811008 bytes OK
c90ab3185ea5678dc881ba2d4953887b5056f065e4643d38af51c3529cd0ade8  /home/runner/work/Root-My-GalaxyA075F-Payloads/Root-My-GalaxyA075F-Payloads/fw/kernel.raw
downloading kernel.elf
  kernel.elf: 47802859 bytes OK
1520730876acfb6fe56e60a066a39139b47ab8d75dba74891d0c7bda6ba59bf4  /home/runner/work/Root-My-GalaxyA075F-Payloads/Root-My-GalaxyA075F-Payloads/fw/kernel.elf
downloading boot.img
  boot.img: 67108864 bytes OK
1787e32bb9ed1c4355c41500c6d88159fc462a273fbd547fd3ad24115aae0f67  /home/runner/work/Root-My-GalaxyA075F-Payloads/Root-My-GalaxyA075F-Payloads/fw/boot.img
downloading SM-A075F_16_Opensource.zip
  SM-A075F_16_Opensource.zip: 375158122 bytes OK
8878c5a72acc53dc78e2bd75778854aab08ec76f3fce4dc4d73fc072c56b7c24  /home/runner/work/Root-My-GalaxyA075F-Payloads/Root-My-GalaxyA075F-Payloads/fw/SM-A075F_16_Opensource.zip
downloading SM-A075F_16_Opensource_A075FXXS5BZD2_A075MUBS5BZD2_A075FXXS5BZD3.zip
  SM-A075F_16_Opensource_A075FXXS5BZD2_A075MUBS5BZD2_A075FXXS5BZD3.zip: 596760 bytes OK
6b626c35c34bbe7ae4cea854a164ee6a5213432d5bf9830a79338874bf84c53f  /home/runner/work/Root-My-GalaxyA075F-Payloads/Root-My-GalaxyA075F-Payloads/fw/SM-A075F_16_Opensource_A075FXXS5BZD2_A075MUBS5BZD2_A075FXXS5BZD3.zip
--- banner in kernel.raw ---
  Linux version 6.12.23-android16-5-abA075FXXS5BZD2-4k (kleaf@build-host) (Android (12833971, +pgo, +bolt, +lto, +mlgo, based on r536225) clang version 19.0.1 (https://android.googlesource.com/toolchain/llvm-project b3a530ec6537146650e42be89f1089e9a3588460), LLD 19.0.1) #1 SMP PREEMPT Mon Apr  6 10:37:19 UTC 2026
  banner OK
--- banner in kernel.elf ---
Linux version 6.12.23-android16-5-abA075FXXS5BZD2-4k (kleaf@build-host) (Android (12833971, +pgo, +bolt, +lto, +mlgo, based on r536225) clang version 19.0.1 (https://android.googlesource.com/toolchain/llvm-project b3a530ec6537146650e42be89f1089e9a3588460), LLD 19.0.1) #1 SMP PREEMPT Mon Apr  6 10:37:19 UTC 2026
--- first LOAD segment of kernel.elf ---
  LOAD           0x0001c0 0xffffffc080000000 0xffffffc080000000 0x26eba00 0x26eba00 RWE 0
  LOAD           0x26ebbc0 0xffffffc0826eba00 0xffffffc0826eba00 0x000000 0x1000000 RWE 0
  first LOAD: file 0x1c0, VMA 0xffffffc080000000, FileSiz 0x26eba00 == kernel.raw size
  boot.img header: name='u§ø\x00|/!\x00¤\x01\x00 0\x06' page_size=0x0 header_version=0 kernel_size=0x0 kernel_addr=0x0 ramdisk_size=0x0
  NOTE: could NOT match the boot.img kernel region to kernel.raw (kernel_size 0x0 vs raw 0x26eba00); tried raw/gzip/bz2/lzma/lz4/zstd
  NOTE: kernel region head @0x1000: 1f 8b 08 00 00 00 00 00 02 03 ec bd 09 5c 14 47
  NOTE: continuing - kernel identity is gated by the banner and ELF LOAD checks above, which passed
kernel identity verified
--- vmlinux-to-elf symbol cross-check (best effort) ---
[+] Version string: Linux version 6.12.23-android16-5-abA075FXXS5BZD2-4k (kleaf@build-host) (Android (12833971, +pgo, +bolt, +lto, +mlgo, based on r536225) clang version 19.0.1 (https://android.googlesource.com/toolchain/llvm-project b3a530ec6537146650e42be89f1089e9a3588460), LLD 19.0.1) #1 SMP PREEMPT Mon Apr  6 10:37:19 UTC 2026
[+]   Other related strings containing the version number: [b'Linux version 6.12.23-android16-5-abA075FXXS5BZD2-4k (kleaf@build-host) (Android (12833971, +pgo, +bolt, +lto, +mlgo, based on r536225) clang version 19.0.1 (https://android.googlesource.com/toolchain/llvm-project b3a530ec6537146650e42be89f1089e9a3588460), LLD 19.0.1) #1 SMP PREEMPT Mon Apr  6 10:37:19 UTC 2026', b'6.12.23-android16-5-abA075FXXS5BZD2-4k SMP preempt mod_unload modversions aarch64', b'Linux version 6.12.23-android16-5-abA075FXXS5BZD2-4k (kleaf@build-host) (Android (12833971, +pgo, +bolt, +lto, +mlgo, based on r536225) clang version 19.0.1 (https://android.googlesource.com/toolchain/llvm-project b3a530ec6537146650e42be89f1089e9a3588460), LLD 19.0.1) #1 SMP PREEMPT Mon Apr  6 10:37:19 UTC 2026', b'/lib/firmware/6.12.23-android16-5-abA075FXXS5BZD2-4k', b'/lib/firmware/updates/6.12.23-android16-5-abA075FXXS5BZD2-4k', b'6.12.23-android16-5-abA075FXXS5BZD2-4k', b'6.12.23-android16-5-abA075FXXS5BZD2-4k', b'6.12.23-android16-5-abA075FXXS5BZD2-4k']
[+]   Architecture string: mod_unload modversions aarch64
[+] Guessed architecture: aarch64 successfully in 0.00 seconds
[+] Kernel found in database
[+]   Read kernel source: https://git.kernel.org/pub/scm/linux/kernel/git/torvalds/linux.git/tree/?id=v6.12
[+]   Download kernel: https://git.kernel.org/pub/scm/linux/kernel/git/torvalds/linux.git/snapshot/v6.12.tar.gz
[+]   Kernel release date: 2024-11-17
[+]   Interesting files:
[~]     - kernel/kallsyms.c: https://git.kernel.org/pub/scm/linux/kernel/git/torvalds/linux.git/tree/kernel/kallsyms.c?id=v6.12
[~]     - scripts/kallsyms.c: https://git.kernel.org/pub/scm/linux/kernel/git/torvalds/linux.git/tree/scripts/kallsyms.c?id=v6.12
[~]     - include/linux/elf.h: https://git.kernel.org/pub/scm/linux/kernel/git/torvalds/linux.git/tree/include/linux/elf.h?id=v6.12
[~]     - include/uapi/linux/elf-em.h: https://git.kernel.org/pub/scm/linux/kernel/git/torvalds/linux.git/tree/include/uapi/linux/elf-em.h?id=v6.12
[~]     - include/uapi/linux/elf.h: https://git.kernel.org/pub/scm/linux/kernel/git/torvalds/linux.git/tree/include/uapi/linux/elf.h?id=v6.12
[~]     - Documentation/process/changes.rst: https://git.kernel.org/pub/scm/linux/kernel/git/torvalds/linux.git/tree/Documentation/process/changes.rst?id=v6.12
[+]   Architecture arm64 (EM_AARCH64) supports 64-bit, big-endian, little-endian
[~]     - Documentation/arch/arm64/booting.rst: https://git.kernel.org/pub/scm/linux/kernel/git/torvalds/linux.git/tree/Documentation/arch/arm64/booting.rst?id=v6.12
[~]     - arch/arm64/kernel/vmlinux.lds.S: https://git.kernel.org/pub/scm/linux/kernel/git/torvalds/linux.git/tree/arch/arm64/kernel/vmlinux.lds.S?id=v6.12
[~]     - arch/arm64/kernel/head.S: https://git.kernel.org/pub/scm/linux/kernel/git/torvalds/linux.git/tree/arch/arm64/kernel/head.S?id=v6.12
[~]     - arch/arm64/kernel/Makefile: https://git.kernel.org/pub/scm/linux/kernel/git/torvalds/linux.git/tree/arch/arm64/kernel/Makefile?id=v6.12
[~]     - arch/arm64/boot/Makefile: https://git.kernel.org/pub/scm/linux/kernel/git/torvalds/linux.git/tree/arch/arm64/boot/Makefile?id=v6.12
[~]     - arch/arm64/include/asm/elf.h: https://git.kernel.org/pub/scm/linux/kernel/git/torvalds/linux.git/tree/arch/arm64/include/asm/elf.h?id=v6.12
[+]   Suggested build environment: docker run -it debian/bookworm (Debian 12.0 "Bookworm" released 2023-06-10)
[+] Found kallsyms_token_table at file offset 0x01650e58
[+] Found kallsyms_token_index at file offset 0x01651240
[+] Found kallsyms_markers at file offset 0x01650618
[+] Found kallsyms_names at file offset 0x0143d0c8 (135140 symbols)
[+] Found kallsyms_num_syms at file offset 0x0143d0c0
[!] WARNING: Less than half (0%) of offsets are negative
             You may want to re-run this utility, overriding the relative base
[!] WARNING: More than half (100%) of offsets look like absolute addresses
[!]          You may want to re-run this utility, overriding the relative base
[+] Note: sometimes there is junk at the beginning of the kernel, and the load address is not the guessed
          base address. You may need to play around with different load addresses to get everything
          to line up. There may be some decent tables in the kernel with known patterns that could be
          used to line things up heuristically, but this has not been explored this yet.
[+] Negative offsets overall: 0 %
[+] Null addresses overall: 0 %
[+] Found kallsyms_offsets at file offset 0x01651440
[+] Guessed the base address using the first_symbol_virtual_address fallback heuristic (ffffffc080000000)
[+] Reconstructing ELF with guessed base address (ffffffc080000000)
[+] Successfully wrote the new ELF kernel to /home/runner/work/Root-My-GalaxyA075F-Payloads/Root-My-GalaxyA075F-Payloads/fw/derived.elf
  release kernel.elf: 130464 symbols, derived: 130464, common: 130464
  derived ELF symbol table matches the release kernel.elf (base-relative)
=== base archive ===
  extracting nested archive Kernel.tar.gz (346485295 bytes)
  kernel Makefile located, no further nested archives needed
kernel tree root: base/kernel-6.12
delta anchor directory: kernel-6.12
=== delta overlay ===
  extracting nested archive A075FXXS5BZD2_kernel.tar.gz (595614 bytes)
  -- skipped, no counterpart: Kernel/vendor/mediatek/kernel_modules/gpu/gpu_mali/mali_avalon/a16w_jm/drivers/gpu/arm/midgard/mmu/mali_kbase_mmu.c
  -- skipped, no counterpart: Kernel/vendor/mediatek/kernel_modules/gpu/gpu_mali/mali_avalon/a16w_jm/drivers/gpu/arm/midgard/mali_kbase_mem.h
  -- skipped, no counterpart: Kernel/vendor/mediatek/kernel_modules/gpu/gpu_mali/mali_avalon/a16w_jm/drivers/gpu/arm/midgard/mali_kbase_mem_linux.c
  -- skipped, no counterpart: Kernel/vendor/mediatek/kernel_modules/gpu/gpu_mali/mali_avalon/a16w_jm/drivers/gpu/arm/midgard/mali_kbase_mem_pool.c
  -- skipped, no counterpart: Kernel/vendor/mediatek/kernel_modules/gpu/gpu_mali/mali_avalon/a16w_jm/drivers/gpu/arm/midgard/mali_kbase_mem_migrate.c
  -- skipped, no counterpart: Kernel/vendor/mediatek/kernel_modules/gpu/gpu_mali/mali_avalon/a16w/drivers/gpu/arm/midgard/mmu/mali_kbase_mmu.c
  -- skipped, no counterpart: Kernel/vendor/mediatek/kernel_modules/gpu/gpu_mali/mali_avalon/a16w/drivers/gpu/arm/midgard/csf/mali_kbase_csf_cpu_queue.c
  -- skipped, no counterpart: Kernel/vendor/mediatek/kernel_modules/gpu/gpu_mali/mali_avalon/a16w/drivers/gpu/arm/midgard/mali_kbase_mem.h
  -- skipped, no counterpart: Kernel/vendor/mediatek/kernel_modules/gpu/gpu_mali/mali_avalon/a16w/drivers/gpu/arm/midgard/mali_kbase_mem_linux.c
  -- skipped, no counterpart: Kernel/vendor/mediatek/kernel_modules/gpu/gpu_mali/mali_avalon/a16w/drivers/gpu/arm/midgard/mali_kbase_mem_pool.c
  -- skipped, no counterpart: Kernel/vendor/mediatek/kernel_modules/gpu/gpu_mali/mali_avalon/a16w/drivers/gpu/arm/midgard/mali_kbase_mem_migrate.c
  -- skipped, no counterpart: Kernel/kernel/kernel_device_modules-6.12/arch/arm64/boot/dts/mediatek/mt6789.dts
  -- skipped, no counterpart: Kernel/kernel/kernel_device_modules-6.12/arch/arm64/configs/a07_defconfig
  -- skipped, no counterpart: Kernel/kernel/kernel_device_modules-6.12/drivers/usb/notify/usb_notify.c
  -- skipped, no counterpart: Kernel/kernel/kernel_device_modules-6.12/drivers/usb/notify/usb_notify_sysfs.c
  -- skipped, no counterpart: Kernel/kernel/kernel_device_modules-6.12/drivers/gpu/drm/mediatek/mml/mtk-mml-driver.h
  -- skipped, no counterpart: Kernel/kernel/kernel_device_modules-6.12/drivers/gpu/drm/mediatek/mml/mtk-mml-driver.c
  -- skipped, no counterpart: Kernel/kernel/kernel_device_modules-6.12/drivers/gpu/drm/mediatek/mml/mtk-mml-drm-adaptor.c
  -- skipped, no counterpart: Kernel/kernel/kernel_device_modules-6.12/drivers/gpu/drm/mediatek/mml/mtk-mml-m2m-adaptor.c
  -- skipped, no counterpart: Kernel/kernel/kernel_device_modules-6.12/drivers/gpu/drm/mediatek/mml/mtk-mml-core.c
  -- skipped, no counterpart: Kernel/kernel/kernel_device_modules-6.12/mm/sec_mm/Kconfig
  -- skipped, no counterpart: Kernel/kernel/kernel_device_modules-6.12/mm/sec_mm/sec_mm_tune.c
  overlay: Kernel/kernel-6.12/include/trace/hooks/mm.h  ->  include/trace/hooks/mm.h
  overlay: Kernel/kernel-6.12/security/samsung/defex_lsm/defex_rules.c  ->  security/samsung/defex_lsm/defex_rules.c
  overlay: Kernel/kernel-6.12/drivers/hid/hid-multitouch.c  ->  drivers/hid/hid-multitouch.c
  overlay: Kernel/kernel-6.12/drivers/usb/gadget/function/android_f_accessory.c  ->  drivers/usb/gadget/function/android_f_accessory.c
  overlay: Kernel/kernel-6.12/drivers/android/vendor_hooks.c  ->  drivers/android/vendor_hooks.c
  overlay: Kernel/kernel-6.12/drivers/media/usb/uvc/uvc_driver.c  ->  drivers/media/usb/uvc/uvc_driver.c
  overlay: Kernel/kernel-6.12/mm/page_alloc.c  ->  mm/page_alloc.c
  overlay: Kernel/kernel-6.12/net/tls/tls_strp.c  ->  net/tls/tls_strp.c
  overlay: Kernel/kernel-6.12/net/tls/tls.h  ->  net/tls/tls.h
  overlay: Kernel/kernel-6.12/net/tls/tls_sw.c  ->  net/tls/tls_sw.c
  overlay: Kernel/kernel-6.12/net/vmw_vsock/af_vsock.c  ->  net/vmw_vsock/af_vsock.c
  overlay: Kernel/kernel-6.12/net/unix/af_unix.c  ->  net/unix/af_unix.c
  overlay: Kernel/kernel-6.12/sound/usb/stream.c  ->  sound/usb/stream.c
  -- skipped, no counterpart: A075FXXS5BZD2_kernel.txt
overlaid 13 delta file(s), skipped 23
VERSION = 6
PATCHLEVEL = 12
SUBLEVEL = 23
EXTRAVERSION =
  tree/Kconfig mainmenu: mainmenu "Linux/$(ARCH) $(KERNELVERSION) Kernel Configuration"
kernel tree ready at /home/runner/work/Root-My-GalaxyA075F-Payloads/Root-My-GalaxyA075F-Payloads/tree
checks: 59/59 passed
mkdir -p build/a07-A075FXXS5BZD2
/home/runner/work/Root-My-GalaxyA075F-Payloads/Root-My-GalaxyA075F-Payloads/android-ndk-r29/toolchains/llvm/prebuilt/linux-x86_64/bin/aarch64-linux-android35-clang -DAPP_PAYLOAD=1  -fPIC -Oz -g0 \
  -fno-unwind-tables -fno-asynchronous-unwind-tables \
  -ffunction-sections -fdata-sections \
  -Wall -Wextra -Wno-unused-parameter -Wno-sign-compare \
  -Isrc -DTARGET_HEADER='"targets/a07-A075FXXS5BZD2/target.h"' \
   \
  src/main.c src/util.c src/slide_app.c src/fops.c src/pipe.c src/root.c src/preload.c -shared -pthread \
  -Wl,--gc-sections -Wl,--icf=all -s -o build/a07-A075FXXS5BZD2/cve-2026-43499-app.release.so
truncate -s 104128 build/a07-A075FXXS5BZD2/cve-2026-43499-app.release.so
release .so: 104128 bytes
total 96
-rw-r--r-- 1 runner runner 104128 Oct  4 04:54 cve-2026-43499-app.so
3635601eb4ceb9cde6797726bbc25c3e3966fe76958936e027fb52dead69f33d  artifacts/a07-A075FXXS5BZD2/cve-2026-43499-app.so
  HOSTCC  scripts/basic/fixdep
  HOSTCC  scripts/kconfig/conf.o
  HOSTCC  scripts/kconfig/confdata.o
  HOSTCC  scripts/kconfig/expr.o
  LEX     scripts/kconfig/lexer.lex.c
  YACC    scripts/kconfig/parser.tab.[ch]
  HOSTCC  scripts/kconfig/lexer.lex.o
  HOSTCC  scripts/kconfig/menu.o
  HOSTCC  scripts/kconfig/parser.tab.o
  HOSTCC  scripts/kconfig/preprocess.o
  HOSTCC  scripts/kconfig/symbol.o
  HOSTCC  scripts/kconfig/util.o
  HOSTLD  scripts/kconfig/conf
#
# configuration written to .config
#
  UPD     include/config/kernel.release
resolved utsrelease: 6.12.23-android16-5-abA075FXXS5BZD2-4k
CONFIG_MODULES=y
CONFIG_MODVERSIONS=y
CONFIG_EXT4_FS=y
CONFIG_KPROBES=y
using Android clang r536225
clang smoke test passed
Note: switching to 'b0bc817b4e966aa6aa830834eaf6ef765d821d40'.

You are in 'detached HEAD' state. You can look around, make experimental
changes and commit them, and you can discard any commits you make in this
state without impacting any branches by switching back to a branch.

If you want to create a new branch to retain commits you create, you may
do so (now or later) by using -c with the switch command. Example:

  git switch -c <new-branch-name>

Or undo this operation with:

  git switch -

Turn off this advice by setting config variable advice.detachedHead to false

KernelSU v3.2.5
tree/drivers/Makefile:199:obj-$(CONFIG_KSU) += kernelsu/
tree/drivers/Kconfig:248:source "drivers/kernelsu/Kconfig"
#
# configuration written to .config
#
.config:6982:CONFIG_KSU=m
.config:6983:# CONFIG_KSU_DEBUG is not set
.config:6984:# CONFIG_KSU_DISABLE_MANAGER is not set
.config:6985:# CONFIG_KSU_DISABLE_POLICY is not set
  SYNC    include/config/auto.conf.cmd
  WRAP    arch/arm64/include/generated/uapi/asm/kvm_para.h
  HOSTCC  arch/arm64/tools/gen-hyprel
  WRAP    arch/arm64/include/generated/uapi/asm/errno.h
  WRAP    arch/arm64/include/generated/uapi/asm/ioctl.h
  WRAP    arch/arm64/include/generated/uapi/asm/ioctls.h
  WRAP    arch/arm64/include/generated/uapi/asm/ipcbuf.h
  WRAP    arch/arm64/include/generated/uapi/asm/msgbuf.h
  WRAP    arch/arm64/include/generated/uapi/asm/poll.h
  WRAP    arch/arm64/include/generated/uapi/asm/resource.h
  WRAP    arch/arm64/include/generated/uapi/asm/sembuf.h
  UPD     include/generated/uapi/linux/version.h
  WRAP    arch/arm64/include/generated/uapi/asm/shmbuf.h
  WRAP    arch/arm64/include/generated/uapi/asm/siginfo.h
  HOSTCC  scripts/dtc/dtc.o
  WRAP    arch/arm64/include/generated/uapi/asm/sockios.h
  WRAP    arch/arm64/include/generated/uapi/asm/socket.h
  WRAP    arch/arm64/include/generated/uapi/asm/stat.h
  WRAP    arch/arm64/include/generated/uapi/asm/swab.h
  WRAP    arch/arm64/include/generated/uapi/asm/termbits.h
  WRAP    arch/arm64/include/generated/uapi/asm/termios.h
  UPD     include/generated/utsrelease.h
  WRAP    arch/arm64/include/generated/uapi/asm/types.h
  SYSHDR  arch/arm64/include/generated/uapi/asm/unistd_64.h
  UPD     include/generated/compile.h
  HOSTCC  scripts/dtc/flattree.o
  HOSTCC  scripts/dtc/fstree.o
  HOSTCC  scripts/dtc/data.o
  HOSTCC  scripts/dtc/livetree.o
  HOSTCC  scripts/unifdef
  WRAP    arch/arm64/include/generated/asm/early_ioremap.h
  WRAP    arch/arm64/include/generated/asm/mcs_spinlock.h
  WRAP    arch/arm64/include/generated/asm/mmzone.h
  WRAP    arch/arm64/include/generated/asm/qrwlock.h
  WRAP    arch/arm64/include/generated/asm/qspinlock.h
  WRAP    arch/arm64/include/generated/asm/parport.h
  WRAP    arch/arm64/include/generated/asm/user.h
  WRAP    arch/arm64/include/generated/asm/delay.h
  WRAP    arch/arm64/include/generated/asm/div64.h
  WRAP    arch/arm64/include/generated/asm/dma-mapping.h
  WRAP    arch/arm64/include/generated/asm/dma.h
  WRAP    arch/arm64/include/generated/asm/emergency-restart.h
  WRAP    arch/arm64/include/generated/asm/hw_irq.h
  WRAP    arch/arm64/include/generated/asm/irq_regs.h
  WRAP    arch/arm64/include/generated/asm/kdebug.h
  WRAP    arch/arm64/include/generated/asm/kmap_size.h
  HOSTCC  scripts/dtc/treesource.o
  WRAP    arch/arm64/include/generated/asm/local.h
  WRAP    arch/arm64/include/generated/asm/local64.h
  WRAP    arch/arm64/include/generated/asm/mmiowb.h
  WRAP    arch/arm64/include/generated/asm/msi.h
  WRAP    arch/arm64/include/generated/asm/serial.h
  WRAP    arch/arm64/include/generated/asm/softirq_stack.h
  WRAP    arch/arm64/include/generated/asm/switch_to.h
  WRAP    arch/arm64/include/generated/asm/trace_clock.h
  WRAP    arch/arm64/include/generated/asm/vga.h
  WRAP    arch/arm64/include/generated/asm/video.h
  SYSTBL  arch/arm64/include/generated/asm/syscall_table_32.h
  SYSTBL  arch/arm64/include/generated/asm/syscall_table_64.h
  SYSHDR  arch/arm64/include/generated/asm/unistd_32.h
  SYSHDR  arch/arm64/include/generated/asm/unistd_compat_32.h
  HOSTCC  scripts/dtc/srcpos.o
  HOSTCC  scripts/dtc/checks.o
  HOSTCC  scripts/dtc/util.o
  HDRINST usr/include/asm-generic/mman.h
  HDRINST usr/include/asm-generic/sembuf.h
  HDRINST usr/include/asm-generic/ipcbuf.h
  HDRINST usr/include/asm-generic/posix_types.h
  HDRINST usr/include/asm-generic/bitsperlong.h
  LEX     scripts/dtc/dtc-lexer.lex.c
  HDRINST usr/include/asm-generic/types.h
  HDRINST usr/include/asm-generic/termios.h
  HDRINST usr/include/asm-generic/errno-base.h
  YACC    scripts/dtc/dtc-parser.tab.[ch]
  HDRINST usr/include/asm-generic/termbits.h
  HDRINST usr/include/asm-generic/stat.h
  HDRINST usr/include/asm-generic/socket.h
  HDRINST usr/include/asm-generic/kvm_para.h
  HOSTCC  scripts/dtc/libfdt/fdt.o
  HDRINST usr/include/asm-generic/errno.h
  HDRINST usr/include/asm-generic/fcntl.h
  HDRINST usr/include/asm-generic/swab.h
  HDRINST usr/include/asm-generic/ioctls.h
  HDRINST usr/include/asm-generic/ioctl.h
  HDRINST usr/include/asm-generic/setup.h
  HDRINST usr/include/asm-generic/statfs.h
  HOSTCC  scripts/dtc/libfdt/fdt_ro.o
  HDRINST usr/include/asm-generic/mman-common.h
  HOSTCC  scripts/dtc/libfdt/fdt_wip.o
  HDRINST usr/include/asm-generic/unistd.h
  HDRINST usr/include/asm-generic/auxvec.h
  HDRINST usr/include/asm-generic/signal.h
  HDRINST usr/include/asm-generic/int-ll64.h
  HOSTCC  scripts/dtc/libfdt/fdt_sw.o
  HDRINST usr/include/asm-generic/resource.h
  HDRINST usr/include/asm-generic/termbits-common.h
  HDRINST usr/include/asm-generic/int-l64.h
  HOSTCC  scripts/dtc/libfdt/fdt_rw.o
  HDRINST usr/include/asm-generic/shmbuf.h
  HDRINST usr/include/asm-generic/signal-defs.h
  HDRINST usr/include/asm-generic/hugetlb_encode.h
  HDRINST usr/include/asm-generic/bpf_perf_event.h
  HDRINST usr/include/asm-generic/param.h
  HDRINST usr/include/asm-generic/msgbuf.h
  HOSTCC  scripts/dtc/libfdt/fdt_strerror.o
  HDRINST usr/include/asm-generic/poll.h
  HDRINST usr/include/asm-generic/ucontext.h
  HDRINST usr/include/asm-generic/siginfo.h
  HOSTCC  scripts/dtc/libfdt/fdt_empty_tree.o
  HDRINST usr/include/asm-generic/sockios.h
  HOSTCC  scripts/dtc/libfdt/fdt_addresses.o
  HDRINST usr/include/drm/vc4_drm.h
  HDRINST usr/include/drm/msm_drm.h
  HOSTCC  scripts/dtc/libfdt/fdt_overlay.o
  HOSTCC  scripts/dtc/fdtoverlay.o
  HDRINST usr/include/drm/drm_mode.h
  HDRINST usr/include/drm/tegra_drm.h
  HOSTCC  scripts/dtc/dtc-lexer.lex.o
  HDRINST usr/include/drm/armada_drm.h
  HDRINST usr/include/drm/drm_sarea.h
  HDRINST usr/include/drm/lima_drm.h
  HDRINST usr/include/drm/nouveau_drm.h
  HOSTCC  scripts/dtc/dtc-parser.tab.o
  HDRINST usr/include/drm/etnaviv_drm.h
  HDRINST usr/include/drm/drm.h
  HDRINST usr/include/drm/amdgpu_drm.h
  HDRINST usr/include/drm/vmwgfx_drm.h
  HOSTLD  scripts/dtc/fdtoverlay
  HDRINST usr/include/drm/panfrost_drm.h
  HDRINST usr/include/drm/panthor_drm.h
  HDRINST usr/include/drm/radeon_drm.h
  HDRINST usr/include/drm/omap_drm.h
  HDRINST usr/include/drm/qaic_accel.h
  HDRINST usr/include/drm/xe_drm.h
  HDRINST usr/include/drm/vgem_drm.h
  HDRINST usr/include/drm/i915_drm.h
  HDRINST usr/include/drm/v3d_drm.h
  HDRINST usr/include/drm/drm_fourcc.h
  HDRINST usr/include/drm/exynos_drm.h
  HOSTLD  scripts/dtc/dtc
  HDRINST usr/include/drm/ivpu_accel.h
  HDRINST usr/include/drm/habanalabs_accel.h
  HDRINST usr/include/drm/pvr_drm.h
  HDRINST usr/include/drm/virtgpu_drm.h
  HDRINST usr/include/drm/qxl_drm.h
  HDRINST usr/include/linux/mman.h
  HDRINST usr/include/linux/tty.h
  HOSTCC  scripts/genksyms/genksyms.o
  HOSTCC  scripts/selinux/genheaders/genheaders
  YACC    scripts/genksyms/parse.tab.[ch]
  HDRINST usr/include/linux/netfilter_arp.h
  HDRINST usr/include/linux/in.h
  HDRINST usr/include/linux/pcitest.h
  HDRINST usr/include/linux/virtio_ids.h
  HDRINST usr/include/linux/nfs2.h
  HDRINST usr/include/linux/uhid.h
  HDRINST usr/include/linux/if_vlan.h
  HDRINST usr/include/linux/kernel-page-flags.h
  HOSTCC  scripts/selinux/mdp/mdp
  HDRINST usr/include/linux/quota.h
  HDRINST usr/include/linux/netfilter.h
  HDRINST usr/include/linux/tps6594_pfsm.h
  HOSTCC  scripts/kallsyms
  HDRINST usr/include/linux/timerfd.h
  LEX     scripts/genksyms/lex.lex.c
  HDRINST usr/include/linux/bpf.h
  HOSTCC  scripts/genksyms/parse.tab.o
  HOSTCC  scripts/genksyms/lex.lex.o
  HDRINST usr/include/linux/kexec.h
  HDRINST usr/include/linux/nfs3.h
  HDRINST usr/include/linux/hdlc.h
  HDRINST usr/include/linux/lp.h
  HDRINST usr/include/linux/vfio_zdev.h
  HDRINST usr/include/linux/sem.h
  HDRINST usr/include/linux/blkzoned.h
  HOSTCC  scripts/sorttable
  HDRINST usr/include/linux/netfilter_bridge/ebt_mark_m.h
  HDRINST usr/include/linux/netfilter_bridge/ebt_ip.h
  HOSTCC  scripts/asn1_compiler
  HDRINST usr/include/linux/netfilter_bridge/ebt_redirect.h
  HDRINST usr/include/linux/netfilter_bridge/ebt_arpreply.h
  HDRINST usr/include/linux/netfilter_bridge/ebt_arp.h
  HDRINST usr/include/linux/netfilter_bridge/ebt_among.h
  HDRINST usr/include/linux/netfilter_bridge/ebt_log.h
  HDRINST usr/include/linux/netfilter_bridge/ebt_pkttype.h
  HDRINST usr/include/linux/netfilter_bridge/ebt_vlan.h
  HDRINST usr/include/linux/netfilter_bridge/ebt_nflog.h
  HDRINST usr/include/linux/netfilter_bridge/ebt_stp.h
  HDRINST usr/include/linux/netfilter_bridge/ebt_mark_t.h
  HDRINST usr/include/linux/netfilter_bridge/ebtables.h
  HOSTLD  scripts/genksyms/genksyms
  HDRINST usr/include/linux/netfilter_bridge/ebt_ip6.h
  HOSTCC  scripts/sign-file
  HDRINST usr/include/linux/netfilter_bridge/ebt_limit.h
  HDRINST usr/include/linux/netfilter_bridge/ebt_802_3.h
  HDRINST usr/include/linux/netfilter_bridge/ebt_nat.h
  HDRINST usr/include/linux/in6.h
  HDRINST usr/include/linux/blkpg.h
  HDRINST usr/include/linux/mmtimer.h
  HDRINST usr/include/linux/nilfs2_ondisk.h
  HDRINST usr/include/linux/sync_file.h
  HDRINST usr/include/linux/virtio_net.h
  HDRINST usr/include/linux/if_bridge.h
  HDRINST usr/include/linux/membarrier.h
  HDRINST usr/include/linux/cachefiles.h
  HDRINST usr/include/linux/udmabuf.h
  HDRINST usr/include/linux/virtio_i2c.h
  HDRINST usr/include/linux/am437x-vpfe.h
  HDRINST usr/include/linux/cryptouser.h
  HDRINST usr/include/linux/virtio_crypto.h
  HDRINST usr/include/linux/pr.h
  HDRINST usr/include/linux/atmsap.h
  HDRINST usr/include/linux/cgroupstats.h
  HDRINST usr/include/linux/adfs_fs.h
  HDRINST usr/include/linux/posix_types.h
  HDRINST usr/include/linux/pfkeyv2.h
  HDRINST usr/include/linux/openat2.h
  HDRINST usr/include/linux/mctp.h
  HDRINST usr/include/linux/aspeed-video.h
  HDRINST usr/include/linux/ethtool_netlink.h
  HDRINST usr/include/linux/if_pppol2tp.h
  HDRINST usr/include/linux/ipv6_route.h
  HDRINST usr/include/linux/cycx_cfm.h
  HDRINST usr/include/linux/types.h
  HDRINST usr/include/linux/vbox_err.h
  HDRINST usr/include/linux/if_ether.h
  HDRINST usr/include/linux/edd.h
  HDRINST usr/include/linux/media.h
  HDRINST usr/include/linux/fuse.h
  HDRINST usr/include/linux/mroute6.h
  GEN     arch/arm64/include/generated/asm/cpucap-defs.h
  HDRINST usr/include/linux/ppp-ioctl.h
  GEN     arch/arm64/include/generated/asm/sysreg-defs.h
  HDRINST usr/include/linux/ivtv.h
  HDRINST usr/include/linux/pps.h
  HDRINST usr/include/linux/atmarp.h
  HDRINST usr/include/linux/vesa.h
  HDRINST usr/include/linux/counter.h
  HDRINST usr/include/linux/futex.h
  HDRINST usr/include/linux/pktcdvd.h
  HDRINST usr/include/linux/if.h
  HDRINST usr/include/linux/termios.h
  HDRINST usr/include/linux/tipc_config.h
  CC      scripts/mod/empty.o
  HDRINST usr/include/linux/ipmi_ssif_bmc.h
  HDRINST usr/include/linux/nexthop.h
  HDRINST usr/include/linux/suspend_ioctls.h
  HOSTCC  scripts/mod/mk_elfconfig
  HDRINST usr/include/linux/misc/bcm_vk.h
  CC      scripts/mod/devicetable-offsets.s
  HDRINST usr/include/linux/cn_proc.h
  HDRINST usr/include/linux/input.h
  HDRINST usr/include/linux/nfc.h
  HDRINST usr/include/linux/nfs_idmap.h
  HDRINST usr/include/linux/rpl_iptunnel.h
  HDRINST usr/include/linux/papr_pdsm.h
  HDRINST usr/include/linux/timex.h
  HDRINST usr/include/linux/netdev.h
  HDRINST usr/include/linux/vt.h
  HDRINST usr/include/linux/veth.h
  HDRINST usr/include/linux/phantom.h
  HDRINST usr/include/linux/netfilter_bridge.h
  MKELF   scripts/mod/elfconfig.h
  HOSTCC  scripts/mod/modpost.o
  HDRINST usr/include/linux/qrtr.h
  HDRINST usr/include/linux/genwqe/genwqe_card.h
  HOSTCC  scripts/mod/sumversion.o
  HDRINST usr/include/linux/ipsec.h
  HDRINST usr/include/linux/can/error.h
  HOSTCC  scripts/mod/symsearch.o
  HDRINST usr/include/linux/can/raw.h
  HDRINST usr/include/linux/can/isotp.h
  HDRINST usr/include/linux/can/netlink.h
  HDRINST usr/include/linux/can/bcm.h
  HDRINST usr/include/linux/can/gw.h
  HDRINST usr/include/linux/can/vxcan.h
  HDRINST usr/include/linux/can/j1939.h
  UPD     scripts/mod/devicetable-offsets.h
  HDRINST usr/include/linux/atm_nicstar.h
  HOSTCC  scripts/mod/file2alias.o
  HDRINST usr/include/linux/firewire-cdev.h
  HDRINST usr/include/linux/rseq.h
  HDRINST usr/include/linux/openvswitch.h
  HDRINST usr/include/linux/netdevice.h
  HDRINST usr/include/linux/hw_breakpoint.h
  HDRINST usr/include/linux/lwtunnel.h
  HDRINST usr/include/linux/auto_dev-ioctl.h
  HDRINST usr/include/linux/keyboard.h
  HDRINST usr/include/linux/unix_diag.h
  HDRINST usr/include/linux/v4l2-controls.h
  HDRINST usr/include/linux/sched.h
  HDRINST usr/include/linux/dma-heap.h
  HDRINST usr/include/linux/atm_idt77105.h
  HDRINST usr/include/linux/hdlcdrv.h
  HDRINST usr/include/linux/nbd-netlink.h
  HDRINST usr/include/linux/vboxguest.h
  HDRINST usr/include/linux/omap3isp.h
  HDRINST usr/include/linux/ipc.h
  HDRINST usr/include/linux/max2175.h
  HDRINST usr/include/linux/virtio_gpio.h
  HDRINST usr/include/linux/usbip.h
  HDRINST usr/include/linux/atm.h
  HDRINST usr/include/linux/vduse.h
  HDRINST usr/include/linux/if_packet.h
  HDRINST usr/include/linux/ndctl.h
  HDRINST usr/include/linux/libc-compat.h
  HDRINST usr/include/linux/lsm.h
  HDRINST usr/include/linux/capability.h
  HDRINST usr/include/linux/rtc.h
  HDRINST usr/include/linux/tls.h
  HDRINST usr/include/linux/random.h
  HDRINST usr/include/linux/mmc/ioctl.h
  HDRINST usr/include/linux/wireless.h
  HDRINST usr/include/linux/if_fddi.h
  HDRINST usr/include/linux/elf-fdpic.h
  HDRINST usr/include/linux/landlock.h
  HDRINST usr/include/linux/map_to_7segment.h
  HDRINST usr/include/linux/stat.h
  HDRINST usr/include/linux/rpl.h
  HDRINST usr/include/linux/rpmsg_types.h
  HDRINST usr/include/linux/if_ltalk.h
  HDRINST usr/include/linux/devlink.h
  HDRINST usr/include/linux/socket.h
  HDRINST usr/include/linux/hsr_netlink.h
  HDRINST usr/include/linux/genetlink.h
  HDRINST usr/include/linux/screen_info.h
  HDRINST usr/include/linux/ila.h
  HDRINST usr/include/linux/smiapp.h
  HDRINST usr/include/linux/snmp.h
  HDRINST usr/include/linux/elf-em.h
  HDRINST usr/include/linux/atmbr2684.h
  HDRINST usr/include/linux/in_route.h
  HDRINST usr/include/linux/gtp.h
  HDRINST usr/include/linux/atmdev.h
  HDRINST usr/include/linux/userio.h
  HDRINST usr/include/linux/ppp-comp.h
  HDRINST usr/include/linux/smc.h
  HDRINST usr/include/linux/nfsacl.h
  HDRINST usr/include/linux/cifs/cifs_mount.h
  HOSTLD  scripts/mod/modpost
  HDRINST usr/include/linux/cifs/cifs_netlink.h
  HDRINST usr/include/linux/v4l2-mediabus.h
  HDRINST usr/include/linux/isst_if.h
  HDRINST usr/include/linux/uio.h
  HDRINST usr/include/linux/rfkill.h
  HDRINST usr/include/linux/blktrace_api.h
  HDRINST usr/include/linux/i2c.h
  HDRINST usr/include/linux/pidfd.h
  HDRINST usr/include/linux/f2fs.h
  HDRINST usr/include/linux/limits.h
  HDRINST usr/include/linux/close_range.h
  HDRINST usr/include/linux/um_timetravel.h
  UPD     include/generated/timeconst.h
  CC      kernel/bounds.s
  CHKSHA1 include/linux/atomic/atomic-arch-fallback.h
  HDRINST usr/include/linux/cramfs_fs.h
  CHKSHA1 include/linux/atomic/atomic-instrumented.h
  HDRINST usr/include/linux/kcmp.h
  CHKSHA1 include/linux/atomic/atomic-long.h
  HDRINST usr/include/linux/sev-guest.h
  HDRINST usr/include/linux/ioprio.h
  HDRINST usr/include/linux/sonypi.h
  HDRINST usr/include/linux/i2c-dev.h
  HDRINST usr/include/linux/reiserfs_fs.h
  HDRINST usr/include/linux/tcp.h
  HDRINST usr/include/linux/vdpa.h
  HDRINST usr/include/linux/netfilter_ipv6/ip6t_frag.h
  HDRINST usr/include/linux/netfilter_ipv6/ip6t_hl.h
  HDRINST usr/include/linux/netfilter_ipv6/ip6t_REJECT.h
  HDRINST usr/include/linux/netfilter_ipv6/ip6t_ipv6header.h
  HDRINST usr/include/linux/netfilter_ipv6/ip6t_NPT.h
  HDRINST usr/include/linux/netfilter_ipv6/ip6t_opts.h
  HDRINST usr/include/linux/netfilter_ipv6/ip6t_mh.h
  HDRINST usr/include/linux/netfilter_ipv6/ip6t_srh.h
  HDRINST usr/include/linux/netfilter_ipv6/ip6_tables.h
  HDRINST usr/include/linux/netfilter_ipv6/ip6t_LOG.h
  HDRINST usr/include/linux/netfilter_ipv6/ip6t_rt.h
  HDRINST usr/include/linux/netfilter_ipv6/ip6t_ah.h
  HDRINST usr/include/linux/netfilter_ipv6/ip6t_HL.h
  HDRINST usr/include/linux/kcm.h
  HDRINST usr/include/linux/switchtec_ioctl.h
  UPD     include/generated/bounds.h
  HDRINST usr/include/linux/amt.h
  CC      arch/arm64/kernel/asm-offsets.s
  HDRINST usr/include/linux/dw100.h
  HDRINST usr/include/linux/reiserfs_xattr.h
  HDRINST usr/include/linux/dns_resolver.h
  HDRINST usr/include/linux/npcm-video.h
  HDRINST usr/include/linux/nfsd/cld.h
  HDRINST usr/include/linux/nfsd/debug.h
  HDRINST usr/include/linux/nfsd/stats.h
  HDRINST usr/include/linux/nfsd/export.h
  HDRINST usr/include/linux/selinux_netlink.h
  HDRINST usr/include/linux/ptp_clock.h
  HDRINST usr/include/linux/kfd_sysfs.h
  HDRINST usr/include/linux/x25.h
  HDRINST usr/include/linux/bcm933xx_hcs.h
  HDRINST usr/include/linux/loop.h
  HDRINST usr/include/linux/nfs.h
  HDRINST usr/include/linux/arm_sdei.h
  HDRINST usr/include/linux/acct.h
  HDRINST usr/include/linux/hyperv.h
  HDRINST usr/include/linux/nl80211.h
  HDRINST usr/include/linux/if_x25.h
  HDRINST usr/include/linux/utime.h
  HDRINST usr/include/linux/kvm_para.h
  HDRINST usr/include/linux/ext4.h
  HDRINST usr/include/linux/kernelcapi.h
  HDRINST usr/include/linux/auto_fs4.h
  HDRINST usr/include/linux/ife.h
  HDRINST usr/include/linux/if_team.h
  HDRINST usr/include/linux/virtio_pci.h
  HDRINST usr/include/linux/eventpoll.h
  HDRINST usr/include/linux/tdx-guest.h
  HDRINST usr/include/linux/fdreg.h
  HDRINST usr/include/linux/tc_act/tc_gate.h
  HDRINST usr/include/linux/tc_act/tc_sample.h
  HDRINST usr/include/linux/tc_act/tc_tunnel_key.h
  HDRINST usr/include/linux/tc_act/tc_ife.h
  HDRINST usr/include/linux/tc_act/tc_skbedit.h
  HDRINST usr/include/linux/tc_act/tc_mirred.h
  HDRINST usr/include/linux/tc_act/tc_mpls.h
  HDRINST usr/include/linux/tc_act/tc_pedit.h
  HDRINST usr/include/linux/tc_act/tc_csum.h
  HDRINST usr/include/linux/tc_act/tc_defact.h
  HDRINST usr/include/linux/tc_act/tc_vlan.h
  HDRINST usr/include/linux/tc_act/tc_ctinfo.h
  HDRINST usr/include/linux/tc_act/tc_gact.h
  HDRINST usr/include/linux/tc_act/tc_nat.h
  HDRINST usr/include/linux/tc_act/tc_ct.h
  HDRINST usr/include/linux/tc_act/tc_skbmod.h
  HDRINST usr/include/linux/tc_act/tc_bpf.h
  HDRINST usr/include/linux/tc_act/tc_connmark.h
  HDRINST usr/include/linux/if_cablemodem.h
  HDRINST usr/include/linux/memfd.h
  HDRINST usr/include/linux/kd.h
  HDRINST usr/include/linux/pkt_cls.h
  HDRINST usr/include/linux/virtio_pmem.h
  HDRINST usr/include/linux/scc.h
  HDRINST usr/include/linux/kdev_t.h
  HDRINST usr/include/linux/xdp_diag.h
  HDRINST usr/include/linux/dlm.h
  HDRINST usr/include/linux/nfsd_netlink.h
  HDRINST usr/include/linux/fs.h
  HDRINST usr/include/linux/uinput.h
  HDRINST usr/include/linux/netlink.h
  HDRINST usr/include/linux/errqueue.h
  HDRINST usr/include/linux/tiocl.h
  HDRINST usr/include/linux/wait.h
  HDRINST usr/include/linux/if_arp.h
  HDRINST usr/include/linux/atmlec.h
  HDRINST usr/include/linux/xfrm.h
  HDRINST usr/include/linux/virtio_iommu.h
  HDRINST usr/include/linux/nl80211-vnd-intel.h
  HDRINST usr/include/linux/if_ppp.h
  HDRINST usr/include/linux/if_addrlabel.h
  HDRINST usr/include/linux/ppdev.h
  HDRINST usr/include/linux/cec-funcs.h
  HDRINST usr/include/linux/ioam6_genl.h
  HDRINST usr/include/linux/i8k.h
  HDRINST usr/include/linux/joystick.h
  HDRINST usr/include/linux/personality.h
  HDRINST usr/include/linux/mrp_bridge.h
  HDRINST usr/include/linux/mdio.h
  HDRINST usr/include/linux/if_slip.h
  HDRINST usr/include/linux/qnxtypes.h
  HDRINST usr/include/linux/hsi/hsi_char.h
  HDRINST usr/include/linux/hsi/cs-protocol.h
  HDRINST usr/include/linux/vm_sockets.h
  HDRINST usr/include/linux/atalk.h
  HDRINST usr/include/linux/netfilter_ipv4.h
  HDRINST usr/include/linux/virtio_mmio.h
  HDRINST usr/include/linux/v4l2-subdev.h
  HDRINST usr/include/linux/thermal.h
  HDRINST usr/include/linux/ccs.h
  HDRINST usr/include/linux/wireguard.h
  HDRINST usr/include/linux/sound.h
  HDRINST usr/include/linux/if_hippi.h
  HDRINST usr/include/linux/netfilter_arp/arpt_mangle.h
  HDRINST usr/include/linux/netfilter_arp/arp_tables.h
  HDRINST usr/include/linux/kernel.h
  HDRINST usr/include/linux/errno.h
  HDRINST usr/include/linux/ioam6_iptunnel.h
  HDRINST usr/include/linux/fd.h
  HDRINST usr/include/linux/msg.h
  HDRINST usr/include/linux/mptcp.h
  HDRINST usr/include/linux/icmp.h
  HDRINST usr/include/linux/fcntl.h
  HDRINST usr/include/linux/dlmconstants.h
  HDRINST usr/include/linux/icmpv6.h
  HDRINST usr/include/linux/atm_zatm.h
  HDRINST usr/include/linux/if_alg.h
  HDRINST usr/include/linux/gameport.h
  HDRINST usr/include/linux/vmcore.h
  HDRINST usr/include/linux/exfat.h
  HDRINST usr/include/linux/swab.h
  HDRINST usr/include/linux/if_bonding.h
  HDRINST usr/include/linux/usb/ch9.h
  HDRINST usr/include/linux/usb/ch11.h
  HDRINST usr/include/linux/usb/audio.h
  HDRINST usr/include/linux/usb/video.h
  HDRINST usr/include/linux/usb/charger.h
  HDRINST usr/include/linux/usb/android_accessory.h
  HDRINST usr/include/linux/usb/midi.h
  HDRINST usr/include/linux/usb/cdc-wdm.h
  HDRINST usr/include/linux/usb/g_printer.h
  HDRINST usr/include/linux/usb/gadgetfs.h
  HDRINST usr/include/linux/usb/g_hid.h
  HDRINST usr/include/linux/usb/cdc.h
  HDRINST usr/include/linux/usb/g_uvc.h
  HDRINST usr/include/linux/usb/tmc.h
  HDRINST usr/include/linux/usb/raw_gadget.h
  HDRINST usr/include/linux/usb/functionfs.h
  HDRINST usr/include/linux/fscrypt.h
  HDRINST usr/include/linux/sched/types.h
  HDRINST usr/include/linux/ioctl.h
  HDRINST usr/include/linux/stm.h
  HDRINST usr/include/linux/fou.h
  HDRINST usr/include/linux/iommufd.h
  HDRINST usr/include/linux/uleds.h
  HDRINST usr/include/linux/xilinx-v4l2-controls.h
  HDRINST usr/include/linux/thp7312.h
  HDRINST usr/include/linux/pci.h
  HDRINST usr/include/linux/serial.h
  HDRINST usr/include/linux/gzvm.h
  HDRINST usr/include/linux/atmioc.h
  HDRINST usr/include/linux/virtio_pcidev.h
  HDRINST usr/include/linux/ipmi.h
  HDRINST usr/include/linux/igmp.h
  HDRINST usr/include/linux/rds.h
  HDRINST usr/include/linux/magic.h
  HDRINST usr/include/linux/v4l2-common.h
  HDRINST usr/include/linux/kcov.h
  HDRINST usr/include/linux/ptrace.h
  HDRINST usr/include/linux/aspeed-p2a-ctrl.h
  HDRINST usr/include/linux/rose.h
  HDRINST usr/include/linux/nfs_mount.h
  HDRINST usr/include/linux/agpgart.h
  HDRINST usr/include/linux/netlink_diag.h
  HDRINST usr/include/linux/fsl_mc.h
  HDRINST usr/include/linux/sysctl.h
  HDRINST usr/include/linux/msdos_fs.h
  HDRINST usr/include/linux/dlm_plock.h
  HDRINST usr/include/linux/if_macsec.h
  HDRINST usr/include/linux/if_eql.h
  HDRINST usr/include/linux/mei_uuid.h
  HDRINST usr/include/linux/aio_abi.h
  HDRINST usr/include/linux/map_to_14segment.h
  HDRINST usr/include/linux/virtio_snd.h
  HDRINST usr/include/linux/minix_fs.h
  HDRINST usr/include/linux/psample.h
  HDRINST usr/include/linux/mpls_iptunnel.h
  HDRINST usr/include/linux/nfs4_mount.h
  HDRINST usr/include/linux/dm-user.h
  HDRINST usr/include/linux/gen_stats.h
  HDRINST usr/include/linux/loadpin.h
  HDRINST usr/include/linux/fsl_hypervisor.h
  HDRINST usr/include/linux/ip.h
  HDRINST usr/include/linux/i2o-dev.h
  HDRINST usr/include/linux/adb.h
  HDRINST usr/include/linux/usbdevice_fs.h
  HDRINST usr/include/linux/falloc.h
  HDRINST usr/include/linux/fb.h
  HDRINST usr/include/linux/handshake.h
  HDRINST usr/include/linux/ipmi_msgdefs.h
  HDRINST usr/include/linux/net_namespace.h
  HDRINST usr/include/linux/tee.h
  HDRINST usr/include/linux/baycom.h
  HDRINST usr/include/linux/psp-dbc.h
  HDRINST usr/include/linux/qemu_fw_cfg.h
  HDRINST usr/include/linux/string.h
  HDRINST usr/include/linux/target_core_user.h
  HDRINST usr/include/linux/prctl.h
  HDRINST usr/include/linux/major.h
  HDRINST usr/include/linux/neighbour.h
  HDRINST usr/include/linux/unistd.h
  HDRINST usr/include/linux/vsockmon.h
  HDRINST usr/include/linux/time_types.h
  HDRINST usr/include/linux/if_arcnet.h
  HDRINST usr/include/linux/netconf.h
  HDRINST usr/include/linux/watchdog.h
  HDRINST usr/include/linux/audit.h
  HDRINST usr/include/linux/batadv_packet.h
  HDRINST usr/include/linux/romfs_fs.h
  HDRINST usr/include/linux/virtio_balloon.h
  HDRINST usr/include/linux/android/binderfs.h
  UPD     include/generated/asm-offsets.h
  HDRINST usr/include/linux/android/binder.h
  HDRINST usr/include/linux/hdreg.h
  CALL    scripts/checksyscalls.sh
  HDRINST usr/include/linux/toshiba.h
  HDRINST usr/include/linux/dm-log-userspace.h
  HDRINST usr/include/linux/cuda.h
  HDRINST usr/include/linux/mpls.h
  HDRINST usr/include/linux/io_uring.h
  HDRINST usr/include/linux/rio_mport_cdev.h
  HDRINST usr/include/linux/virtio_console.h
  HDRINST usr/include/linux/spi/spidev.h
  HDRINST usr/include/linux/spi/spi.h
  HDRINST usr/include/linux/nsfs.h
  HDRINST usr/include/linux/ivtvfb.h
  HDRINST usr/include/linux/cdrom.h
  HDRINST usr/include/linux/trace_mmap.h
  HDRINST usr/include/linux/tcp_metrics.h
  LDS     arch/arm64/kernel/vdso/vdso.lds
  CC      arch/arm64/kernel/vdso/vgettimeofday.o
  HDRINST usr/include/linux/vfio_ccw.h
  HDRINST usr/include/linux/auxvec.h
  AS      arch/arm64/kernel/vdso/note.o
  AS      arch/arm64/kernel/vdso/sigreturn.o
  HDRINST usr/include/linux/signal.h
  HDRINST usr/include/linux/surface_aggregator/cdev.h
  HDRINST usr/include/linux/surface_aggregator/dtx.h
  HDRINST usr/include/linux/hash_info.h
  HDRINST usr/include/linux/phonet.h
  CC      arch/arm64/kernel/vdso/vgetrandom.o
  AS      arch/arm64/kernel/vdso/vgetrandom-chacha.o
  HDRINST usr/include/linux/shm.h
  HDRINST usr/include/linux/ax25.h
  HDRINST usr/include/linux/times.h
  HDRINST usr/include/linux/fsverity.h
  HDRINST usr/include/linux/remoteproc_cdev.h
  HDRINST usr/include/linux/fsmap.h
  HDRINST usr/include/linux/route.h
  HDRINST usr/include/linux/virtio_vsock.h
  HDRINST usr/include/linux/serial_core.h
  HDRINST usr/include/linux/seg6.h
  HDRINST usr/include/linux/bpqether.h
  HDRINST usr/include/linux/sctp.h
  HDRINST usr/include/linux/atm_tcp.h
  HDRINST usr/include/linux/sock_diag.h
  HDRINST usr/include/linux/pfrut.h
  HDRINST usr/include/linux/perf_event.h
  HDRINST usr/include/linux/resource.h
  HDRINST usr/include/linux/iso_fs.h
  HDRINST usr/include/linux/watch_queue.h
  HDRINST usr/include/linux/vm_sockets_diag.h
  HDRINST usr/include/linux/nsm.h
  HDRINST usr/include/linux/fiemap.h
  HDRINST usr/include/linux/byteorder/big_endian.h
  HDRINST usr/include/linux/byteorder/little_endian.h
  HDRINST usr/include/linux/affs_hardblocks.h
  HDRINST usr/include/linux/btf.h
  HDRINST usr/include/linux/input-event-codes.h
  HDRINST usr/include/linux/virtio_gpu.h
  HDRINST usr/include/linux/smc_diag.h
  HDRINST usr/include/linux/nitro_enclaves.h
  HDRINST usr/include/linux/hidraw.h
  HDRINST usr/include/linux/oom.h
  HDRINST usr/include/linux/sed-opal.h
  HDRINST usr/include/linux/kfd_ioctl.h
  HDRINST usr/include/linux/atm_eni.h
  HDRINST usr/include/linux/fadvise.h
  HDRINST usr/include/linux/videodev2.h
  HDRINST usr/include/linux/if_tun.h
  HDRINST usr/include/linux/nvram.h
  HDRINST usr/include/linux/stddef.h
  HDRINST usr/include/linux/isdn/capicmd.h
  HDRINST usr/include/linux/gpio.h
  HDRINST usr/include/linux/ppp_defs.h
  HDRINST usr/include/linux/ip6_tunnel.h
  HDRINST usr/include/linux/ip_vs.h
  HDRINST usr/include/linux/omapfb.h
  HDRINST usr/include/linux/serial_reg.h
  HDRINST usr/include/linux/netfilter_ipv4/ipt_TTL.h
  HDRINST usr/include/linux/netfilter_ipv4/ip_tables.h
  HDRINST usr/include/linux/netfilter_ipv4/ipt_LOG.h
  HDRINST usr/include/linux/netfilter_ipv4/ipt_CLUSTERIP.h
  HDRINST usr/include/linux/netfilter_ipv4/ipt_ah.h
  HDRINST usr/include/linux/netfilter_ipv4/ipt_ecn.h
  HDRINST usr/include/linux/netfilter_ipv4/ipt_ttl.h
  HDRINST usr/include/linux/netfilter_ipv4/ipt_ECN.h
  HDRINST usr/include/linux/netfilter_ipv4/ipt_REJECT.h
  HDRINST usr/include/linux/taskstats.h
  HDRINST usr/include/linux/patchkey.h
  HDRINST usr/include/linux/bpf_common.h
  HDRINST usr/include/linux/caif/if_caif.h
  HDRINST usr/include/linux/caif/caif_socket.h
  HDRINST usr/include/linux/time.h
  HDRINST usr/include/linux/nfs4.h
  HDRINST usr/include/linux/cxl_mem.h
  HDRINST usr/include/linux/sonet.h
  HDRINST usr/include/linux/psci.h
  HDRINST usr/include/linux/virtio_input.h
  HDRINST usr/include/linux/soundcard.h
  HDRINST usr/include/linux/can.h
  HDRINST usr/include/linux/media-bus-format.h
  HDRINST usr/include/linux/mii.h
  HDRINST usr/include/linux/netfilter_ipv6.h
  HDRINST usr/include/linux/if_xdp.h
  HDRINST usr/include/linux/rxrpc.h
  HDRINST usr/include/linux/fpga-dfl.h
  HDRINST usr/include/linux/nvme_ioctl.h
  HDRINST usr/include/linux/coda.h
  HDRINST usr/include/linux/tipc_sockets_diag.h
  HDRINST usr/include/linux/inotify.h
  HDRINST usr/include/linux/v4l2-dv-timings.h
  HDRINST usr/include/linux/module.h
  HDRINST usr/include/linux/utsname.h
  HDRINST usr/include/linux/rpmsg.h
  HDRINST usr/include/linux/virtio_9p.h
  HDRINST usr/include/linux/dccp.h
  HDRINST usr/include/linux/seg6_hmac.h
  HDRINST usr/include/linux/scif_ioctl.h
  HDRINST usr/include/linux/cciss_ioctl.h
  HDRINST usr/include/linux/vhost_types.h
  HDRINST usr/include/linux/batman_adv.h
  HDRINST usr/include/linux/nbd.h
  HDRINST usr/include/linux/bt-bmc.h
  HDRINST usr/include/linux/udf_fs_i.h
  HDRINST usr/include/linux/if_phonet.h
  HDRINST usr/include/linux/cyclades.h
  HDRINST usr/include/linux/atmsvc.h
  HDRINST usr/include/linux/tty_flags.h
  HDRINST usr/include/linux/dvb/osd.h
  HDRINST usr/include/linux/dvb/audio.h
  HDRINST usr/include/linux/dvb/video.h
  HDRINST usr/include/linux/dvb/dmx.h
  HDRINST usr/include/linux/dvb/frontend.h
  HDRINST usr/include/linux/dvb/ca.h
  HDRINST usr/include/linux/dvb/net.h
  HDRINST usr/include/linux/dvb/version.h
  HDRINST usr/include/linux/atmppp.h
  HDRINST usr/include/linux/matroxfb.h
  HDRINST usr/include/linux/virtio_types.h
  HDRINST usr/include/linux/dm-ioctl.h
  HDRINST usr/include/linux/eventfd.h
  HDRINST usr/include/linux/tipc.h
  LD      arch/arm64/kernel/vdso/vdso.so.dbg
  HDRINST usr/include/linux/securebits.h
  HDRINST usr/include/linux/zorro_ids.h
  HDRINST usr/include/linux/wmi.h
  VDSOSYM include/generated/vdso-offsets.h
  HDRINST usr/include/linux/bits.h
  OBJCOPY arch/arm64/kernel/vdso/vdso.so
  HDRINST usr/include/linux/bfs_fs.h
  HDRINST usr/include/linux/posix_acl.h
  HDRINST usr/include/linux/kvm.h
  HDRINST usr/include/linux/dlm_device.h
  HDRINST usr/include/linux/btrfs_tree.h
  HDRINST usr/include/linux/gfs2_ondisk.h
  HDRINST usr/include/linux/un.h
  HDRINST usr/include/linux/parport.h
  HDRINST usr/include/linux/ultrasound.h
  HDRINST usr/include/linux/coresight-stm.h
  HDRINST usr/include/linux/seccomp.h
  HDRINST usr/include/linux/btrfs.h
  HDRINST usr/include/linux/pmu.h
  HDRINST usr/include/linux/idxd.h
  HDRINST usr/include/linux/fib_rules.h
  HDRINST usr/include/linux/udp.h
  HDRINST usr/include/linux/atmmpc.h
  HDRINST usr/include/linux/fsi.h
  HDRINST usr/include/linux/virtio_scmi.h
  HDRINST usr/include/linux/virtio_rng.h
  HDRINST usr/include/linux/rio_cm_cdev.h
  HDRINST usr/include/linux/uvcvideo.h
  HDRINST usr/include/linux/nfs_fs.h
  HDRINST usr/include/linux/hiddev.h
  HDRINST usr/include/linux/jffs2.h
  HDRINST usr/include/linux/bpf_perf_event.h
  HDRINST usr/include/linux/atm_he.h
  HDRINST usr/include/linux/lirc.h
  HDRINST usr/include/linux/ublk_cmd.h
  HDRINST usr/include/linux/cfm_bridge.h
  HDRINST usr/include/linux/ethtool.h
  HDRINST usr/include/linux/psp-sev.h
  HDRINST usr/include/linux/virtio_blk.h
  HDRINST usr/include/linux/seg6_genl.h
  HDRINST usr/include/linux/userfaultfd.h
  HDRINST usr/include/linux/virtio_fs.h
  HDRINST usr/include/linux/raid/md_p.h
  HDRINST usr/include/linux/raid/md_u.h
  HDRINST usr/include/linux/mroute.h
  LDS     arch/arm64/kernel/vdso32/vdso.lds
  CC32    arch/arm64/kernel/vdso32/note.o
  CC32    arch/arm64/kernel/vdso32/vgettimeofday.o
  HDRINST usr/include/linux/mei.h
  HDRINST usr/include/linux/param.h
  HDRINST usr/include/linux/dma-buf.h
  HDRINST usr/include/linux/keyctl.h
  HOSTCC  arch/arm64/kernel/vdso32/../../../arm/vdso/vdsomunge
  HDRINST usr/include/linux/tc_ematch/tc_em_cmp.h
  HDRINST usr/include/linux/tc_ematch/tc_em_text.h
  HDRINST usr/include/linux/tc_ematch/tc_em_nbyte.h
  HDRINST usr/include/linux/tc_ematch/tc_em_meta.h
  HDRINST usr/include/linux/tc_ematch/tc_em_ipt.h
  HDRINST usr/include/linux/if_link.h
  HDRINST usr/include/linux/irqnr.h
  HDRINST usr/include/linux/mqueue.h
  HDRINST usr/include/linux/dpll.h
  HDRINST usr/include/linux/net_tstamp.h
  HDRINST usr/include/linux/mtio.h
  HDRINST usr/include/linux/ipmi_bmc.h
  HDRINST usr/include/linux/arcfb.h
  HDRINST usr/include/linux/ipv6.h
  HDRINST usr/include/linux/tipc_netlink.h
  HDRINST usr/include/linux/elf.h
  HDRINST usr/include/linux/media/raspberrypi/pisp_be_config.h
  LD32    arch/arm64/kernel/vdso32/vdso.so.raw
  HDRINST usr/include/linux/media/raspberrypi/pisp_common.h
  HDRINST usr/include/linux/gsmmux.h
  MUNGE   arch/arm64/kernel/vdso32/vdso32.so.dbg
  HDRINST usr/include/linux/dqblk_xfs.h
  HDRINST usr/include/linux/hpet.h
  OBJCOPY arch/arm64/kernel/vdso32/vdso.so
  HDRINST usr/include/linux/acrn.h
  HDRINST usr/include/linux/ioam6.h
  HDRINST usr/include/linux/sysinfo.h
  HDRINST usr/include/linux/mptcp_pm.h
  HDRINST usr/include/linux/net.h
  HDRINST usr/include/linux/if_plip.h
  HDRINST usr/include/linux/signalfd.h
  HDRINST usr/include/linux/pci_regs.h
  HDRINST usr/include/linux/qnx4_fs.h
  HDRINST usr/include/linux/synclink.h
  HDRINST usr/include/linux/poll.h
  HDRINST usr/include/linux/vbox_vmmdev_types.h
  HDRINST usr/include/linux/net_dropmon.h
  HDRINST usr/include/linux/rkisp1-config.h
  HDRINST usr/include/linux/virtio_scsi.h
  HDRINST usr/include/linux/mount.h
  HDRINST usr/include/linux/ntsync.h
  HDRINST usr/include/linux/if_fc.h
  HDRINST usr/include/linux/pg.h
  HDRINST usr/include/linux/nubus.h
  HDRINST usr/include/linux/const.h
  HDRINST usr/include/linux/connector.h
  HDRINST usr/include/linux/if_infiniband.h
  HDRINST usr/include/linux/vfio.h
  HDRINST usr/include/linux/reboot.h
  HDRINST usr/include/linux/filter.h
  HDRINST usr/include/linux/llc.h
  HDRINST usr/include/linux/auto_fs.h
  HDRINST usr/include/linux/virtio_config.h
  HDRINST usr/include/linux/inet_diag.h
  HDRINST usr/include/linux/blkdev.h
  HDRINST usr/include/linux/atmclip.h
  HDRINST usr/include/linux/cciss_defs.h
  HDRINST usr/include/linux/if_tunnel.h
  HDRINST usr/include/linux/if_addr.h
  HDRINST usr/include/linux/efs_fs_sb.h
  HDRINST usr/include/linux/incrementalfs.h
  HDRINST usr/include/linux/aspeed-lpc-ctrl.h
  HDRINST usr/include/linux/dcbnl.h
  HDRINST usr/include/linux/comedi.h
  HDRINST usr/include/linux/binfmts.h
  HDRINST usr/include/linux/capi.h
  HDRINST usr/include/linux/netrom.h
  HDRINST usr/include/linux/zorro.h
  HDRINST usr/include/linux/user_events.h
  HDRINST usr/include/linux/packet_diag.h
  HDRINST usr/include/linux/chio.h
  HDRINST usr/include/linux/sockios.h
  HDRINST usr/include/linux/wwan.h
  HDRINST usr/include/linux/pkt_sched.h
  HDRINST usr/include/linux/serio.h
  HDRINST usr/include/linux/virtio_mem.h
  HDRINST usr/include/linux/coff.h
  HDRINST usr/include/linux/hdlc/ioctl.h
  HDRINST usr/include/linux/rtnetlink.h
  HDRINST usr/include/linux/seg6_iptunnel.h
  HDRINST usr/include/linux/sunrpc/debug.h
  HDRINST usr/include/linux/cec.h
  HDRINST usr/include/linux/netfilter/xt_osf.h
  HDRINST usr/include/linux/netfilter/xt_nfacct.h
  HDRINST usr/include/linux/netfilter/nfnetlink_compat.h
  HDRINST usr/include/linux/netfilter/xt_u32.h
  HDRINST usr/include/linux/netfilter/xt_IDLETIMER.h
  HDRINST usr/include/linux/netfilter/xt_AUDIT.h
  HDRINST usr/include/linux/netfilter/xt_connlabel.h
  HDRINST usr/include/linux/netfilter/xt_statistic.h
  HDRINST usr/include/linux/netfilter/xt_HMARK.h
  HDRINST usr/include/linux/netfilter/xt_owner.h
  HDRINST usr/include/linux/netfilter/xt_l2tp.h
  HDRINST usr/include/linux/netfilter/xt_mac.h
  HDRINST usr/include/linux/netfilter/xt_limit.h
  HDRINST usr/include/linux/netfilter/nfnetlink_hook.h
  HDRINST usr/include/linux/netfilter/xt_quota.h
  HDRINST usr/include/linux/netfilter/nf_conntrack_sctp.h
  HDRINST usr/include/linux/netfilter/xt_realm.h
  HDRINST usr/include/linux/netfilter/xt_hashlimit.h
  HDRINST usr/include/linux/netfilter/xt_TCPMSS.h
  HDRINST usr/include/linux/netfilter/xt_cgroup.h
  HDRINST usr/include/linux/netfilter/xt_NFLOG.h
  HDRINST usr/include/linux/netfilter/xt_ipvs.h
  HDRINST usr/include/linux/netfilter/nf_tables_compat.h
  HDRINST usr/include/linux/netfilter/xt_conntrack.h
  HDRINST usr/include/linux/netfilter/xt_connmark.h
  HDRINST usr/include/linux/netfilter/xt_set.h
  HDRINST usr/include/linux/netfilter/nfnetlink_queue.h
  HDRINST usr/include/linux/netfilter/xt_LED.h
  HDRINST usr/include/linux/netfilter/xt_RATEEST.h
  HDRINST usr/include/linux/netfilter/nf_conntrack_tuple_common.h
  HDRINST usr/include/linux/netfilter/xt_connbytes.h
  HDRINST usr/include/linux/netfilter/nf_log.h
  HDRINST usr/include/linux/netfilter/xt_dccp.h
  HDRINST usr/include/linux/netfilter/nfnetlink_conntrack.h
  HDRINST usr/include/linux/netfilter/xt_pkttype.h
  HDRINST usr/include/linux/netfilter/xt_policy.h
  HDRINST usr/include/linux/netfilter/xt_CLASSIFY.h
  HDRINST usr/include/linux/netfilter/nfnetlink_cttimeout.h
  HDRINST usr/include/linux/netfilter/xt_ipcomp.h
  HDRINST usr/include/linux/netfilter/xt_TEE.h
  HDRINST usr/include/linux/netfilter/nf_nat.h
  HDRINST usr/include/linux/netfilter/nfnetlink_acct.h
  HDRINST usr/include/linux/netfilter/xt_comment.h
  HDRINST usr/include/linux/netfilter/ipset/ip_set_bitmap.h
  HDRINST usr/include/linux/netfilter/ipset/ip_set.h
  HDRINST usr/include/linux/netfilter/ipset/ip_set_hash.h
  HDRINST usr/include/linux/netfilter/ipset/ip_set_list.h
  HDRINST usr/include/linux/netfilter/nf_conntrack_ftp.h
  HDRINST usr/include/linux/netfilter/nfnetlink_osf.h
  HDRINST usr/include/linux/netfilter/xt_sctp.h
  HDRINST usr/include/linux/netfilter/nfnetlink_cthelper.h
  HDRINST usr/include/linux/netfilter/nf_conntrack_tcp.h
  HDRINST usr/include/linux/netfilter/xt_bpf.h
  HDRINST usr/include/linux/netfilter/xt_TPROXY.h
  HDRINST usr/include/linux/netfilter/xt_tcpudp.h
  HDRINST usr/include/linux/netfilter/xt_LOG.h
  HDRINST usr/include/linux/netfilter/xt_string.h
  HDRINST usr/include/linux/netfilter/xt_ecn.h
  HDRINST usr/include/linux/netfilter/xt_SECMARK.h
  HDRINST usr/include/linux/netfilter/xt_rateest.h
  HDRINST usr/include/linux/netfilter/nfnetlink_log.h
  HDRINST usr/include/linux/netfilter/xt_time.h
  HDRINST usr/include/linux/netfilter/xt_esp.h
  HDRINST usr/include/linux/netfilter/xt_CONNSECMARK.h
  HDRINST usr/include/linux/netfilter/xt_MARK.h
  HDRINST usr/include/linux/netfilter/xt_SYNPROXY.h
  HDRINST usr/include/linux/netfilter/xt_cluster.h
  HDRINST usr/include/linux/netfilter/xt_CONNMARK.h
  HDRINST usr/include/linux/netfilter/xt_physdev.h
  HDRINST usr/include/linux/netfilter/xt_CHECKSUM.h
  HDRINST usr/include/linux/netfilter/xt_devgroup.h
  HDRINST usr/include/linux/netfilter/nf_tables.h
  HDRINST usr/include/linux/netfilter/xt_NFQUEUE.h
  HDRINST usr/include/linux/netfilter/xt_multiport.h
  HDRINST usr/include/linux/netfilter/xt_recent.h
  HDRINST usr/include/linux/netfilter/xt_CT.h
  HDRINST usr/include/linux/netfilter/x_tables.h
  HDRINST usr/include/linux/netfilter/xt_socket.h
  HDRINST usr/include/linux/netfilter/xt_addrtype.h
  HDRINST usr/include/linux/netfilter/nf_conntrack_common.h
  HDRINST usr/include/linux/netfilter/xt_helper.h
  HDRINST usr/include/linux/netfilter/xt_length.h
  HDRINST usr/include/linux/netfilter/xt_DSCP.h
  HDRINST usr/include/linux/netfilter/nfnetlink.h
  HDRINST usr/include/linux/netfilter/xt_tcpmss.h
  HDRINST usr/include/linux/netfilter/xt_cpu.h
  HDRINST usr/include/linux/netfilter/xt_mark.h
  HDRINST usr/include/linux/netfilter/xt_connlimit.h
  HDRINST usr/include/linux/netfilter/xt_state.h
  HDRINST usr/include/linux/netfilter/xt_TCPOPTSTRIP.h
  HDRINST usr/include/linux/netfilter/xt_iprange.h
  HDRINST usr/include/linux/netfilter/xt_dscp.h
  HDRINST usr/include/linux/netfilter/nf_synproxy.h
  HDRINST usr/include/linux/netfilter/xt_rpfilter.h
  HDRINST usr/include/linux/virtio_bt.h
  HDRINST usr/include/linux/atmapi.h
  HDRINST usr/include/linux/bsg.h
  HDRINST usr/include/linux/seg6_local.h
  HDRINST usr/include/linux/erspan.h
  HDRINST usr/include/linux/vtpm_proxy.h
  HDRINST usr/include/linux/mempolicy.h
  HDRINST usr/include/linux/if_pppox.h
  HDRINST usr/include/linux/apm_bios.h
  HDRINST usr/include/linux/firewire-constants.h
  HDRINST usr/include/linux/hid.h
  HDRINST usr/include/linux/fanotify.h
  HDRINST usr/include/linux/vhost.h
  HDRINST usr/include/linux/l2tp.h
  HDRINST usr/include/linux/radeonfb.h
  HDRINST usr/include/linux/uuid.h
  HDRINST usr/include/linux/virtio_ring.h
  HDRINST usr/include/linux/xattr.h
  HDRINST usr/include/linux/ncsi.h
  HDRINST usr/include/linux/gunyah.h
  HDRINST usr/include/linux/posix_acl_xattr.h
  HDRINST usr/include/linux/iio/types.h
  HDRINST usr/include/linux/iio/buffer.h
  HDRINST usr/include/linux/iio/events.h
  HDRINST usr/include/linux/android_fuse.h
  HDRINST usr/include/linux/nilfs2_api.h
  HDRINST usr/include/misc/cxl.h
  HDRINST usr/include/misc/pvpanic.h
  HDRINST usr/include/misc/xilinx_sdfec.h
  HDRINST usr/include/misc/fastrpc.h
  HDRINST usr/include/misc/uacce/uacce.h
  HDRINST usr/include/misc/uacce/hisi_qm.h
  HDRINST usr/include/misc/mrvl_cn10k_dpi.h
  HDRINST usr/include/misc/ocxl.h
  HDRINST usr/include/mtd/inftl-user.h
  HDRINST usr/include/mtd/mtd-user.h
  HDRINST usr/include/mtd/ubi-user.h
  HDRINST usr/include/mtd/nftl-user.h
  HDRINST usr/include/mtd/mtd-abi.h
  HDRINST usr/include/rdma/rdma_user_ioctl_cmds.h
  HDRINST usr/include/rdma/mana-abi.h
  HDRINST usr/include/rdma/rdma_netlink.h
  HDRINST usr/include/rdma/mlx5_user_ioctl_verbs.h
  HDRINST usr/include/rdma/hfi/hfi1_user.h
  HDRINST usr/include/rdma/hfi/hfi1_ioctl.h
  HDRINST usr/include/rdma/efa-abi.h
  HDRINST usr/include/rdma/bnxt_re-abi.h
  HDRINST usr/include/rdma/erdma-abi.h
  HDRINST usr/include/rdma/mlx5_user_ioctl_cmds.h
  HDRINST usr/include/rdma/rdma_user_rxe.h
  HDRINST usr/include/rdma/irdma-abi.h
  HDRINST usr/include/rdma/mthca-abi.h
  HDRINST usr/include/rdma/mlx5-abi.h
  HDRINST usr/include/rdma/rdma_user_cm.h
  HDRINST usr/include/rdma/ib_user_sa.h
  HDRINST usr/include/rdma/ib_user_ioctl_cmds.h
  HDRINST usr/include/rdma/ib_user_verbs.h
  HDRINST usr/include/rdma/ib_user_ioctl_verbs.h
  HDRINST usr/include/rdma/rdma_user_ioctl.h
  HDRINST usr/include/rdma/hns-abi.h
  HDRINST usr/include/rdma/qedr-abi.h
  HDRINST usr/include/rdma/rvt-abi.h
  HDRINST usr/include/rdma/cxgb4-abi.h
  HDRINST usr/include/rdma/mlx4-abi.h
  HDRINST usr/include/rdma/siw-abi.h
  HDRINST usr/include/rdma/ib_user_mad.h
  HDRINST usr/include/rdma/vmw_pvrdma-abi.h
  HDRINST usr/include/rdma/ocrdma-abi.h
  HDRINST usr/include/regulator/regulator.h
  HDRINST usr/include/scsi/scsi_bsg_fc.h
  HDRINST usr/include/scsi/scsi_bsg_mpi3mr.h
  HDRINST usr/include/scsi/cxlflash_ioctl.h
  HDRINST usr/include/scsi/scsi_bsg_ufs.h
  HDRINST usr/include/scsi/scsi_netlink_fc.h
  HDRINST usr/include/scsi/scsi_netlink.h
  HDRINST usr/include/scsi/fc/fc_gs.h
  HDRINST usr/include/scsi/fc/fc_els.h
  HDRINST usr/include/scsi/fc/fc_ns.h
  HDRINST usr/include/scsi/fc/fc_fs.h
  HDRINST usr/include/sound/sfnt_info.h
  HDRINST usr/include/sound/scarlett2.h
  HDRINST usr/include/sound/hdsp.h
  HDRINST usr/include/sound/hdspm.h
  HDRINST usr/include/sound/asoc.h
  HDRINST usr/include/sound/asequencer.h
  HDRINST usr/include/sound/usb_stream.h
  HDRINST usr/include/sound/emu10k1.h
  HDRINST usr/include/sound/firewire.h
  HDRINST usr/include/sound/asound.h
  HDRINST usr/include/sound/sof/tokens.h
  HDRINST usr/include/sound/sof/header.h
  HDRINST usr/include/sound/sof/abi.h
  HDRINST usr/include/sound/sof/fw.h
  HDRINST usr/include/sound/asound_fm.h
  HDRINST usr/include/sound/tlv.h
  HDRINST usr/include/sound/snd_ar_tokens.h
  HDRINST usr/include/sound/skl-tplg-interface.h
  HDRINST usr/include/sound/intel/avs/tokens.h
  HDRINST usr/include/sound/compress_offload.h
  HDRINST usr/include/sound/compress_params.h
  HDRINST usr/include/sound/sb16_csp.h
  HDRINST usr/include/sound/snd_sst_tokens.h
  HDRINST usr/include/video/edid.h
  HDRINST usr/include/video/sisfb.h
  HDRINST usr/include/video/uvesafb.h
  HDRINST usr/include/xen/evtchn.h
  HDRINST usr/include/xen/gntdev.h
  HDRINST usr/include/xen/gntalloc.h
  HDRINST usr/include/xen/privcmd.h
  HDRINST usr/include/linux/version.h
  HDRINST usr/include/asm/mman.h
  HDRINST usr/include/asm/posix_types.h
  HDRINST usr/include/asm/bitsperlong.h
  HDRINST usr/include/asm/sigcontext.h
  HDRINST usr/include/asm/fcntl.h
  HDRINST usr/include/asm/setup.h
  HDRINST usr/include/asm/ptrace.h
  HDRINST usr/include/asm/statfs.h
  HDRINST usr/include/asm/unistd.h
  HDRINST usr/include/asm/sve_context.h
  HDRINST usr/include/asm/perf_regs.h
  HDRINST usr/include/asm/auxvec.h
  HDRINST usr/include/asm/signal.h
  HDRINST usr/include/asm/kvm.h
  HDRINST usr/include/asm/bpf_perf_event.h
  HDRINST usr/include/asm/param.h
  HDRINST usr/include/asm/hwcap.h
  HDRINST usr/include/asm/ucontext.h
  HDRINST usr/include/asm/byteorder.h
  HDRINST usr/include/asm/sembuf.h
  HDRINST usr/include/asm/ipcbuf.h
  HDRINST usr/include/asm/types.h
  HDRINST usr/include/asm/termios.h
  HDRINST usr/include/asm/termbits.h
  HDRINST usr/include/asm/stat.h
  HDRINST usr/include/asm/socket.h
  HDRINST usr/include/asm/kvm_para.h
  HDRINST usr/include/asm/errno.h
  HDRINST usr/include/asm/swab.h
  HDRINST usr/include/asm/ioctls.h
  HDRINST usr/include/asm/ioctl.h
  HDRINST usr/include/asm/unistd_64.h
  HDRINST usr/include/asm/resource.h
  HDRINST usr/include/asm/shmbuf.h
  HDRINST usr/include/asm/msgbuf.h
  HDRINST usr/include/asm/poll.h
  HDRINST usr/include/asm/siginfo.h
  HDRINST usr/include/asm/sockios.h
  LDS     scripts/module.lds
-rw-r--r-- 1 runner runner 105600 Oct  4 04:58 security/selinux/av_permissions.h
-rw-r--r-- 1 runner runner   8683 Oct  4 04:58 security/selinux/flask.h
Filesystem      Size  Used Avail Use% Mounted on
/dev/root       145G   65G   80G  45% /
  CALL    scripts/checksyscalls.sh
  HOSTCC  usr/gen_init_cpio
  CC      init/main.o
  CC      kernel/sched/core.o
  CC      arch/arm64/kernel/pi/idreg-override.o
  GEN     usr/initramfs_data.cpio
  COPY    usr/initramfs_inc_data
  AS      usr/initramfs_data.o
  AR      usr/built-in.a
  CC      arch/arm64/kernel/pi/map_kernel.o
  CC      kernel/sched/fair.o
  CC      arch/arm64/kernel/pi/map_range.o
  CC      arch/arm64/kernel/pi/lib-fdt.o
  CC      arch/arm64/kernel/pi/lib-fdt_ro.o
  CC      arch/arm64/kernel/pi/relocate.o
  UPD     init/utsversion-tmp.h
  CC      init/do_mounts.o
  CC      arch/arm64/kernel/pi/kaslr_early.o
  CC      arch/arm64/kernel/pi/patch-scs.o
  HOSTCC  arch/arm64/kernel/pi/relacheck
  OBJCOPY arch/arm64/kernel/pi/idreg-override.pi.o
  OBJCOPY arch/arm64/kernel/pi/map_kernel.pi.o
  OBJCOPY arch/arm64/kernel/pi/map_range.pi.o
  OBJCOPY arch/arm64/kernel/pi/lib-fdt.pi.o
  OBJCOPY arch/arm64/kernel/pi/lib-fdt_ro.pi.o
  OBJCOPY arch/arm64/kernel/pi/relocate.pi.o
  OBJCOPY arch/arm64/kernel/pi/kaslr_early.pi.o
  OBJCOPY arch/arm64/kernel/pi/patch-scs.pi.o
  AR      arch/arm64/kernel/pi/built-in.a
  CC      arch/arm64/kernel/probes/kprobes.o
  CC      init/do_mounts_rd.o
  CC      arch/arm64/kernel/probes/decode-insn.o
  CC      init/do_mounts_initrd.o
  AS      arch/arm64/kernel/probes/kprobes_trampoline.o
  CC      arch/arm64/kernel/probes/simulate-insn.o
  CC      init/initramfs.o
  CC      arch/arm64/mm/dma-mapping.o
  CC      arch/arm64/kernel/probes/uprobes.o
  CC      kernel/sched/build_policy.o
  CC      arch/arm64/mm/extable.o
  AR      arch/arm64/kernel/probes/built-in.a
  LDS     arch/arm64/kernel/vmlinux.lds
  CC      arch/arm64/mm/fault.o
  CC      arch/arm64/kernel/debug-monitors.o
  CC      init/calibrate.o
  CC      init/init_task.o
  CC      arch/arm64/mm/init.o
  AS      arch/arm64/kernel/entry.o
  CC      arch/arm64/kernel/irq.o
  CC      init/version.o
  CC      arch/arm64/kernel/fpsimd.o
  AR      init/built-in.a
  CC      kernel/locking/mutex.o
  AS      arch/arm64/mm/cache.o
  CC      arch/arm64/mm/copypage.o
  CC      kernel/sched/build_utility.o
  CC      arch/arm64/kernel/entry-common.o
  CC      arch/arm64/mm/flush.o
  CC      kernel/locking/semaphore.o
  AS      arch/arm64/kernel/entry-fpsimd.o
  CC      arch/arm64/kernel/process.o
  CC      arch/arm64/mm/ioremap.o
  CC      kernel/locking/rwsem.o
  CC      arch/arm64/kernel/ptrace.o
  CC      arch/arm64/mm/mmap.o
  CC      kernel/locking/percpu-rwsem.o
  CC      kernel/sched/vendor_hooks.o
  CC      arch/arm64/mm/pgd.o
  CC      kernel/locking/spinlock.o
  CC      arch/arm64/kernel/setup.o
  CC      arch/arm64/mm/mem_encrypt.o
  CC      arch/arm64/kernel/signal.o
  CC      kernel/locking/osq_lock.o
  CC      arch/arm64/mm/mmu.o
  AR      kernel/sched/built-in.a
  CC      kernel/power/qos.o
  CC      kernel/locking/qspinlock.o
  CC      arch/arm64/kernel/sys.o
  CC      kernel/locking/rtmutex_api.o
  CC      kernel/power/main.o
  CC      arch/arm64/mm/context.o
  CC      arch/arm64/kernel/stacktrace.o
  CC      kernel/locking/qrwlock.o
  AS      arch/arm64/mm/proc.o
  CC      kernel/power/process.o
  CC      arch/arm64/mm/pageattr.o
  CC      arch/arm64/kernel/time.o
  AR      kernel/locking/built-in.a
  CC      kernel/printk/printk.o
  CC      kernel/power/suspend.o
  CC      arch/arm64/mm/fixmap.o
  CC      arch/arm64/kernel/traps.o
  CC      arch/arm64/mm/contpte.o
  CC      arch/arm64/kernel/io.o
  CC      kernel/power/hibernate.o
  CC      kernel/printk/printk_safe.o
  CC      arch/arm64/kernel/vdso.o
  CC      arch/arm64/mm/ptdump.o
  AS      arch/arm64/kernel/hyp-stub.o
  CC      kernel/power/snapshot.o
  CC      arch/arm64/mm/trans_pgd.o
  CC      kernel/printk/nbcon.o
  CC      arch/arm64/kernel/psci.o
  CC      arch/arm64/kernel/cpu_ops.o
  CC      kernel/printk/printk_ringbuffer.o
  AS      arch/arm64/mm/trans_pgd-asm.o
  CC      arch/arm64/kernel/return_address.o
  CC      arch/arm64/mm/mteswap.o
  CC      kernel/printk/sysctl.o
  CC      kernel/power/swap.o
  AR      kernel/printk/built-in.a
  CC      arch/arm64/kernel/cpuinfo.o
  CC      arch/arm64/mm/kasan_init.o
  CC      arch/arm64/net/bpf_jit_comp.o
  AR      arch/arm64/mm/built-in.a
  CC      kernel/irq/irqdesc.o
  CC      arch/arm64/kernel/cpu_errata.o
  CC      kernel/power/user.o
  CC      arch/arm64/kernel/cpufeature.o
  AR      arch/arm64/net/built-in.a
  CC      certs/system_keyring.o
  CC      kernel/power/wakelock.o
  CC      kernel/irq/handle.o
  HOSTCC  certs/extract-cert
  COPY    certs/x509.genkey
  CERT    certs/x509_certificate_list
  GENKEY  certs/signing_key.pem
.....+.+..............+....+...........+....+......+..+...+....+...+.....+.......+.....+++++++++++++++++++++++++++++++++++++++++++++++++++++++++++++++++*.......+.+.....+.........+......+....+...+......+..+....+......+..+..........+....................+...+....+++++++++++++++++++++++++++++++++++++++++++++++++++++++++++++++++*........+..........................+.+..+.+....................+.+..................+..+....+.........+........+......................+........  CC      kernel/power/poweroff.o
+..........+...+.....+.......+...+.....+.+...+...+........+.+...+........+...................+.....+................+.....+.......+.....+......+.........+.+......+..............+.+...........+...+.........+...+....+...+........+++++++  CC      kernel/power/wakeup_reason.o
++++++++++++++++++++++++++++++++++++++++++++++++++++++++++
.+.+......+.....+...+.+.....+....+...+..+++++++++++++++++++++++++++++++++++++++++++++++++++++++++++++++++*.....+......+++++++++++++++++++++++++++++++++++++++++++++++++++++++++++++++++*..........+.................+.................................+......+.+..............+......+.........+...+  CC      kernel/irq/manage.o
..  CC      arch/arm64/kernel/alternative.o
....+....+........+..........+..+...+....+...+........+.............+.........+............+.........+.....+....+...+..+.....................+................+...........+....+...+.....+.+.....+................+.....+...+.......+..............+....+...............+...+...+..+.........+......+..........+..+............+.........+............+..........+.....+....+...........+............+.+...........+...+.............+........+.+......+........+......+.+........+....+...+.....+...+.......+...........................+..+..........+.............................+......+......+...............+...+....+...+........+....+.......................+...+.+...+......+......+...+.....+............+..........+......+..+......+......+....+...............+......+...+.....+.+..+.......+..  CC      kernel/power/energy_model.o
.+..+.......+...+...+.........+.........+.....+.......+..+......+....+......+...............+..+..................+.+...+...........+.+.....................+........+................+.....+....+..+............++++++++  CC      arch/arm64/kernel/cacheinfo.o
+++++++++++++++++++++++++++++++++++++++++++++++++++++++++
-----
  CERT    certs/signing_key.x509
  AS      certs/system_certificates.o
  AR      certs/built-in.a
  CC      kernel/rcu/update.o
  CC      kernel/irq/spurious.o
  AR      kernel/power/built-in.a
  CC      arch/arm64/kvm/hyp/vhe/timer-sr.o
  CC      arch/arm64/kernel/smp.o
  CC      kernel/irq/resend.o
  CC      kernel/irq/chip.o
  CC      arch/arm64/kvm/hyp/vhe/sysreg-sr.o
  CC      kernel/rcu/sync.o
  CC      arch/arm64/kvm/hyp/vhe/debug-sr.o
  CC      arch/arm64/kernel/smp_spin_table.o
  CC      kernel/irq/dummychip.o
  CC      kernel/rcu/srcutree.o
  CC      arch/arm64/kernel/topology.o
  CC      arch/arm64/kvm/hyp/vhe/switch.o
  CC      kernel/irq/devres.o
  AS      arch/arm64/kernel/smccc-call.o
  CC      kernel/rcu/tree.o
  CC      arch/arm64/kernel/syscall.o
  CC      kernel/irq/generic-chip.o
  CC      arch/arm64/kvm/hyp/vhe/tlb.o
  CC      arch/arm64/kernel/proton-pack.o
  CC      arch/arm64/kernel/idle.o
  CC      arch/arm64/kvm/hyp/vhe/../vgic-v3-sr.o
  CC      kernel/irq/autoprobe.o
  CC      arch/arm64/kernel/patching.o
  CC      kernel/irq/irqdomain.o
  CC      arch/arm64/kvm/hyp/vhe/../aarch32.o
  CC      arch/arm64/kernel/sys32.o
  CC      kernel/rcu/rcu_segcblist.o
  CC      arch/arm64/kernel/signal32.o
  CC      arch/arm64/kvm/hyp/vhe/../vgic-v2-cpuif-proxy.o
  AR      kernel/rcu/built-in.a
  LDS     arch/arm64/kvm/hyp/nvhe/hyp.lds
  CC      arch/arm64/kvm/hyp/nvhe/timer-sr.nvhe.o
  CC      kernel/irq/proc.o
  AS      arch/arm64/kvm/hyp/vhe/../entry.o
  AS      arch/arm64/kvm/hyp/vhe/../fpsimd.o
  CC      arch/arm64/kernel/sys_compat.o
  AS      arch/arm64/kvm/hyp/vhe/../hyp-entry.o
  CC      kernel/irq/cpuhotplug.o
  CC      arch/arm64/kvm/hyp/vhe/../exception.o
  CC      arch/arm64/kvm/hyp/nvhe/sysreg-sr.nvhe.o
  CC      kernel/irq/pm.o
  AS      arch/arm64/kernel/sigreturn32.o
  AS      arch/arm64/kernel/kuser32.o
  CC      arch/arm64/kernel/module.o
  AR      arch/arm64/kvm/hyp/vhe/built-in.a
  CC      arch/arm64/kvm/hyp-constants.s
  CC      arch/arm64/kvm/hyp/nvhe/debug-sr.nvhe.o
  CC      kernel/irq/msi.o
  CC      arch/arm64/kernel/module-plts.o
  CC      arch/arm64/kvm/hyp/nvhe/switch.nvhe.o
  CC      mm/kasan/common.o
  CC      arch/arm64/kernel/perf_regs.o
  CC      kernel/irq/ipi.o
  CC      arch/arm64/kernel/perf_callchain.o
  CC      kernel/irq/affinity.o
  CC      arch/arm64/kvm/hyp/nvhe/tlb.nvhe.o
  CC      mm/kasan/report.o
  CC      arch/arm64/kernel/hw_breakpoint.o
  AR      kernel/irq/built-in.a
  AR      kernel/livepatch/built-in.a
  CC      kernel/dma/mapping.o
  AS      arch/arm64/kvm/hyp/nvhe/hyp-init.nvhe.o
  AS      arch/arm64/kvm/hyp/nvhe/host.nvhe.o
  CC      arch/arm64/kvm/hyp/nvhe/hyp-main.nvhe.o
  CC      mm/kasan/hw_tags.o
  AS      arch/arm64/kernel/sleep.o
  CC      arch/arm64/kernel/suspend.o
  CC      arch/arm64/kernel/jump_label.o
  CC      arch/arm64/kernel/efi.o
  CC      arch/arm64/kvm/hyp/nvhe/hyp-smp.nvhe.o
  CC      mm/kasan/report_hw_tags.o
  CC      kernel/dma/direct.o
  AS      arch/arm64/kernel/efi-rt-wrapper.o
  CC      arch/arm64/kernel/pci.o
  CC      arch/arm64/kernel/armv8_deprecated.o
  CC      arch/arm64/kvm/hyp/nvhe/psci-relay.nvhe.o
  CC      mm/kasan/tags.o
  CC      kernel/dma/ops_helpers.o
  CC      arch/arm64/kernel/paravirt.o
  CC      arch/arm64/kvm/hyp/nvhe/alloc.nvhe.o
  CC      kernel/dma/dummy.o
  CC      mm/kasan/report_tags.o
  CC      arch/arm64/kernel/kaslr.o
  CC      arch/arm64/kernel/hibernate.o
  CC      kernel/dma/contiguous.o
  AR      mm/kasan/built-in.a
  CC      mm/kfence/core.o
  CC      arch/arm64/kvm/hyp/nvhe/early_alloc.nvhe.o
  CC      kernel/dma/coherent.o
  CC      arch/arm64/kvm/hyp/nvhe/page_alloc.nvhe.o
  AS      arch/arm64/kernel/hibernate-asm.o
  CC      arch/arm64/kernel/elfcore.o
  CC      kernel/dma/swiotlb.o
  CC      mm/kfence/report.o
  CC      arch/arm64/kernel/sdei.o
  AS      arch/arm64/kvm/hyp/nvhe/cache.nvhe.o
  CC      arch/arm64/kvm/hyp/nvhe/setup.nvhe.o
  CC      arch/arm64/kernel/pointer_auth.o
  AR      mm/kfence/built-in.a
  CC      mm/filemap.o
  CC      arch/arm64/kvm/hyp/nvhe/mm.nvhe.o
  CC      kernel/dma/pool.o
  CC      arch/arm64/kernel/mte.o
  CC      kernel/dma/remap.o
  CC      arch/arm64/kvm/hyp/nvhe/mem_protect.nvhe.o
  AR      kernel/dma/built-in.a
  CC      kernel/entry/kvm.o
  AS      arch/arm64/kernel/vdso-wrap.o
  AS      arch/arm64/kernel/vdso32-wrap.o
  AS      arch/arm64/kernel/head.o
  AR      arch/arm64/kernel/built-in.a
  CC      arch/arm64/kvm/hyp/pgtable.o
  CC      arch/arm64/kvm/hyp/nvhe/sys_regs.nvhe.o
  AR      kernel/entry/built-in.a
  CC      kernel/module/main.o
  CC      mm/mempool.o
  UPD     arch/arm64/kvm/hyp_constants.h
  AR      fs/notify/dnotify/built-in.a
  CC      fs/notify/inotify/inotify_fsnotify.o
  CC      fs/notify/inotify/inotify_user.o
  CC      arch/arm64/kvm/hyp/nvhe/pkvm.nvhe.o
  CC      mm/oom_kill.o
  AR      fs/notify/inotify/built-in.a
  AR      fs/notify/fanotify/built-in.a
  CC      fs/notify/fsnotify.o
  CC      kernel/module/strict_rwx.o
  CC      arch/arm64/kvm/hyp/nvhe/stacktrace.nvhe.o
  CC      kernel/module/kmod.o
  CC      arch/arm64/kvm/hyp/nvhe/ffa.nvhe.o
  CC      fs/notify/notification.o
  CC      mm/fadvise.o
  CC      fs/notify/group.o
  CC      kernel/module/signing.o
  CC      arch/arm64/kvm/hyp/nvhe/serial.nvhe.o
  CC      arch/arm64/kvm/hyp/nvhe/alloc_mgt.nvhe.o
  CC      fs/notify/mark.o
  CC      kernel/module/tree_lookup.o
  CC      mm/maccess.o
  CC      arch/arm64/kvm/hyp/nvhe/iommu/iommu.nvhe.o
  CC      kernel/module/kallsyms.o
  CC      kernel/module/procfs.o
  CC      fs/notify/fdinfo.o
  CC      mm/page-writeback.o
  CC      arch/arm64/kvm/hyp/nvhe/power/hvc.nvhe.o
  CC      kernel/module/sysfs.o
  AR      fs/notify/built-in.a
  CC      fs/crypto/crypto.o
  CC      arch/arm64/kvm/hyp/nvhe/power/scmi.nvhe.o
  CC      kernel/module/version.o
  CC      arch/arm64/kvm/hyp/nvhe/device/device.nvhe.o
  CC      fs/crypto/fname.o
  AR      kernel/module/built-in.a
  CC      kernel/time/time.o
  CC      mm/folio-compat.o
  CC      arch/arm64/kvm/hyp/nvhe/../vgic-v3-sr.nvhe.o
  CC      fs/crypto/hkdf.o
  CC      kernel/time/timer.o
  CC      fs/crypto/hooks.o
  CC      mm/readahead.o
  CC      arch/arm64/kvm/hyp/nvhe/../aarch32.nvhe.o
  CC      arch/arm64/kvm/hyp/nvhe/../vgic-v2-cpuif-proxy.nvhe.o
  CC      fs/crypto/keyring.o
  AS      arch/arm64/kvm/hyp/nvhe/../entry.nvhe.o
  AS      arch/arm64/kvm/hyp/nvhe/../fpsimd.nvhe.o
  CC      kernel/time/hrtimer.o
  CC      mm/swap.o
  AS      arch/arm64/kvm/hyp/nvhe/../hyp-entry.nvhe.o
  CC      arch/arm64/kvm/hyp/nvhe/../exception.nvhe.o
  CC      fs/crypto/keysetup.o
  CC      arch/arm64/kvm/hyp/nvhe/../pgtable.nvhe.o
  CC      kernel/time/timekeeping.o
  CC      fs/crypto/keysetup_v1.o
  CC      mm/truncate.o
  CC      arch/arm64/kvm/hyp/nvhe/iommu/pviommu-host.nvhe.o
  CC      fs/crypto/policy.o
  CC      kernel/time/ntp.o
  CC      arch/arm64/kvm/hyp/nvhe/iommu/pviommu.nvhe.o
  CC      kernel/time/clocksource.o
  CC      mm/vmscan.o
  CC      fs/crypto/bio.o
  AS      arch/arm64/kvm/hyp/nvhe/../../../kernel/smccc-call.nvhe.o
  CC      arch/arm64/kvm/hyp/nvhe/list_debug.nvhe.o
  CC      arch/arm64/kvm/hyp/nvhe/clock.nvhe.o
  CC      kernel/time/jiffies.o
  CC      arch/arm64/kvm/hyp/nvhe/events.nvhe.o
  CC      fs/crypto/inline_crypt.o
  CC      kernel/time/timer_list.o
  CC      arch/arm64/kvm/hyp/nvhe/trace.nvhe.o
  CC      kernel/time/timeconv.o
  AR      fs/crypto/built-in.a
  CC      fs/verity/enable.o
  CC      arch/arm64/kvm/hyp/nvhe/modules.nvhe.o
  CC      kernel/time/timecounter.o
  CC      kernel/time/alarmtimer.o
  CC      fs/verity/hash_algs.o
  AS      arch/arm64/kvm/hyp/nvhe/../../../lib/clear_page.nvhe.o
  AS      arch/arm64/kvm/hyp/nvhe/../../../lib/copy_page.nvhe.o
  AS      arch/arm64/kvm/hyp/nvhe/../../../lib/memcpy.nvhe.o
  CC      mm/shrinker.o
  AS      arch/arm64/kvm/hyp/nvhe/../../../lib/memset.nvhe.o
  LD      arch/arm64/kvm/hyp/nvhe/kvm_nvhe.tmp.o
  HYPREL  arch/arm64/kvm/hyp/nvhe/hyp-reloc.S
  AS      arch/arm64/kvm/hyp/nvhe/hyp-reloc.o
  LD      arch/arm64/kvm/hyp/nvhe/kvm_nvhe.rel.o
  HYPCOPY arch/arm64/kvm/hyp/nvhe/kvm_nvhe.o
  AR      arch/arm64/kvm/hyp/nvhe/built-in.a
  AR      arch/arm64/kvm/hyp/built-in.a
  CC      arch/arm64/kvm/../../../virt/kvm/kvm_main.o
  CC      fs/verity/init.o
  CC      kernel/time/posix-timers.o
  CC      fs/verity/measure.o
  CC      kernel/time/posix-cpu-timers.o
  CC      mm/shmem.o
  CC      fs/verity/open.o
  CC      kernel/time/posix-clock.o
  CC      arch/arm64/kvm/../../../virt/kvm/eventfd.o
  CC      fs/verity/read_metadata.o
  CC      kernel/time/itimer.o
  CC      fs/verity/verify.o
  CC      mm/util.o
  CC      arch/arm64/kvm/../../../virt/kvm/binary_stats.o
  CC      kernel/time/clockevents.o
  CC      arch/arm64/kvm/../../../virt/kvm/vfio.o
  AR      fs/verity/built-in.a
  CC      fs/iomap/trace.o
  CC      kernel/time/tick-common.o
  CC      mm/mmzone.o
  CC      arch/arm64/kvm/../../../virt/kvm/coalesced_mmio.o
  CC      fs/iomap/iter.o
  CC      mm/vmstat.o
  CC      arch/arm64/kvm/../../../virt/kvm/irqchip.o
  CC      fs/iomap/buffered-io.o
  CC      kernel/time/tick-broadcast.o
  CC      arch/arm64/kvm/../../../virt/kvm/dirty_ring.o
  CC      kernel/time/tick-broadcast-hrtimer.o
  CC      mm/backing-dev.o
  CC      arch/arm64/kvm/arm.o
  CC      kernel/time/sched_clock.o
  CC      fs/iomap/direct-io.o
  CC      kernel/time/tick-oneshot.o
  CC      kernel/time/tick-sched.o
  CC      mm/mm_init.o
  CC      fs/iomap/fiemap.o
  CC      arch/arm64/kvm/mmu.o
  CC      kernel/time/timer_migration.o
  CC      fs/iomap/seek.o
  CC      mm/percpu.o
  CC      kernel/time/vsyscall.o
  CC      fs/iomap/swapfile.o
  CC      kernel/time/timekeeping_debug.o
  CC      arch/arm64/kvm/mmio.o
  CC      kernel/time/namespace.o
  AR      fs/iomap/built-in.a
  CC      fs/quota/dquot.o
  CC      arch/arm64/kvm/psci.o
  CC [M]  kernel/time/time_test.o
  CC      mm/slab_common.o
  AR      kernel/time/built-in.a
  CC      kernel/futex/core.o
  CC      arch/arm64/kvm/hypercalls.o
  CC      kernel/futex/syscalls.o
  CC      fs/quota/quota_v2.o
  CC      arch/arm64/kvm/pvtime.o
  CC      fs/quota/quota_tree.o
  CC      kernel/futex/pi.o
  CC      mm/compaction.o
  CC      arch/arm64/kvm/inject_fault.o
  CC      kernel/futex/requeue.o
  CC      fs/quota/quota.o
  CC      kernel/futex/waitwake.o
  CC      fs/quota/kqid.o
  CC      arch/arm64/kvm/va_layout.o
  AR      kernel/futex/built-in.a
  CC      kernel/cgroup/cgroup.o
  AR      fs/quota/built-in.a
  CC      fs/proc/task_mmu.o
  CC      arch/arm64/kvm/handle_exit.o
  CC      mm/show_mem.o
  CC      arch/arm64/kvm/guest.o
  CC      fs/proc/inode.o
  CC      mm/interval_tree.o
  CC      fs/proc/root.o
  CC      arch/arm64/kvm/debug.o
  CC      kernel/cgroup/rstat.o
  CC      mm/list_lru.o
  CC      fs/proc/base.o
  CC      kernel/cgroup/namespace.o
  CC      arch/arm64/kvm/reset.o
  CC      fs/proc/generic.o
  CC      mm/workingset.o
  CC      kernel/cgroup/cgroup-v1.o
  CC      arch/arm64/kvm/sys_regs.o
  CC      fs/proc/array.o
  CC      mm/debug.o
  CC      kernel/cgroup/freezer.o
  CC      fs/proc/fd.o
  CC      arch/arm64/kvm/stacktrace.o
  CC      fs/proc/proc_tty.o
  CC      kernel/cgroup/legacy_freezer.o
  CC      mm/gup.o
  CC      arch/arm64/kvm/vgic-sys-reg-v3.o
  CC      fs/proc/cmdline.o
  CC      kernel/cgroup/cpuset.o
  CC      fs/proc/consoles.o
  CC      arch/arm64/kvm/fpsimd.o
  CC      fs/proc/cpuinfo.o
  CC      fs/proc/devices.o
  CC      arch/arm64/kvm/pkvm.o
  CC      mm/mmap_lock.o
  CC      kernel/cgroup/cpuset-v1.o
  CC      fs/proc/interrupts.o
  CC      fs/proc/loadavg.o
  AR      kernel/cgroup/built-in.a
  CC      kernel/trace/trace_clock.o
  CC      mm/pgsize_migration.o
  CC      fs/proc/meminfo.o
  CC      mm/page_size_compat.o
  CC      kernel/trace/ring_buffer.o
  CC      arch/arm64/kvm/arch_timer.o
  CC      fs/proc/stat.o
  CC      fs/proc/uptime.o
  CC      mm/highmem.o
  CC      arch/arm64/kvm/trng.o
  CC      fs/proc/util.o
  CC      mm/memory.o
  CC      fs/proc/version.o
  CC      arch/arm64/kvm/vmid.o
  CC      kernel/trace/trace.o
  CC      fs/proc/softirqs.o
  CC      arch/arm64/kvm/emulate-nested.o
  CC      fs/proc/namespaces.o
  CC      fs/proc/self.o
  CC      arch/arm64/kvm/nested.o
  CC      fs/proc/thread_self.o
  CC      kernel/trace/trace_output.o
  CC      fs/proc/proc_sysctl.o
  CC      mm/mincore.o
  CC      arch/arm64/kvm/at.o
  CC      mm/mlock.o
  CC      kernel/trace/trace_seq.o
  CC      fs/proc/proc_net.o
  CC      arch/arm64/kvm/vgic/vgic.o
  CC      kernel/trace/trace_stat.o
  CC      arch/arm64/kvm/vgic/vgic-init.o
  CC      mm/mmap.o
  CC      kernel/trace/trace_printk.o
  CC      fs/proc/kmsg.o
  CC      fs/proc/page.o
  CC      arch/arm64/kvm/vgic/vgic-irqfd.o
  CC      kernel/trace/pid_list.o
  CC      fs/proc/bootconfig.o
  CC      arch/arm64/kvm/vgic/vgic-v2.o
  AR      fs/proc/built-in.a
  CC      fs/kernfs/mount.o
  CC      mm/mmu_gather.o
  CC      kernel/trace/tracing_map.o
  CC      fs/kernfs/inode.o
  CC      arch/arm64/kvm/vgic/vgic-v3.o
  CC      mm/mprotect.o
  CC      kernel/trace/trace_sched_switch.o
  CC      fs/kernfs/dir.o
  CC      arch/arm64/kvm/vgic/vgic-v4.o
  CC      kernel/trace/trace_nop.o
  CC      mm/mremap.o
  CC      arch/arm64/kvm/vgic/vgic-mmio.o
  CC      kernel/trace/blktrace.o
  CC      fs/kernfs/file.o
  CC      mm/msync.o
  CC      arch/arm64/kvm/vgic/vgic-mmio-v2.o
  CC      kernel/trace/trace_events.o
  CC      fs/kernfs/symlink.o
  CC      mm/page_vma_mapped.o
  CC      arch/arm64/kvm/vgic/vgic-mmio-v3.o
  AR      fs/kernfs/built-in.a
  CC      fs/sysfs/file.o
  CC      mm/pagewalk.o
  CC      arch/arm64/kvm/vgic/vgic-kvm-device.o
  CC      fs/sysfs/dir.o
  CC      kernel/trace/trace_export.o
  CC      arch/arm64/kvm/vgic/vgic-its.o
  CC      fs/sysfs/symlink.o
  CC      mm/pgtable-generic.o
  CC      kernel/trace/trace_event_perf.o
  CC      arch/arm64/kvm/vgic/vgic-debug.o
  CC      fs/sysfs/mount.o
  CC      kernel/trace/trace_events_filter.o
  CC      mm/rmap.o
  CC      arch/arm64/kvm/iommu.o
  CC      fs/sysfs/group.o
  AR      fs/sysfs/built-in.a
  CC      fs/configfs/inode.o
  CC      kernel/trace/trace_events_trigger.o
  CC      fs/configfs/file.o
  CC      arch/arm64/kvm/pmu-emul.o
  CC      mm/vmalloc.o
  CC      fs/configfs/dir.o
  CC      arch/arm64/kvm/pmu.o
  CC      kernel/trace/trace_eprobe.o
  CC      fs/configfs/symlink.o
  CC      arch/arm64/kvm/pauth.o
  CC      kernel/trace/trace_events_synth.o
  CC      fs/configfs/mount.o
  CC      mm/vma.o
  CC      arch/arm64/kvm/ptdump.o
  CC      fs/configfs/item.o
  CC      kernel/trace/trace_events_hist.o
  CC      arch/arm64/kvm/hyp_events.o
  AR      fs/configfs/built-in.a
  CC      fs/devpts/inode.o
  CC      mm/process_vm_access.o
  AR      fs/devpts/built-in.a
  CC      fs/ext4/balloc.o
  CC      arch/arm64/kvm/hyp_trace.o
  CC      mm/mseal.o
  CC      kernel/trace/bpf_trace.o
  CC      fs/ext4/bitmap.o
  AR      arch/arm64/kvm/built-in.a
  CC      arch/arm64/gunyah/gunyah_hypercall.o
  CC      mm/page_alloc.o
  CC      fs/ext4/block_validity.o
  AR      arch/arm64/gunyah/built-in.a
  CC      arch/arm64/crypto/sha2-ce-glue.o
  CC      fs/ext4/dir.o
  AS      arch/arm64/crypto/sha2-ce-core.o
  CC      arch/arm64/crypto/sha512-ce-glue.o
  CC      kernel/trace/trace_kprobe.o
  AS      arch/arm64/crypto/sha512-ce-core.o
  CC      arch/arm64/crypto/ghash-ce-glue.o
  CC      fs/ext4/ext4_jbd2.o
  AS      arch/arm64/crypto/ghash-ce-core.o
  CC      arch/arm64/crypto/polyval-ce-glue.o
  CC      fs/ext4/extents.o
  AS      arch/arm64/crypto/polyval-ce-core.o
  CC      mm/shuffle.o
  AS      arch/arm64/crypto/aes-ce-core.o
  CC      arch/arm64/crypto/aes-ce-glue.o
  CC      kernel/trace/error_report-traces.o
  CC      mm/init-mm.o
  CC      arch/arm64/crypto/aes-glue-ce.o
  CC      mm/memblock.o
  CC      kernel/trace/power-traces.o
  CC      fs/ext4/extents_status.o
  AS      arch/arm64/crypto/aes-ce.o
  CC      arch/arm64/crypto/sha256-glue.o
  CC      fs/ext4/file.o
  PERLASM arch/arm64/crypto/sha256-core.S
  CC      arch/arm64/crypto/sha512-glue.o
  CC      mm/memory_hotplug.o
  CC      kernel/trace/rpm-traces.o
  PERLASM arch/arm64/crypto/sha512-core.S
  AS      arch/arm64/crypto/chacha-neon-core.o
  CC      fs/ext4/fsmap.o
  CC      arch/arm64/crypto/chacha-neon-glue.o
  CC      kernel/trace/trace_dynevent.o
  PERLASM arch/arm64/crypto/poly1305-core.S
  CC      arch/arm64/crypto/poly1305-glue.o
  CC      fs/ext4/fsync.o
  CC      mm/slub.o
  AS      arch/arm64/crypto/sha256-core.o
  AS      arch/arm64/crypto/sha512-core.o
  AS      arch/arm64/crypto/poly1305-core.o
  AR      arch/arm64/crypto/built-in.a
  CC [M]  arch/arm64/geniezone/../../../drivers/virt/geniezone/gzvm_main.o
  CC      fs/ext4/hash.o
  CC      kernel/trace/trace_probe.o
  CC [M]  arch/arm64/geniezone/../../../drivers/virt/geniezone/gzvm_vm.o
  CC      fs/ext4/ialloc.o
  CC      kernel/trace/trace_uprobe.o
  CC [M]  arch/arm64/geniezone/../../../drivers/virt/geniezone/gzvm_vcpu.o
  CC [M]  arch/arm64/geniezone/../../../drivers/virt/geniezone/gzvm_irqfd.o
  CC      fs/ext4/indirect.o
  CC      mm/madvise.o
  AR      kernel/trace/built-in.a
  CC      kernel/bpf/core.o
  CC [M]  arch/arm64/geniezone/../../../drivers/virt/geniezone/gzvm_ioeventfd.o
  CC      fs/ext4/inline.o
  CC [M]  arch/arm64/geniezone/../../../drivers/virt/geniezone/gzvm_mmu.o
  CC [M]  arch/arm64/geniezone/../../../drivers/virt/geniezone/gzvm_exception.o
  CC      fs/ext4/inode.o
  CC      mm/page_io.o
  CC [M]  arch/arm64/geniezone/vm.o
  CC      kernel/bpf/syscall.o
  CC      mm/swap_state.o
  CC [M]  arch/arm64/geniezone/vcpu.o
  CC [M]  arch/arm64/geniezone/vgic.o
  CC      fs/ext4/ioctl.o
  CC [M]  arch/arm64/geniezone/hvc.o
  CC      mm/swapfile.o
  LD [M]  arch/arm64/geniezone/gzvm.o
  AR      arch/arm64/built-in.a
  CC      kernel/bpf/verifier.o
  CC      fs/ext4/mballoc.o
  CC      mm/swap_slots.o
  CC      fs/jbd2/transaction.o
  CC      mm/dmapool.o
  CC      fs/ext4/migrate.o
  CC      fs/jbd2/commit.o
  CC      fs/ext4/mmp.o
  CC      mm/sparse.o
  CC      fs/ext4/move_extent.o
  CC      fs/jbd2/recovery.o
  CC      fs/ext4/namei.o
  CC      fs/jbd2/checkpoint.o
  CC      mm/sparse-vmemmap.o
  CC      kernel/bpf/inode.o
  CC      mm/mmu_notifier.o
  CC      fs/jbd2/revoke.o
  CC      fs/ext4/page-io.o
  CC      fs/jbd2/journal.o
  CC      mm/migrate.o
  CC      kernel/bpf/helpers.o
  CC      fs/ext4/readpage.o
  CC      fs/ext4/resize.o
  AR      fs/jbd2/built-in.a
  CC      kernel/events/core.o
  CC      kernel/bpf/tnum.o
  CC      mm/huge_memory.o
  CC      kernel/bpf/log.o
  CC      fs/ext4/super.o
  CC      kernel/bpf/token.o
  CC      kernel/bpf/bpf_iter.o
  CC      mm/khugepaged.o
  CC      kernel/bpf/map_iter.o
  CC      kernel/events/ring_buffer.o
  CC      kernel/bpf/task_iter.o
  CC      fs/ext4/symlink.o
  CC      mm/page_counter.o
  CC      mm/memcontrol-v1.o
  CC      fs/ext4/sysfs.o
  CC      kernel/bpf/prog_iter.o
  CC      kernel/events/callchain.o
  CC      fs/ext4/xattr.o
  CC      kernel/bpf/link_iter.o
  CC      kernel/events/hw_breakpoint.o
  CC      mm/memcontrol.o
  CC      kernel/bpf/hashtab.o
  CC      fs/ext4/xattr_hurd.o
  CC      kernel/events/uprobes.o
  CC      fs/ext4/xattr_trusted.o
  CC      kernel/bpf/arraymap.o
  CC      fs/ext4/xattr_user.o
  CC      fs/ext4/fast_commit.o
  CC      kernel/bpf/percpu_freelist.o
  AR      kernel/events/built-in.a
  AR      ipc/built-in.a
  CC      mm/vmpressure.o
  CC      fs/ramfs/inode.o
  CC      kernel/bpf/bpf_lru_list.o
  CC      kernel/bpf/lpm_trie.o
  CC      mm/swap_cgroup.o
  CC      fs/ramfs/file-mmu.o
  CC      fs/ext4/orphan.o
  AR      fs/ramfs/built-in.a
  CC      kernel/fork.o
  CC      mm/page_owner.o
  CC      kernel/bpf/map_in_map.o
  CC      fs/ext4/acl.o
  CC      kernel/bpf/bloom_filter.o
  CC      fs/ext4/xattr_security.o
  CC      kernel/bpf/local_storage.o
  CC      mm/cleancache.o
  CC      fs/ext4/verity.o
  CC      mm/page_pinner.o
  CC      security/keys/gc.o
  CC      kernel/bpf/queue_stack_maps.o
  CC      fs/ext4/crypto.o
  CC      security/keys/key.o
  CC      kernel/bpf/ringbuf.o
  CC [M]  fs/ext4/inode-test.o
  CC      mm/page_isolation.o
  AR      fs/ext4/built-in.a
  LD [M]  fs/ext4/ext4-inode-test.o
  CC      fs/fat/cache.o
  CC      kernel/bpf/bpf_local_storage.o
  CC      security/keys/keyring.o
  CC      fs/fat/dir.o
  CC      mm/early_ioremap.o
  CC      kernel/bpf/bpf_task_storage.o
  CC      mm/cma.o
  CC      security/keys/keyctl.o
  CC      kernel/bpf/bpf_inode_storage.o
  CC      fs/fat/fatent.o
  CC      kernel/bpf/disasm.o
  CC      security/keys/permission.o
  CC      mm/gcma.o
  CC      kernel/bpf/mprog.o
  CC      fs/fat/file.o
  CC      security/keys/process_keys.o
  CC      kernel/bpf/trampoline.o
  CC      mm/gcma_sysfs.o
  CC      fs/fat/inode.o
  CC      kernel/bpf/btf.o
  CC      security/keys/request_key.o
  CC      mm/balloon_compaction.o
  CC      security/keys/request_key_auth.o
  CC      fs/fat/misc.o
  CC      mm/page_ext.o
  CC      security/keys/user_defined.o
  CC      fs/fat/nfs.o
  CC      mm/cma_debug.o
  CC      security/keys/compat.o
  CC      mm/secretmem.o
  CC      fs/fat/namei_vfat.o
  CC      kernel/bpf/memalloc.o
  CC      security/keys/proc.o
  CC      security/keys/sysctl.o
  CC      mm/cma_sysfs.o
  CC      fs/fat/namei_msdos.o
  CC      kernel/bpf/arena.o
  CC      mm/userfaultfd.o
  CC      security/keys/keyctl_pkey.o
  CC [M]  fs/fat/fat_test.o
  CC      kernel/bpf/dispatcher.o
  AR      security/keys/built-in.a
  GEN     security/selinux/flask.h security/selinux/av_permissions.h
  CC      security/selinux/avc.o
  AR      fs/fat/built-in.a
  CC      fs/exfat/inode.o
  CC      kernel/bpf/devmap.o
  CC      mm/usercopy.o
  CC      security/selinux/hooks.o
  CC      fs/exfat/namei.o
  CC      kernel/bpf/cpumap.o
  CC      fs/exfat/dir.o
  CC      mm/memfd.o
  CC      mm/ptdump.o
  CC      kernel/bpf/offload.o
  CC      fs/exfat/super.o
  CC      security/selinux/selinuxfs.o
  CC      mm/page_reporting.o
  CC      fs/exfat/fatent.o
  CC      fs/exfat/cache.o
  CC      security/selinux/netlink.o
  CC      kernel/bpf/net_namespace.o
  CC      mm/ioremap.o
  CC      fs/exfat/nls.o
  CC      security/selinux/nlmsgtab.o
  CC      kernel/bpf/tcx.o
  CC      fs/exfat/misc.o
  CC      mm/execmem.o
  CC      security/selinux/netif.o
  CC      kernel/bpf/stackmap.o
  CC      fs/exfat/file.o
  CC      mm/io_record.o
  CC      security/selinux/netnode.o
  CC      kernel/bpf/cgroup_iter.o
  CC      fs/exfat/balloc.o
  CC [M]  mm/zsmalloc.o
  CC      kernel/bpf/bpf_cgrp_storage.o
  AR      fs/exfat/built-in.a
  CC      fs/exportfs/expfs.o
  CC      security/selinux/netport.o
  CC      kernel/bpf/cgroup.o
  AR      fs/exportfs/built-in.a
  CC      fs/nls/nls_base.o
  CC      security/selinux/status.o
  AR      mm/built-in.a
  CC      fs/nls/nls_cp437.o
  CC      kernel/exec_domain.o
  CC      fs/nls/nls_cp737.o
  CC      security/selinux/ss/ebitmap.o
  CC      fs/nls/nls_cp775.o
  CC      security/bpf/hooks.o
  CC      fs/nls/nls_cp850.o
  CC      kernel/bpf/reuseport_array.o
  CC      security/selinux/ss/hashtab.o
  AR      security/bpf/built-in.a
  CC      fs/unicode/utf8-norm.o
  CC      fs/nls/nls_cp852.o
  CC      security/selinux/ss/symtab.o
  CC      security/selinux/ss/sidtab.o
  CC      fs/nls/nls_cp855.o
  CC      fs/unicode/utf8-core.o
  CC      kernel/bpf/bpf_struct_ops.o
  CC      fs/nls/nls_cp857.o
  COPY    fs/unicode/utf8data.c
  CC      fs/unicode/utf8data.o
  CC      fs/nls/nls_cp860.o
  CC      security/selinux/ss/avtab.o
  CC      kernel/bpf/cpumask.o
  CC      fs/nls/nls_cp861.o
  AR      fs/unicode/built-in.a
  CC      fs/nls/nls_cp862.o
  CC      crypto/asymmetric_keys/asymmetric_type.o
  CC      kernel/bpf/bpf_lsm.o
  CC      security/selinux/ss/policydb.o
  CC      fs/nls/nls_cp863.o
  CC      crypto/asymmetric_keys/restrict.o
  CC      fs/nls/nls_cp864.o
  CC      kernel/bpf/crypto.o
  CC      crypto/asymmetric_keys/signature.o
  CC      fs/nls/nls_cp865.o
  CC      security/selinux/ss/services.o
  CC      fs/nls/nls_cp866.o
  CC      crypto/asymmetric_keys/public_key.o
  CC      fs/nls/nls_cp869.o
  CC      kernel/bpf/relo_core.o
  CC      fs/nls/nls_cp874.o
  ASN.1   crypto/asymmetric_keys/x509.asn1.[ch]
  ASN.1   crypto/asymmetric_keys/x509_akid.asn1.[ch]
  CC      crypto/asymmetric_keys/x509_loader.o
  CC      security/selinux/ss/conditional.o
  CC      fs/nls/nls_cp932.o
  CC      crypto/asymmetric_keys/x509_public_key.o
  CC      kernel/bpf/btf_iter.o
  CC      fs/nls/nls_euc-jp.o
  ASN.1   crypto/asymmetric_keys/pkcs7.asn1.[ch]
  CC      crypto/asymmetric_keys/pkcs7_trust.o
  CC      security/selinux/ss/mls.o
  CC      kernel/bpf/btf_relocate.o
  CC      fs/nls/nls_cp936.o
  CC      crypto/asymmetric_keys/pkcs7_verify.o
  CC      fs/nls/nls_cp949.o
  CC      kernel/bpf/bpf_fuse.o
  CC      security/selinux/ss/context.o
  CC      crypto/asymmetric_keys/x509.asn1.o
  CC      crypto/asymmetric_keys/x509_akid.asn1.o
  CC      crypto/asymmetric_keys/x509_cert_parser.o
  CC      fs/nls/nls_cp950.o
  CC      fs/nls/nls_cp1250.o
  CC      crypto/asymmetric_keys/pkcs7.asn1.o
  CC      crypto/asymmetric_keys/pkcs7_parser.o
  AR      security/selinux/built-in.a
  CC      security/integrity/iint.o
  CC      fs/nls/nls_cp1251.o
  AR      kernel/bpf/built-in.a
  CC      kernel/panic.o
  CC      security/integrity/integrity_audit.o
  AR      crypto/asymmetric_keys/built-in.a
  CC      crypto/api.o
  CC      fs/nls/nls_ascii.o
  CC      fs/nls/nls_iso8859-1.o
  CC      security/integrity/digsig.o
  CC      kernel/cpu.o
  CC      fs/nls/nls_iso8859-2.o
  CC      crypto/cipher.o
  CC      security/integrity/digsig_asymmetric.o
  CC      fs/nls/nls_iso8859-3.o
  CC      fs/nls/nls_iso8859-4.o
  CC      crypto/compress.o
  AR      security/integrity/built-in.a
security/samsung/defex_lsm/Makefile:77: [DEFEX] Enable DTM
security/samsung/defex_lsm/Makefile:84: [DEFEX] Enable Immutable root
security/samsung/defex_lsm/Makefile:91: [DEFEX] Enable Immutable root v2
security/samsung/defex_lsm/Makefile:107: [DEFEX] INTEGRITY_ENABLE
security/samsung/defex_lsm/Makefile:122: [DEFEX] Multiple rule file MODE.
security/samsung/defex_lsm/Makefile:208: [DEFEX] DEBUG_DISABLE
security/samsung/defex_lsm/Makefile:252: DEFEX Use new src
security/samsung/defex_lsm/Makefile:268: DEFEX found pack_rules
  CC      security/samsung/defex_lsm/core/defex_common.o
  CC      fs/nls/nls_iso8859-5.o
  CC      fs/nls/nls_iso8859-6.o
  CC      kernel/exit.o
  CC      security/samsung/defex_lsm/core/defex_lsm.o
  CC      crypto/crypto_engine.o
  CC      fs/nls/nls_iso8859-7.o
  CC      security/samsung/defex_lsm/core/defex_main.o
  CC      fs/nls/nls_cp1255.o
  CC      crypto/algapi.o
  CC      fs/nls/nls_iso8859-9.o
  CC      security/samsung/defex_lsm/core/defex_config.o
  CC      fs/nls/nls_iso8859-13.o
  HOSTCC  security/samsung/defex_lsm/pack_rules
  CC      kernel/softirq.o
  CC      fs/nls/nls_iso8859-14.o
  CC      security/samsung/defex_lsm/core/defex_tree.o
  CC      fs/nls/nls_iso8859-15.o
  CC      crypto/scatterwalk.o
  CC      security/samsung/defex_lsm/core/defex_tailer.o
  CC      security/samsung/defex_lsm/catch_engine/defex_catch_list.o
  CC      fs/nls/nls_koi8-r.o
  CC      fs/nls/nls_koi8-u.o
  CC      kernel/resource.o
  CC      crypto/proc.o
  CC      security/samsung/defex_lsm/catch_engine/defex_ht.o
  CC      fs/nls/nls_koi8-ru.o
  CC      crypto/aead.o
  CC      security/samsung/defex_lsm/defex_rules.o
  CC      security/samsung/defex_lsm/catch_engine/defex_catch_list_compat.o
  CC      security/samsung/defex_lsm/catch_engine/defex_caches.o
  CC      fs/nls/nls_utf8.o
  MAKEKEY security/samsung/defex_lsm/cert/x509_five_eng.der
  MAKEKEY security/samsung/defex_lsm/cert/x509_five_user.der
  CC      security/samsung/defex_lsm/cert/defex_sign.o
  CC      fs/nls/mac-celtic.o
  CC      kernel/sysctl.o
  CC      security/samsung/defex_lsm/feature_trusted_map/dtm.o
  CC      fs/nls/mac-centeuro.o
  CC      crypto/geniv.o
  CC      fs/nls/mac-croatian.o
  CC      security/samsung/defex_lsm/feature_trusted_map/dtm_engine.o
  CC      fs/nls/mac-cyrillic.o
  CC      security/samsung/defex_lsm/feature_trusted_map/dtm_log.o
  CC      fs/nls/mac-gaelic.o
  CC      kernel/capability.o
  CC      crypto/lskcipher.o
  CC      security/samsung/defex_lsm/feature_trusted_map/dtm_utils.o
  CC      fs/nls/mac-greek.o
  CC      security/samsung/defex_lsm/feature_trusted_map/ptree.o
  CC      fs/nls/mac-iceland.o
  CC      fs/nls/mac-inuit.o
  PACK    security/samsung/defex_lsm/defex_rules.c
  CC      kernel/ptrace.o
  AS      security/samsung/defex_lsm/cert/defex_cert.o
  CC      crypto/skcipher.o
  CC      security/samsung/defex_lsm/core/defex_rules_proc.o
  CC      fs/nls/mac-romanian.o
  CC      fs/nls/mac-roman.o
  AR      security/samsung/defex_lsm/built-in.a
  CC      security/kzt/kzt_main.o
  CC      fs/nls/mac-turkish.o
  CC      security/kzt/kzt_ioctl.o
  CC      kernel/user.o
  CC      crypto/bpf_crypto_skcipher.o
  AR      fs/nls/built-in.a
  CC      fs/ntfs3/attrib.o
  CC      security/kzt/kzt_offset.o
  CC      crypto/seqiv.o
  CC      kernel/signal.o
  AR      security/kzt/built-in.a
  CC      security/commoncap.o
  CC      crypto/echainiv.o
  CC      fs/ntfs3/attrlist.o
  CC      crypto/ahash.o
  CC      security/lsm_syscalls.o
  CC      fs/ntfs3/bitfunc.o
  CC      security/min_addr.o
  CC      fs/ntfs3/bitmap.o
  CC      kernel/sys.o
  CC      crypto/shash.o
  CC      security/security.o
  CC      fs/ntfs3/dir.o
  CC      fs/ntfs3/fsntfs.o
  CC      crypto/akcipher.o
  CC      kernel/umh.o
  CC      fs/ntfs3/frecord.o
  CC      crypto/sig.o
  CC      security/inode.o
  CC      kernel/workqueue.o
  CC      fs/ntfs3/file.o
  CC      crypto/kpp.o
  CC      security/lsm_audit.o
  CC      fs/ntfs3/fslog.o
  CC      security/device_cgroup.o
  ASN.1   crypto/rsapubkey.asn1.[ch]
  ASN.1   crypto/rsaprivkey.asn1.[ch]
  CC      crypto/rsa.o
  CC      fs/ntfs3/inode.o
  CC      kernel/pid.o
  CC      crypto/rsa_helper.o
  CC      crypto/rsa-pkcs1pad.o
  AR      security/built-in.a
  CC      fs/fuse/dev.o
  CC      fs/ntfs3/index.o
  CC      crypto/acompress.o
  CC      kernel/task_work.o
  CC      fs/ntfs3/lznt.o
  CC      crypto/scompress.o
  CC      fs/ntfs3/namei.o
  CC      kernel/extable.o
  CC      fs/fuse/dir.o
  CC      fs/ntfs3/record.o
  CC      crypto/algboss.o
  CC      kernel/params.o
  CC      fs/ntfs3/run.o
  CC      crypto/testmgr.o
  CC      fs/fuse/file.o
  CC      fs/ntfs3/super.o
  CC      kernel/kthread.o
  CC      crypto/cmac.o
  CC      fs/ntfs3/upcase.o
  CC      crypto/hmac.o
  CC      fs/ntfs3/xattr.o
  CC      crypto/xcbc.o
  CC      kernel/sys_ni.o
  CC      kernel/nsproxy.o
  CC      crypto/crypto_null.o
  CC      fs/fuse/inode.o
  CC      fs/ntfs3/lib/decompress_common.o
  CC      fs/ntfs3/lib/lzx_decompress.o
  CC      kernel/notifier.o
  CC      crypto/md5.o
  CC      fs/ntfs3/lib/xpress_decompress.o
  AR      fs/ntfs3/built-in.a
  CC      fs/overlayfs/super.o
  CC      crypto/sha1_generic.o
  CC      fs/fuse/control.o
  CC      kernel/ksysfs.o
  CC      fs/overlayfs/namei.o
  CC      fs/fuse/xattr.o
  CC      crypto/sha256_generic.o
  CC      kernel/cred.o
  CC      fs/overlayfs/util.o
  CC      fs/fuse/acl.o
  CC      crypto/sha512_generic.o
  CC      fs/overlayfs/inode.o
  CC      kernel/reboot.o
  CC      fs/fuse/readdir.o
  CC      crypto/sha3_generic.o
  CC      fs/overlayfs/file.o
  CC      fs/overlayfs/dir.o
  CC      fs/fuse/ioctl.o
  CC      crypto/blake2b_generic.o
  CC      kernel/async.o
  CC      fs/overlayfs/readdir.o
  CC      kernel/range.o
  CC      kernel/smpboot.o
  CC      crypto/ecb.o
  CC      crypto/cbc.o
  CC      fs/fuse/iomode.o
  CC      fs/overlayfs/copy_up.o
  CC      kernel/ucount.o
  CC      crypto/cts.o
  CC      kernel/regset.o
  CC      fs/fuse/passthrough.o
  CC      fs/overlayfs/export.o
  CC      crypto/xts.o
  CC      kernel/ksyms_common.o
  CC      fs/overlayfs/params.o
  CC      crypto/ctr.o
  CC      fs/fuse/backing.o
  CC      kernel/groups.o
  CC      crypto/xctr.o
  CC      fs/overlayfs/xattrs.o
  CC      crypto/hctr2.o
  AR      fs/overlayfs/built-in.a
  CC      fs/incfs/data_mgmt.o
  CC      fs/fuse/virtio_fs.o
  CC      kernel/vhost_task.o
  CC      crypto/adiantum.o
  CC      fs/incfs/format.o
  CC      kernel/kcmp.o
  CC      crypto/nhpoly1305.o
  AR      fs/fuse/built-in.a
  CC      block/partitions/core.o
  CC      fs/incfs/integrity.o
  CC      kernel/freezer.o
  CC      crypto/gcm.o
  CC      fs/incfs/main.o
  CC      block/partitions/msdos.o
  CC      crypto/ccm.o
  CC      fs/incfs/pseudo_files.o
  CC      kernel/profile.o
  CC      block/partitions/efi.o
  CC      crypto/chacha20poly1305.o
  CC      fs/incfs/sysfs.o
  AR      block/partitions/built-in.a
  CC      block/bdev.o
  CC      fs/incfs/vfs.o
  CC      crypto/des_generic.o
  CC      kernel/stacktrace.o
  CC      crypto/aes_generic.o
  CC      fs/incfs/verity.o
  CC      kernel/smp.o
  CC      block/fops.o
  CC      crypto/chacha_generic.o
  AR      fs/incfs/built-in.a
  AR      fs/hostfs/built-in.a
  CC      fs/debugfs/inode.o
  CC      crypto/poly1305_generic.o
  CC      block/bio.o
  CC      crypto/deflate.o
  CC      kernel/uid16.o
  CC      crypto/crc32c_generic.o
  CC      fs/debugfs/file.o
  CC      crypto/crc32_generic.o
  CC      kernel/module_signature.o
  CC      kernel/kallsyms.o
  CC      block/elevator.o
  CC      crypto/authenc.o
  AR      fs/debugfs/built-in.a
  CC      fs/tracefs/inode.o
  CC      kernel/compat.o
  CC      block/blk-core.o
  CC      crypto/authencesn.o
  CC      fs/tracefs/event_inode.o
  CC      crypto/lzo.o
  AR      fs/tracefs/built-in.a
  CC      fs/f2fs/dir.o
  CC      kernel/utsname.o
  CC      crypto/lzo-rle.o
  UPD     kernel/config_data
  CC      kernel/stop_machine.o
  CC      block/blk-sysfs.o
  CC      crypto/lz4.o
  CC      fs/f2fs/file.o
  CC      kernel/audit.o
  CC      crypto/rng.o
  CC      block/blk-flush.o
  CC      crypto/ansi_cprng.o
  CC      block/blk-settings.o
  CC      crypto/drbg.o
  CC      kernel/auditfilter.o
  CC      fs/f2fs/inode.o
  CC      block/blk-ioc.o
  CC      crypto/jitterentropy.o
  CC      crypto/jitterentropy-kcapi.o
  CC      kernel/auditsc.o
  CC      fs/f2fs/namei.o
  CC      crypto/ghash-generic.o
  CC      crypto/polyval-generic.o
  CC      block/blk-map.o
  CC      fs/f2fs/hash.o
  CC      crypto/zstd.o
  CC      kernel/audit_watch.o
  CC      fs/f2fs/super.o
  CC      crypto/ecc.o
  CC      block/blk-merge.o
  CC      kernel/audit_fsnotify.o
  CC      kernel/audit_tree.o
  CC      block/blk-timeout.o
  CC      crypto/essiv.o
  CC      kernel/kprobes.o
  CC      block/blk-lib.o
  CC      crypto/ecdh.o
  CC      fs/f2fs/inline.o
  CC      crypto/ecdh_helper.o
  CC      kernel/hung_task.o
  CC      block/blk-mq.o
  CC      crypto/hash_info.o
  CC      crypto/rsapubkey.asn1.o
  CC      crypto/rsaprivkey.asn1.o
  AR      crypto/built-in.a
  CC      io_uring/io_uring.o
  CC      fs/f2fs/checkpoint.o
  CC      kernel/watchdog.o
  CC      fs/f2fs/gc.o
  CC      block/blk-mq-tag.o
  CC      io_uring/opdef.o
  CC      kernel/seccomp.o
  CC      io_uring/kbuf.o
  CC      kernel/utsname_sysctl.o
  CC      block/blk-stat.o
  CC      kernel/delayacct.o
  CC      fs/f2fs/data.o
  CC      io_uring/rsrc.o
  CC      kernel/taskstats.o
  CC      block/blk-mq-sysfs.o
  CC      io_uring/notif.o
  CC      kernel/tsacct.o
  CC      block/blk-mq-cpumap.o
  CC      kernel/tracepoint.o
  CC      io_uring/tctx.o
  CC      block/blk-mq-sched.o
  CC      kernel/irq_work.o
  CC      fs/f2fs/node.o
  CC      io_uring/filetable.o
  CC      io_uring/rw.o
  CC      kernel/cpu_pm.o
  CC      block/ioctl.o
  CC      io_uring/net.o
  CC      kernel/scs.o
  CC      fs/f2fs/segment.o
  CC      kernel/cfi.o
  CC      block/genhd.o
  CC      kernel/jump_label.o
  CC      io_uring/poll.o
  CC      kernel/context_tracking.o
  CC      block/ioprio.o
  CC      io_uring/eventfd.o
  CC      fs/f2fs/recovery.o
  CC      io_uring/uring_cmd.o
  CC      block/badblocks.o
  CC      kernel/iomem.o
  CC      fs/f2fs/shrinker.o
  CC      block/blk-rq-qos.o
  CHK     kernel/kheaders_data.tar.xz
  GEN     kernel/kheaders_data.tar.xz
  CC      fs/f2fs/extent_cache.o
  CC      io_uring/openclose.o
  CC      block/disk-events.o
  CC      io_uring/sqpoll.o
  CC      block/blk-ia-ranges.o
  CC      fs/f2fs/sysfs.o
  CC      io_uring/xattr.o
  CC      block/early-lookup.o
  CC      fs/f2fs/debug.o
  CC      io_uring/nop.o
  CC      block/bsg.o
  CC      fs/f2fs/xattr.o
  CC      io_uring/fs.o
  CC      block/bsg-lib.o
  CC      io_uring/splice.o
  CC      fs/f2fs/acl.o
  CC      io_uring/sync.o
  CC      fs/f2fs/verity.o
  CC      block/blk-cgroup.o
  CC      io_uring/msg_ring.o
  CC      fs/f2fs/compress.o
  CC      io_uring/advise.o
  CC      block/blk-cgroup-rwstat.o
  CC      fs/f2fs/iostat.o
  CC      io_uring/epoll.o
  CC      io_uring/statx.o
  CC      block/blk-ioprio.o
  AR      fs/f2fs/built-in.a
  CC      fs/pstore/inode.o
  CC      io_uring/timeout.o
  CC      block/blk-iocost.o
  CC      fs/pstore/platform.o
  CC      io_uring/fdinfo.o
  CC      block/mq-deadline.o
  CC      fs/pstore/pmsg.o
  CC      io_uring/cancel.o
  CC      fs/pstore/ram.o
  CC      block/kyber-iosched.o
  CC      io_uring/waitid.o
  CC      fs/pstore/ram_core.o
  CC      block/bfq-iosched.o
  CC      io_uring/register.o
  AR      fs/pstore/built-in.a
  CC      fs/erofs/super.o
  CC      io_uring/truncate.o
  CC      fs/erofs/inode.o
  CC      block/bfq-wf2q.o
  CC      io_uring/memmap.o
  CC      block/bfq-cgroup.o
  CC      fs/erofs/data.o
  CC      block/blk-mq-pci.o
  CC      io_uring/io-wq.o
  CC      fs/erofs/namei.o
  CC      fs/erofs/dir.o
  CC      block/blk-mq-virtio.o
  CC      io_uring/futex.o
  CC      fs/erofs/sysfs.o
  CC      io_uring/napi.o
  CC      block/blk-zoned.o
  CC      fs/erofs/xattr.o
  AR      io_uring/built-in.a
  CC      block/blk-wbt.o
  CC      fs/erofs/decompressor.o
  AS      arch/arm64/lib/clear_page.o
  AS      arch/arm64/lib/clear_user.o
  CC      fs/erofs/zmap.o
  AS      arch/arm64/lib/copy_from_user.o
  AS      arch/arm64/lib/copy_page.o
  CC      fs/erofs/zdata.o
  CC      block/blk-mq-debugfs.o
  AS      arch/arm64/lib/copy_to_user.o
  CC      arch/arm64/lib/csum.o
  CC      arch/arm64/lib/delay.o
  CC      fs/erofs/zutil.o
  CC      block/blk-pm.o
  CC      arch/arm64/lib/insn.o
  CC      fs/erofs/fileio.o
  AS      arch/arm64/lib/memchr.o
  CC      block/blk-crypto.o
  AS      arch/arm64/lib/memcmp.o
  AR      fs/erofs/built-in.a
  CC [M]  fs/netfs/buffered_read.o
  AS      arch/arm64/lib/memcpy.o
  AS      arch/arm64/lib/memset.o
  CC      block/blk-crypto-profile.o
  AS      arch/arm64/lib/strchr.o
  AS      arch/arm64/lib/strcmp.o
  CC [M]  fs/netfs/buffered_write.o
  AS      arch/arm64/lib/strlen.o
  AS      arch/arm64/lib/strncmp.o
  CC      block/blk-crypto-sysfs.o
  AS      arch/arm64/lib/strnlen.o
  AS      arch/arm64/lib/strrchr.o
  CC [M]  kernel/kheaders.o
  CC      block/blk-crypto-fallback.o
  CC [M]  fs/netfs/direct_read.o
  AS      arch/arm64/lib/tishift.o
  GZIP    kernel/config_data.gz
  CC      kernel/configs.o
  AS      arch/arm64/lib/crc32.o
  AS      arch/arm64/lib/mte.o
  AR      arch/arm64/lib/lib.a
  AR      arch/arm64/lib/built-in.a
  CC [M]  fs/netfs/direct_write.o
  CC      block/holder.o
  AR      kernel/built-in.a
  CC      fs/open.o
  CC      fs/read_write.o
  CC [M]  fs/netfs/iterator.o
  AR      block/built-in.a
  CC [M]  fs/netfs/locking.o
  CC [M]  fs/netfs/main.o
  CC      lib/kunit/hooks.o
  CC      fs/file_table.o
  AR      drivers/cache/built-in.a
  CC      drivers/irqchip/irqchip.o
  CC [M]  lib/kunit/test.o
  CC      drivers/irqchip/irq-sun6i-r.o
  CC [M]  lib/kunit/resource.o
  CC [M]  fs/netfs/misc.o
  AR      drivers/bus/mhi/built-in.a
  CC      drivers/bus/qcom-ebi2.o
  CC      drivers/irqchip/irq-sunxi-nmi.o
  CC      drivers/bus/simple-pm-bus.o
  CC [M]  lib/kunit/user_alloc.o
  CC      drivers/irqchip/irq-gic.o
  AR      drivers/bus/built-in.a
  CC      sound/core/sound.o
  CC [M]  fs/netfs/objects.o
  CC [M]  lib/kunit/static_stub.o
  CC      drivers/irqchip/irq-gic-common.o
  CC [M]  fs/netfs/read_collect.o
  CC      sound/core/init.o
  CC      drivers/irqchip/irq-msi-lib.o
  CC [M]  lib/kunit/string-stream.o
  CC      drivers/irqchip/irq-gic-v2m.o
  CC [M]  lib/kunit/assert.o
  CC      sound/core/memory.o
  CC [M]  fs/netfs/read_pgpriv2.o
  CC      drivers/irqchip/irq-gic-v3.o
  CC [M]  lib/kunit/try-catch.o
  CC [M]  fs/netfs/read_retry.o
  CC      sound/core/control.o
  CC [M]  lib/kunit/executor.o
  CC [M]  fs/netfs/write_collect.o
  CC      drivers/irqchip/irq-gic-v3-mbi.o
  CC [M]  lib/kunit/attributes.o
  CC [M]  lib/kunit/device.o
  CC      sound/core/misc.o
  CC      drivers/irqchip/irq-gic-v3-its.o
  CC [M]  fs/netfs/write_issue.o
  CC [M]  lib/kunit/platform.o
  CC      sound/core/device.o
  LD [M]  fs/netfs/netfs.o
  CC      fs/super.o
  CC [M]  lib/kunit/debugfs.o
  CC      sound/core/info.o
  CC [M]  lib/kunit/kunit-test.o
  CC      drivers/irqchip/irq-gic-v4.o
  CC      drivers/irqchip/irq-gic-v3-its-msi-parent.o
  CC      sound/core/vmaster.o
  CC [M]  lib/kunit/platform-test.o
  CC      fs/char_dev.o
  CC      drivers/irqchip/irq-partition-percpu.o
  CC [M]  lib/kunit/kunit-example-test.o
  CC      sound/core/ctljack.o
  LD [M]  lib/kunit/kunit.o
  AR      lib/kunit/built-in.a
  CC      lib/math/div64.o
  CC      drivers/irqchip/irq-mbigen.o
  CC      lib/math/gcd.o
  CC      sound/core/jack.o
  CC      lib/math/lcm.o
  CC      lib/math/int_log.o
  CC      fs/stat.o
  CC      lib/math/int_pow.o
  CC      lib/math/int_sqrt.o
  AR      drivers/irqchip/built-in.a
  AR      drivers/phy/allwinner/built-in.a
  AR      drivers/phy/amlogic/built-in.a
  AR      drivers/phy/broadcom/built-in.a
  AR      drivers/phy/cadence/built-in.a
  AR      drivers/phy/freescale/built-in.a
  AR      drivers/phy/hisilicon/built-in.a
  AR      drivers/phy/ingenic/built-in.a
  AR      drivers/phy/intel/built-in.a
  CC      lib/math/reciprocal_div.o
  AR      drivers/phy/lantiq/built-in.a
  AR      drivers/phy/marvell/built-in.a
  AR      drivers/phy/mediatek/built-in.a
  AR      drivers/phy/microchip/built-in.a
  AR      drivers/phy/motorola/built-in.a
  AR      drivers/phy/mscc/built-in.a
  AR      drivers/phy/nuvoton/built-in.a
  AR      drivers/phy/qualcomm/built-in.a
  AR      drivers/phy/ralink/built-in.a
  AR      drivers/phy/realtek/built-in.a
  AR      drivers/phy/renesas/built-in.a
  AR      drivers/phy/rockchip/built-in.a
  CC      lib/math/rational.o
  AR      drivers/phy/samsung/built-in.a
  AR      drivers/phy/socionext/built-in.a
  AR      drivers/phy/st/built-in.a
  AR      drivers/phy/starfive/built-in.a
  AR      drivers/phy/sunplus/built-in.a
  AR      drivers/phy/tegra/built-in.a
  AR      drivers/phy/ti/built-in.a
  AR      drivers/phy/xilinx/built-in.a
  CC      drivers/phy/phy-core.o
  CC      sound/core/hwdep.o
  AR      lib/math/built-in.a
  CC      lib/crypto/mpi/generic_mpih-lshift.o
  CC      fs/exec.o
  CC      lib/crypto/mpi/generic_mpih-mul1.o
  CC      sound/core/timer.o
  CC      drivers/phy/phy-core-mipi-dphy.o
  CC      lib/crypto/mpi/generic_mpih-mul2.o
  CC      lib/crypto/mpi/generic_mpih-mul3.o
  AR      drivers/phy/built-in.a
  AR      drivers/pinctrl/actions/built-in.a
  AR      drivers/pinctrl/bcm/built-in.a
  AR      drivers/pinctrl/cirrus/built-in.a
  CC      fs/pipe.o
  AR      drivers/pinctrl/freescale/built-in.a
  AR      drivers/pinctrl/mediatek/built-in.a
  AR      drivers/pinctrl/mvebu/built-in.a
  AR      drivers/pinctrl/nomadik/built-in.a
  AR      drivers/pinctrl/nuvoton/built-in.a
  AR      drivers/pinctrl/nxp/built-in.a
  AR      drivers/pinctrl/qcom/built-in.a
  AR      drivers/pinctrl/sophgo/built-in.a
  AR      drivers/pinctrl/sprd/built-in.a
  AR      drivers/pinctrl/sunplus/built-in.a
  AR      drivers/pinctrl/ti/built-in.a
  CC      drivers/pinctrl/core.o
  CC      lib/crypto/mpi/generic_mpih-rshift.o
  CC      sound/core/hrtimer.o
  CC      lib/crypto/mpi/generic_mpih-sub1.o
  CC      sound/core/pcm.o
  CC      lib/crypto/mpi/generic_mpih-add1.o
  CC      drivers/pinctrl/pinctrl-utils.o
  CC      fs/namei.o
  CC      lib/crypto/mpi/mpicoder.o
  CC      sound/core/pcm_native.o
  CC      drivers/pinctrl/pinmux.o
  CC      lib/crypto/mpi/mpi-add.o
  CC      drivers/pinctrl/pinconf.o
  CC      fs/fcntl.o
  CC      drivers/pinctrl/pinconf-generic.o
  CC      lib/crypto/mpi/mpi-bit.o
  CC      sound/core/pcm_lib.o
  CC      drivers/pinctrl/devicetree.o
  CC      lib/crypto/mpi/mpi-cmp.o
  CC      fs/ioctl.o
  CC      drivers/pinctrl/pinctrl-single.o
  CC      sound/core/pcm_misc.o
  CC      lib/crypto/mpi/mpi-sub-ui.o
  AR      drivers/pinctrl/built-in.a
  CC      drivers/gpio/gpiolib.o
  CC      sound/core/pcm_memory.o
  CC      fs/readdir.o
  CC      lib/crypto/mpi/mpi-div.o
  CC      lib/crypto/mpi/mpi-mod.o
  CC      sound/core/memalloc.o
  CC      fs/select.o
  CC      lib/crypto/mpi/mpi-mul.o
  CC      drivers/gpio/gpiolib-devres.o
  CC      sound/core/pcm_timer.o
  CC      lib/crypto/mpi/mpih-cmp.o
  CC      drivers/gpio/gpiolib-legacy.o
  CC      sound/core/pcm_drm_eld.o
  CC      lib/crypto/mpi/mpih-div.o
  CC      fs/dcache.o
  CC      lib/crypto/mpi/mpih-mul.o
  CC      drivers/gpio/gpiolib-of.o
  CC      sound/core/pcm_iec958.o
  CC      lib/crypto/mpi/mpi-pow.o
  CC      sound/core/pcm_dmaengine.o
  CC      drivers/gpio/gpiolib-cdev.o
  CC      fs/inode.o
  CC      lib/crypto/mpi/mpiutil.o
  CC      sound/core/rawmidi.o
  CC      drivers/gpio/gpiolib-swnode.o
  AR      lib/crypto/mpi/built-in.a
  CC      lib/crypto/memneq.o
  CC      drivers/gpio/gpio-mmio.o
  CC      fs/attr.o
  CC      lib/crypto/utils.o
  CC      sound/core/compress_offload.o
  CC      drivers/gpio/gpio-pl061.o
  CC      lib/crypto/chacha.o
  CC      lib/crypto/libchacha.o
  CC      fs/bad_inode.o
  AR      drivers/gpio/built-in.a
  CC      drivers/pwm/core.o
  AR      sound/core/built-in.a
  AR      sound/i2c/other/built-in.a
  AR      sound/i2c/built-in.a
  AR      sound/drivers/opl3/built-in.a
  AR      sound/drivers/opl4/built-in.a
  CC      lib/crypto/aes.o
  AR      sound/drivers/mpu401/built-in.a
  AR      sound/drivers/vx/built-in.a
  AR      sound/drivers/pcsp/built-in.a
  AR      sound/drivers/built-in.a
  CC      fs/file.o
  AR      sound/isa/ad1816a/built-in.a
  AR      sound/isa/ad1848/built-in.a
  AR      sound/isa/cs423x/built-in.a
  AR      sound/isa/es1688/built-in.a
  AR      sound/isa/galaxy/built-in.a
  AR      sound/isa/gus/built-in.a
  AR      sound/isa/msnd/built-in.a
  AR      sound/isa/opti9xx/built-in.a
  AR      sound/isa/sb/built-in.a
  AR      sound/isa/wavefront/built-in.a
  AR      sound/isa/wss/built-in.a
  AR      sound/isa/built-in.a
  AR      sound/pci/ac97/built-in.a
  AR      sound/pci/ali5451/built-in.a
  AR      sound/pci/asihpi/built-in.a
  AR      sound/pci/au88x0/built-in.a
  AR      sound/pci/aw2/built-in.a
  AR      sound/pci/ctxfi/built-in.a
  AR      sound/pci/ca0106/built-in.a
  AR      sound/pci/cs46xx/built-in.a
  AR      sound/pci/cs5535audio/built-in.a
  AR      sound/pci/lola/built-in.a
  AR      sound/pci/lx6464es/built-in.a
  AR      sound/pci/echoaudio/built-in.a
  AR      sound/pci/emu10k1/built-in.a
  AR      sound/pci/hda/built-in.a
  AR      sound/pci/ice1712/built-in.a
  AR      sound/pci/korg1212/built-in.a
  AR      sound/pci/mixart/built-in.a
  AR      sound/pci/nm256/built-in.a
  AR      sound/pci/oxygen/built-in.a
  AR      sound/pci/pcxhr/built-in.a
  AR      sound/pci/riptide/built-in.a
  AR      sound/pci/rme9652/built-in.a
  AR      sound/pci/trident/built-in.a
  AR      sound/pci/ymfpci/built-in.a
  AR      sound/pci/vx222/built-in.a
  AR      sound/pci/built-in.a
  AR      sound/ppc/built-in.a
  AR      sound/arm/built-in.a
  AR      sound/sh/built-in.a
  AR      sound/synth/built-in.a
  AR      sound/usb/misc/built-in.a
  AR      sound/usb/usx2y/built-in.a
  AR      sound/usb/caiaq/built-in.a
  AR      sound/usb/6fire/built-in.a
  AR      sound/usb/hiface/built-in.a
  AR      sound/usb/bcd2000/built-in.a
  CC      sound/usb/card.o
  CC      lib/crypto/gf128mul.o
  AR      drivers/pwm/built-in.a
  AR      drivers/leds/flash/built-in.a
  AR      drivers/leds/rgb/built-in.a
  CC      drivers/leds/trigger/ledtrig-timer.o
  CC      drivers/leds/trigger/ledtrig-transient.o
  CC      fs/filesystems.o
  CC      lib/crypto/blake2s.o
  AR      drivers/leds/trigger/built-in.a
  AR      drivers/leds/blink/built-in.a
  CC      sound/usb/clock.o
  AR      drivers/leds/simple/built-in.a
  CC      drivers/leds/led-core.o
  CC      lib/crypto/blake2s-generic.o
  CC      sound/usb/endpoint.o
  CC      fs/namespace.o
  CC      drivers/leds/led-class.o
  CC      lib/crypto/chacha20poly1305.o
  CC      drivers/leds/led-class-flash.o
  CC      sound/usb/format.o
  CC      lib/crypto/curve25519-hacl64.o
  CC      drivers/leds/led-class-multicolor.o
  CC      sound/usb/helper.o
  CC      fs/seq_file.o
  CC      drivers/leds/led-triggers.o
  CC      lib/crypto/curve25519-generic.o
  CC      sound/usb/implicit.o
  CC      sound/usb/mixer.o
  CC      lib/crypto/curve25519.o
  CC      fs/xattr.o
  AR      drivers/leds/built-in.a
  CC      drivers/pci/msi/pcidev_msi.o
  CC      lib/crypto/des.o
  CC      drivers/pci/msi/api.o
  CC      sound/usb/mixer_quirks.o
  CC      lib/crypto/poly1305-donna64.o
  CC      fs/libfs.o
  CC      drivers/pci/msi/msi.o
  CC      lib/crypto/poly1305.o
  CC      sound/usb/mixer_scarlett.o
  CC      sound/usb/mixer_scarlett2.o
  CC      lib/crypto/sha1.o
  CC      drivers/pci/msi/irqdomain.o
  CC      fs/fs-writeback.o
  CC      lib/crypto/sha256.o
  AR      drivers/pci/msi/built-in.a
  CC      drivers/pci/pcie/portdrv.o
  CC [M]  lib/crypto/arc4.o
  CC      sound/usb/mixer_us16x08.o
  CC      sound/usb/mixer_s1810c.o
  CC      drivers/pci/pcie/rcec.o
  AR      lib/crypto/built-in.a
  LD [M]  lib/crypto/libarc4.o
  CC      lib/zlib_inflate/inffast.o
  CC      lib/zlib_inflate/inflate.o
  CC      drivers/pci/pcie/aspm.o
  CC      sound/usb/pcm.o
  CC      lib/zlib_inflate/infutil.o
  CC      fs/pnode.o
  CC      lib/zlib_inflate/inftrees.o
  CC      fs/splice.o
  CC      lib/zlib_inflate/inflate_syms.o
  CC      drivers/pci/pcie/aer.o
  AR      lib/zlib_inflate/built-in.a
  CC      sound/usb/power.o
  CC      lib/zlib_deflate/deflate.o
  CC      sound/usb/proc.o
  CC      lib/zlib_deflate/deftree.o
  CC      lib/zlib_deflate/deflate_syms.o
  CC      fs/sync.o
  CC      drivers/pci/pcie/err.o
  CC      sound/usb/quirks.o
  AR      lib/zlib_deflate/built-in.a
  CC      drivers/pci/pcie/pme.o
  CC      lib/reed_solomon/reed_solomon.o
  CC      sound/usb/stream.o
  CC      fs/utimes.o
  AR      drivers/pci/pcie/built-in.a
  AR      drivers/pci/pwrctrl/built-in.a
  CC      drivers/pci/hotplug/pci_hotplug_core.o
  AR      lib/reed_solomon/built-in.a
  CC      lib/lzo/lzo1x_compress.o
  CC      sound/usb/validate.o
  CC      fs/d_path.o
  CC      sound/usb/media.o
  CC      lib/lzo/lzo1x_decompress_safe.o
  CC      drivers/pci/hotplug/pciehp_core.o
  CC      sound/usb/midi.o
  CC      drivers/pci/hotplug/pciehp_ctrl.o
  AR      lib/lzo/built-in.a
  CC      lib/lz4/lz4_compress.o
  CC      fs/stack.o
  CC      drivers/pci/hotplug/pciehp_pci.o
  CC      fs/fs_struct.o
  CC      drivers/pci/hotplug/pciehp_hpc.o
  CC      lib/lz4/lz4hc_compress.o
  AR      sound/usb/built-in.a
  AR      sound/firewire/built-in.a
  AR      sound/sparc/built-in.a
  AR      sound/spi/built-in.a
  AR      sound/parisc/built-in.a
  AR      sound/pcmcia/vx/built-in.a
  AR      sound/pcmcia/pdaudiocf/built-in.a
  AR      sound/pcmcia/built-in.a
  AR      sound/mips/built-in.a
  AR      sound/soc/codecs/built-in.a
  AR      sound/soc/generic/built-in.a
  AR      sound/soc/apple/built-in.a
  AR      sound/soc/adi/built-in.a
  AR      sound/soc/amd/built-in.a
  AR      sound/soc/atmel/built-in.a
  AR      sound/soc/au1x/built-in.a
  AR      sound/soc/bcm/built-in.a
  AR      sound/soc/cirrus/built-in.a
  AR      sound/soc/dwc/built-in.a
  AR      sound/soc/fsl/built-in.a
  AR      sound/soc/google/built-in.a
  AR      sound/soc/hisilicon/built-in.a
  AR      sound/soc/jz4740/built-in.a
  AR      sound/soc/loongson/built-in.a
  AR      sound/soc/img/built-in.a
  AR      sound/soc/intel/common/built-in.a
  AR      sound/soc/intel/boards/built-in.a
  AR      sound/soc/intel/built-in.a
  CC      fs/statfs.o
  AR      sound/soc/mediatek/built-in.a
  AR      sound/soc/meson/built-in.a
  AR      sound/soc/mxs/built-in.a
  AR      sound/soc/kirkwood/built-in.a
  AR      sound/soc/pxa/built-in.a
  AR      sound/soc/qcom/built-in.a
  AR      sound/soc/rockchip/built-in.a
  AR      sound/soc/samsung/built-in.a
  AR      sound/soc/sh/built-in.a
  AR      drivers/pci/hotplug/built-in.a
  AR      sound/soc/sof/built-in.a
  AR      sound/soc/spear/built-in.a
  AR      drivers/pci/endpoint/functions/built-in.a
  CC      drivers/pci/endpoint/pci-epc-core.o
  AR      sound/soc/sprd/built-in.a
  AR      sound/soc/starfive/built-in.a
  AR      sound/soc/sti/built-in.a
  AR      sound/soc/stm/built-in.a
  AR      sound/soc/sunxi/built-in.a
  AR      sound/soc/tegra/built-in.a
  AR      sound/soc/ti/built-in.a
  AR      sound/soc/uniphier/built-in.a
  AR      sound/soc/ux500/built-in.a
  AR      sound/soc/xilinx/built-in.a
  AR      sound/soc/xtensa/built-in.a
  AR      sound/soc/sdw_utils/built-in.a
  CC      sound/soc/soc-core.o
  CC      lib/lz4/lz4_decompress.o
  CC      fs/fs_pin.o
  CC      drivers/pci/endpoint/pci-epf-core.o
  AR      lib/lz4/built-in.a
  CC      lib/zstd/zstd_compress_module.o
  CC      fs/nsfs.o
  CC      lib/zstd/compress/fse_compress.o
  CC      drivers/pci/endpoint/pci-epc-mem.o
  CC      lib/zstd/compress/hist.o
  CC      lib/zstd/compress/huf_compress.o
  CC      sound/soc/soc-dapm.o
  CC      lib/zstd/compress/zstd_compress.o
  CC      fs/fs_types.o
  AR      drivers/pci/endpoint/built-in.a
  CC      drivers/pci/controller/dwc/pcie-designware.o
  CC      fs/fs_context.o
  CC      lib/zstd/compress/zstd_compress_literals.o
  CC      lib/zstd/compress/zstd_compress_sequences.o
  CC      lib/zstd/compress/zstd_compress_superblock.o
  CC      lib/zstd/compress/zstd_double_fast.o
  CC      sound/soc/soc-jack.o
  CC      drivers/pci/controller/dwc/pcie-designware-host.o
  CC      fs/fs_parser.o
  CC      lib/zstd/compress/zstd_fast.o
  CC      sound/soc/soc-utils.o
  CC      drivers/pci/controller/dwc/pcie-designware-ep.o
  CC      lib/zstd/compress/zstd_lazy.o
  CC      fs/fsopen.o
  CC      sound/soc/soc-dai.o
  CC      fs/init.o
  CC      drivers/pci/controller/dwc/pcie-designware-plat.o
  CC      drivers/pci/controller/dwc/pcie-qcom-common.o
  CC      fs/kernel_read_file.o
  CC      sound/soc/soc-component.o
  CC      drivers/pci/controller/dwc/pcie-qcom.o
  CC      lib/zstd/compress/zstd_ldm.o
  CC      fs/mnt_idmapping.o
  CC      lib/zstd/compress/zstd_opt.o
  CC      sound/soc/soc-pcm.o
  CC      drivers/pci/controller/dwc/pcie-kirin.o
  CC      fs/remap_range.o
  CC      lib/zstd/zstd_decompress_module.o
  AR      drivers/pci/controller/dwc/built-in.a
  AR      drivers/pci/controller/mobiveil/built-in.a
  AR      drivers/pci/controller/plda/built-in.a
  CC      drivers/pci/controller/pci-host-common.o
  CC      sound/soc/soc-devres.o
  CC      lib/zstd/decompress/huf_decompress.o
  CC      fs/pidfs.o
  CC      lib/zstd/decompress/zstd_ddict.o
  CC      lib/zstd/decompress/zstd_decompress.o
  CC      drivers/pci/controller/pci-host-generic.o
  CC      lib/zstd/decompress/zstd_decompress_block.o
  CC      sound/soc/soc-ops.o
  CC      fs/buffer.o
  AR      drivers/pci/controller/built-in.a
  AR      drivers/pci/switch/built-in.a
  CC      drivers/pci/access.o
  CC      lib/zstd/zstd_common_module.o
  CC      sound/soc/soc-link.o
  CC      lib/zstd/common/debug.o
  CC      lib/zstd/common/entropy_common.o
  CC      drivers/pci/bus.o
  CC      lib/zstd/common/error_private.o
  CC      lib/zstd/common/fse_decompress.o
  CC      lib/zstd/common/zstd_common.o
  AR      lib/zstd/built-in.a
  CC      lib/xz/xz_dec_syms.o
  CC      fs/mpage.o
  CC      sound/soc/soc-card.o
  CC      lib/xz/xz_dec_stream.o
  CC      drivers/pci/probe.o
  CC      lib/xz/xz_dec_lzma2.o
  CC      sound/soc/soc-compress.o
  CC      lib/xz/xz_dec_bcj.o
  CC      fs/proc_namespace.o
  AR      lib/xz/built-in.a
  CC      lib/dim/dim.o
  CC      drivers/pci/host-bridge.o
  CC      fs/direct-io.o
  CC      sound/soc/soc-topology.o
  CC      lib/dim/net_dim.o
  CC      drivers/pci/remove.o
  CC      sound/soc/soc-generic-dmaengine-pcm.o
  CC      fs/eventpoll.o
  CC      lib/dim/rdma_dim.o
  CC      drivers/pci/pci.o
  AR      lib/dim/built-in.a
  CC [M]  sound/soc/soc-topology-test.o
  CC      lib/fonts/fonts.o
  CC      fs/anon_inodes.o
  CC      lib/fonts/font_8x16.o
  CC [M]  sound/soc/soc-utils-test.o
  CC      drivers/pci/pci-driver.o
  AR      sound/soc/built-in.a
  AR      sound/atmel/built-in.a
  AR      sound/hda/built-in.a
  AR      sound/x86/built-in.a
  AR      lib/fonts/built-in.a
  AR      sound/xen/built-in.a
  AR      sound/virtio/built-in.a
  TEST    lib/test_fortify/read_overflow-memchr.log
  CC      sound/sound_core.o
  CC      fs/signalfd.o
  TEST    lib/test_fortify/read_overflow-memchr_inv.log
  TEST    lib/test_fortify/read_overflow-memcmp.log
  CC      sound/last.o
  CC      fs/timerfd.o
  CC      drivers/pci/search.o
  TEST    lib/test_fortify/read_overflow-memscan.log
  AR      sound/built-in.a
  CC      drivers/pci/rom.o
  TEST    lib/test_fortify/read_overflow2-memcmp.log
  CC      fs/eventfd.o
  TEST    lib/test_fortify/read_overflow2-memcpy.log
  TEST    lib/test_fortify/read_overflow2-memmove.log
  CC      drivers/video/backlight/backlight.o
  CC      drivers/pci/setup-res.o
  TEST    lib/test_fortify/read_overflow2_field-memcpy.log
  TEST    lib/test_fortify/read_overflow2_field-memmove.log
  CC      fs/userfaultfd.o
  TEST    lib/test_fortify/write_overflow-memcpy.log
  AR      drivers/video/backlight/built-in.a
  AR      drivers/video/fbdev/core/built-in.a
  CC      drivers/pci/irq.o
  AR      drivers/video/fbdev/omap/built-in.a
  AR      drivers/video/fbdev/omap2/omapfb/dss/built-in.a
  AR      drivers/video/fbdev/omap2/omapfb/displays/built-in.a
  AR      drivers/video/fbdev/omap2/omapfb/built-in.a
  AR      drivers/video/fbdev/omap2/built-in.a
  AR      drivers/video/fbdev/built-in.a
  CC      drivers/video/cmdline.o
  TEST    lib/test_fortify/write_overflow-memmove.log
  TEST    lib/test_fortify/write_overflow-memset.log
  TEST    lib/test_fortify/write_overflow-strcpy-lit.log
  CC      fs/aio.o
  CC      drivers/pci/vpd.o
  TEST    lib/test_fortify/write_overflow-strcpy.log
  CC      drivers/video/nomodeset.o
  TEST    lib/test_fortify/write_overflow-strncpy-src.log
  TEST    lib/test_fortify/write_overflow-strncpy.log
  CC      drivers/video/hdmi.o
  CC      drivers/pci/setup-bus.o
  TEST    lib/test_fortify/write_overflow-strscpy.log
  TEST    lib/test_fortify/write_overflow_field-memcpy.log
  CC      fs/locks.o
  TEST    lib/test_fortify/write_overflow_field-memmove.log
  CC      drivers/video/display_timing.o
  TEST    lib/test_fortify/write_overflow_field-memset.log
  CC      drivers/video/videomode.o
  CC      drivers/pci/vc.o
  CAT     lib/test_fortify/test_fortify.log
  CC      lib/argv_split.o
  CC      drivers/video/of_display_timing.o
  CC      lib/bug.o
  CC      drivers/pci/mmap.o
  CC      drivers/video/of_videomode.o
  CC      fs/binfmt_misc.o
  CC      lib/buildid.o
  CC      drivers/pci/devres.o
  AR      drivers/video/built-in.a
  CC      net/core/sock.o
  CC      lib/clz_tab.o
  CC      lib/cmdline.o
  CC      fs/binfmt_script.o
  CC      lib/cpumask.o
  CC      drivers/pci/proc.o
  CC      fs/binfmt_elf.o
  CC      drivers/pci/pci-sysfs.o
  CC      lib/ctype.o
  CC      lib/dec_and_lock.o
  CC      fs/compat_binfmt_elf.o
  CC      lib/decompress.o
  CC      lib/decompress_inflate.o
  CC      drivers/pci/slot.o
  CC      lib/decompress_unlz4.o
  CC      fs/backing-file.o
  CC      lib/decompress_unzstd.o
  CC      net/core/request_sock.o
  CC      drivers/pci/iomap.o
  CC      lib/dump_stack.o
  CC      net/core/skbuff.o
  CC      fs/mbcache.o
  CC      drivers/pci/of.o
  CC      lib/earlycpio.o
  CC      lib/extable.o
  CC      fs/posix_acl.o
  CC      lib/fdt.o
  CC      lib/fdt_addresses.o
  CC      lib/fdt_empty_tree.o
  CC      lib/fdt_ro.o
  CC      drivers/pci/quirks.o
  CC      lib/fdt_rw.o
  CC      lib/fdt_strerror.o
  CC      lib/fdt_sw.o
  CC      fs/coredump.o
  CC      lib/fdt_wip.o
  CC      lib/flex_proportions.o
  CC      lib/idr.o
  CC      drivers/pci/ats.o
  CC      lib/irq_regs.o
  CC      lib/is_single_threaded.o
  CC      fs/drop_caches.o
  CC      net/core/datagram.o
  CC      drivers/pci/iov.o
  CC      lib/klist.o
  CC      fs/sysctls.o
  CC      fs/bpf_fs_kfuncs.o
  CC      lib/kobject.o
  CC      drivers/pci/syscall.o
  AR      fs/built-in.a
  CC      lib/kobject_uevent.o
  CC      virt/lib/irqbypass.o
  CC      net/core/stream.o
  CC      drivers/pci/ecam.o
  AR      virt/lib/built-in.a
  AR      virt/built-in.a
  CC      lib/logic_pio.o
  AR      drivers/idle/built-in.a
  CC      net/llc/llc_core.o
  CC      lib/maple_tree.o
  AR      drivers/pci/built-in.a
  AR      drivers/char/ipmi/built-in.a
  CC      drivers/amba/bus.o
  CC      net/core/scm.o
  CC      net/llc/llc_input.o
  AR      drivers/amba/built-in.a
  AR      drivers/clk/actions/built-in.a
  AR      drivers/clk/analogbits/built-in.a
  AR      drivers/clk/bcm/built-in.a
  CC      drivers/clk/hisilicon/clk.o
  CC      net/core/gen_stats.o
  CC      drivers/clk/hisilicon/clkgate-separated.o
  CC      net/llc/llc_output.o
  CC      lib/memcat_p.o
  CC      drivers/clk/hisilicon/clkdivider-hi6220.o
  CC      lib/nmi_backtrace.o
  CC      drivers/clk/hisilicon/clk-hisi-phase.o
  CC      net/core/gen_estimator.o
  AR      net/llc/built-in.a
  AR      drivers/dma/idxd/built-in.a
  AR      drivers/dma/amd/built-in.a
  AR      drivers/dma/mediatek/built-in.a
  AR      drivers/dma/qcom/built-in.a
  AR      drivers/dma/stm32/built-in.a
  AR      drivers/dma/ti/built-in.a
  AR      drivers/dma/xilinx/built-in.a
  CC      drivers/dma/dmaengine.o
  CC      lib/objpool.o
  CC      drivers/clk/hisilicon/crg-hi3516cv300.o
  CC      lib/plist.o
  CC      lib/radix-tree.o
  CC      net/core/net_namespace.o
  CC      drivers/clk/hisilicon/clk-hi3519.o
  CC      drivers/dma/virt-dma.o
  CC      drivers/clk/hisilicon/clk-hi3559a.o
  CC      lib/ratelimit.o
  CC      drivers/clk/hisilicon/clk-hi3660.o
  CC      drivers/dma/of-dma.o
  CC      lib/rbtree.o
  CC      drivers/clk/hisilicon/clk-hi3670.o
  CC      net/core/secure_seq.o
  CC      lib/seq_buf.o
  CC      drivers/clk/hisilicon/crg-hi3798cv200.o
  AR      drivers/dma/built-in.a
  AR      drivers/clk/imgtec/built-in.a
  CC      net/ethernet/eth.o
  CC      drivers/clk/hisilicon/clk-hi6220.o
  CC      lib/siphash.o
  CC      drivers/clk/hisilicon/reset.o
  CC      net/core/flow_dissector.o
  CC      lib/string.o
  CC      lib/timerqueue.o
  CC      drivers/clk/hisilicon/clk-hi6220-stub.o
  AR      net/ethernet/built-in.a
  AR      drivers/soc/apple/built-in.a
  AR      drivers/soc/aspeed/built-in.a
  CC      drivers/soc/bcm/brcmstb/common.o
  CC      lib/union_find.o
  CC      lib/vsprintf.o
  CC      drivers/clk/hisilicon/clk-hi3660-stub.o
  AR      drivers/clk/hisilicon/built-in.a
  CC      drivers/soc/bcm/brcmstb/biuctrl.o
  AR      drivers/clk/imx/built-in.a
  AR      drivers/clk/ingenic/built-in.a
  AR      drivers/clk/mediatek/built-in.a
  AR      drivers/clk/microchip/built-in.a
  AR      drivers/clk/mstar/built-in.a
  AR      drivers/clk/mvebu/built-in.a
  AR      drivers/clk/ralink/built-in.a
  AR      drivers/clk/renesas/built-in.a
  AR      drivers/clk/socfpga/built-in.a
  AR      drivers/clk/sophgo/built-in.a
  AR      drivers/clk/sprd/built-in.a
  AR      drivers/clk/starfive/built-in.a
  AR      drivers/clk/sunxi/built-in.a
  AR      drivers/clk/sunxi-ng/built-in.a
  AR      drivers/clk/ti/built-in.a
  AR      drivers/clk/versatile/built-in.a
  AR      drivers/clk/xilinx/built-in.a
  CC      drivers/clk/clk-devres.o
  CC      net/core/sysctl_net_core.o
  AR      drivers/soc/bcm/brcmstb/built-in.a
  AR      drivers/soc/bcm/built-in.a
  AR      drivers/soc/fsl/built-in.a
  AR      drivers/soc/fujitsu/built-in.a
  AR      drivers/soc/hisilicon/built-in.a
  AR      drivers/soc/imx/built-in.a
  AR      drivers/soc/ixp4xx/built-in.a
  AR      drivers/soc/loongson/built-in.a
  AR      drivers/soc/mediatek/built-in.a
  AR      drivers/soc/microchip/built-in.a
  AR      drivers/soc/nuvoton/built-in.a
  AR      drivers/soc/pxa/built-in.a
  AR      drivers/soc/amlogic/built-in.a
  CC      drivers/soc/qcom/qcom-geni-se.o
  CC      drivers/clk/clk-bulk.o
  CC      lib/win_minmax.o
  CC      drivers/soc/qcom/smem_state.o
  CC      drivers/clk/clkdev.o
  CC      net/core/dev.o
  CC      lib/xarray.o
  AR      drivers/soc/qcom/built-in.a
  AR      drivers/soc/renesas/built-in.a
  AR      drivers/soc/rockchip/built-in.a
  CC      drivers/soc/sunxi/sunxi_mbus.o
  CC      drivers/clk/clk.o
  CC      drivers/soc/sunxi/sunxi_sram.o
  CC      lib/lockref.o
  CC      lib/bcd.o
  CC      lib/sort.o
  CC      lib/parser.o
  AR      drivers/soc/sunxi/built-in.a
  AR      drivers/soc/ti/built-in.a
  AR      drivers/soc/versatile/built-in.a
  AR      drivers/soc/xilinx/built-in.a
  AR      drivers/soc/built-in.a
  CC      net/802/p8022.o
  CC      lib/debug_locks.o
  CC      lib/random32.o
  CC      drivers/clk/clk-divider.o
  CC      net/802/psnap.o
  CC      lib/bust_spinlocks.o
  CC      lib/kasprintf.o
  CC      drivers/clk/clk-fixed-factor.o
  CC      lib/bitmap.o
  CC      net/802/stp.o
  CC      drivers/clk/clk-fixed-rate.o
  CC      net/core/dev_addr_lists.o
  CC      lib/scatterlist.o
  CC      drivers/clk/clk-gate.o
  AR      net/802/built-in.a
  CC      net/sched/sch_generic.o
  CC      net/core/dst.o
  CC      drivers/clk/clk-multiplier.o
  CC      lib/list_sort.o
  CC      lib/uuid.o
  CC      lib/iov_iter.o
  CC      drivers/clk/clk-mux.o
  CC      net/sched/sch_mq.o
  CC      net/core/netevent.o
  CC      drivers/clk/clk-composite.o
  CC      net/sched/sch_frag.o
  CC      lib/clz_ctz.o
  CC      lib/bsearch.o
  CC      drivers/clk/clk-fractional-divider.o
  CC      net/core/neighbour.o
  CC      lib/find_bit.o
  CC      drivers/clk/clk-gpio.o
  CC      net/sched/sch_api.o
  CC      lib/llist.o
  CC      lib/lwq.o
  CC      drivers/clk/clk-conf.o
  CC      lib/memweight.o
  CC      lib/kfifo.o
  CC      drivers/clk/clk-scpi.o
  CC      net/core/rtnetlink.o
  CC [M]  drivers/clk/clk_test.o
  CC      net/sched/sch_blackhole.o
  CC      lib/percpu-refcount.o
  DTC     drivers/clk/kunit_clk_parent_data_test.dtbo
  CC [M]  drivers/clk/clk-gate_test.o
  CC      net/sched/cls_api.o
  CC      lib/rhashtable.o
  CC [M]  drivers/clk/clk_kunit_helpers.o
  WRAP    drivers/clk/kunit_clk_parent_data_test.dtbo.S
  AR      drivers/clk/built-in.a
  AS [M]  drivers/clk/kunit_clk_parent_data_test.dtbo.o
  LD [M]  drivers/clk/clk-test.o
  AR      drivers/pmdomain/actions/built-in.a
  AR      drivers/pmdomain/amlogic/built-in.a
  AR      drivers/pmdomain/apple/built-in.a
  CC      lib/base64.o
  CC      drivers/pmdomain/arm/scmi_perf_domain.o
  CC      net/core/utils.o
  CC      lib/once.o
  CC      drivers/pmdomain/arm/scmi_pm_domain.o
  CC      net/sched/act_api.o
  CC      lib/refcount.o
  AR      drivers/pmdomain/arm/built-in.a
  AR      drivers/pmdomain/bcm/built-in.a
  AR      drivers/pmdomain/imx/built-in.a
  AR      drivers/pmdomain/mediatek/built-in.a
  AR      drivers/pmdomain/qcom/built-in.a
  AR      drivers/pmdomain/renesas/built-in.a
  AR      drivers/pmdomain/rockchip/built-in.a
  AR      drivers/pmdomain/samsung/built-in.a
  AR      drivers/pmdomain/st/built-in.a
  AR      drivers/pmdomain/starfive/built-in.a
  AR      drivers/pmdomain/sunxi/built-in.a
  AR      drivers/pmdomain/tegra/built-in.a
  AR      drivers/pmdomain/ti/built-in.a
  AR      drivers/pmdomain/xilinx/built-in.a
  CC      drivers/pmdomain/core.o
  CC      lib/rcuref.o
  CC      net/core/link_watch.o
  CC      lib/usercopy.o
  CC      lib/errseq.o
  CC      lib/bucket_locks.o
  CC      net/sched/act_police.o
  CC      drivers/pmdomain/governor.o
  CC      net/core/filter.o
  AR      drivers/pmdomain/built-in.a
  CC      drivers/virtio/virtio.o
  CC      lib/generic-radix-tree.o
  CC      net/sched/act_gact.o
  CC      lib/bitmap-str.o
  CC      net/sched/act_mirred.o
  CC      drivers/virtio/virtio_ring.o
  CC      lib/string_helpers.o
  CC      net/sched/act_skbedit.o
  CC      drivers/virtio/virtio_anchor.o
  CC      lib/hexdump.o
  CC      net/sched/act_bpf.o
  CC      lib/kstrtox.o
  CC      drivers/virtio/virtio_balloon_hyp_ops.o
  CC      lib/iomap_copy.o
  CC      net/sched/sch_fifo.o
  CC      net/core/sock_diag.o
  CC      lib/devres.o
  CC [M]  drivers/virtio/virtio_pci_modern_dev.o
  CC      net/sched/sch_htb.o
  CC      lib/trace_readwrite.o
  CC [M]  drivers/virtio/virtio_pci_legacy_dev.o
  CC      net/core/dev_ioctl.o
  CC      net/sched/sch_ingress.o
  CC [M]  drivers/virtio/virtio_pci_modern.o
  CC      lib/hweight.o
  CC      lib/interval_tree.o
  CC [M]  drivers/virtio/virtio_pci_common.o
  CC      net/sched/sch_sfq.o
  CC      net/core/tso.o
  CC      lib/assoc_array.o
  CC      lib/list_debug.o
  CC [M]  drivers/virtio/virtio_pci_legacy.o
  CC      net/sched/sch_tbf.o
  CC      lib/bitrev.o
  CC      lib/linear_ranges.o
  CC [M]  drivers/virtio/virtio_balloon.o
  CC      net/core/sock_reuseport.o
  CC      lib/crc-ccitt.o
  CC      net/sched/sch_prio.o
  LD [M]  drivers/virtio/virtio_pci.o
  AR      drivers/virtio/built-in.a
  CC      drivers/regulator/core.o
  CC      lib/crc16.o
  CC      net/sched/sch_multiq.o
  HOSTCC  lib/gen_crc32table
  CC      net/core/fib_notifier.o
  CC      lib/libcrc32c.o
  CC      net/sched/sch_netem.o
  CC      lib/crc8.o
  CC      drivers/regulator/dummy.o
  CC      net/sched/sch_codel.o
  CC      net/core/xdp.o
  CC      lib/xxhash.o
  CC      drivers/regulator/fixed-helper.o
  CC      drivers/regulator/helpers.o
  CC      net/sched/sch_fq_codel.o
  CC      lib/genalloc.o
  CC      net/core/flow_offload.o
  CC      net/sched/sch_fq.o
  CC      drivers/regulator/devres.o
  CC      lib/textsearch.o
  CC      lib/ts_kmp.o
  CC      drivers/regulator/irq_helpers.o
  CC      net/sched/cls_u32.o
  CC      lib/ts_bm.o
  CC      net/core/gro.o
  CC      lib/ts_fsm.o
  CC      lib/percpu_counter.o
  CC      drivers/regulator/of_regulator.o
  CC      net/sched/cls_fw.o
  CC      lib/audit.o
  CC      net/sched/cls_basic.o
  CC      net/core/netdev-genl.o
  CC      drivers/regulator/fixed.o
  CC      lib/compat_audit.o
  CC      lib/codetag.o
  CC      net/sched/cls_flow.o
  CC      drivers/regulator/sun20i-regulator.o
  CC      lib/alloc_tag.o
  CC      net/core/netdev-genl-gen.o
  AR      drivers/regulator/built-in.a
  CC      drivers/reset/hisilicon/hi6220_reset.o
  CC      net/core/gso.o
  CC      net/sched/cls_cgroup.o
  CC      lib/syscall.o
  CC      drivers/reset/hisilicon/reset-hi3660.o
  CC      lib/dynamic_debug.o
  AR      drivers/reset/hisilicon/built-in.a
  AR      drivers/reset/starfive/built-in.a
  AR      drivers/reset/sti/built-in.a
  AR      drivers/reset/tegra/built-in.a
  CC      drivers/reset/core.o
  CC      net/sched/cls_bpf.o
  CC      net/core/net-sysfs.o
  CC      drivers/reset/reset-scmi.o
  CC      net/sched/cls_matchall.o
  CC      drivers/reset/reset-simple.o
  CC      lib/errname.o
  CC      lib/nlattr.o
  CC      net/sched/ematch.o
  CC      drivers/reset/reset-sunxi.o
  CC      net/core/hotdata.o
  AR      drivers/reset/built-in.a
  AR      drivers/tty/vt/built-in.a
  CC      drivers/tty/hvc/hvc_dcc.o
  CC      lib/checksum.o
  CC      net/sched/em_cmp.o
  CC      drivers/tty/hvc/hvc_console.o
  CC      lib/cpu_rmap.o
  CC      net/core/netdev_rx_queue.o
  CC      net/sched/em_nbyte.o
  CC      lib/dynamic_queue_limits.o
  AR      drivers/tty/hvc/built-in.a
  CC      drivers/tty/serial/8250/8250_core.o
  CC      net/core/page_pool.o
  CC      net/sched/em_u32.o
  CC      lib/glob.o
  CC      drivers/tty/serial/8250/8250_platform.o
  CC      net/sched/em_meta.o
  CC      net/core/page_pool_user.o
  CC      lib/digsig.o
  CC      net/sched/em_text.o
  CC      drivers/tty/serial/8250/8250_port.o
  CC      lib/strncpy_from_user.o
  CC      net/core/net-procfs.o
  AR      net/sched/built-in.a
  CC      drivers/char/hw_random/core.o
  CC      lib/strnlen_user.o
  CC      drivers/tty/serial/8250/8250_dma.o
  CC      net/core/fib_rules.o
  CC      drivers/char/hw_random/iproc-rng200.o
  CC      drivers/char/hw_random/arm_smccc_trng.o
  CC      lib/net_utils.o
  CC      drivers/tty/serial/8250/8250_dwlib.o
  CC [M]  drivers/char/hw_random/cctrng.o
  CC      net/core/net-traces.o
  AR      drivers/char/hw_random/built-in.a
  AR      drivers/char/agp/built-in.a
  CC      drivers/char/mem.o
  CC      lib/sg_pool.o
  CC      drivers/tty/serial/8250/8250_pcilib.o
  CC      drivers/char/random.o
  CC      lib/memregion.o
  CC      drivers/tty/serial/8250/8250_early.o
  CC      lib/stackdepot.o
  CC      drivers/tty/serial/8250/8250_bcm7271.o
  CC      drivers/char/misc.o
  CC      drivers/tty/serial/8250/8250_dw.o
  CC      lib/bootconfig.o
  CC [M]  drivers/char/virtio_console.o
  CC      drivers/tty/serial/8250/8250_fsl.o
  CC      lib/asn1_decoder.o
  CC      net/core/selftests.o
  GEN     lib/oid_registry_data.c
  AR      drivers/char/built-in.a
  CC      drivers/tty/serial/serial_core.o
  CC      lib/ucs2_string.o
  CC      drivers/tty/serial/8250/8250_of.o
  CC      lib/ubsan.o
  CC      drivers/tty/serial/8250/8250_pci.o
  CC      lib/sbitmap.o
  CC      net/core/ptp_classifier.o
  CC      drivers/tty/serdev/core.o
  CC      lib/group_cpus.o
  CC      drivers/tty/serial/8250/8250_pericom.o
  AR      drivers/tty/serial/8250/built-in.a
  CC      drivers/tty/serial/serial_base_bus.o
  CC      lib/devmem_is_allowed.o
  CC      drivers/tty/serdev/serdev-ttyport.o
  CC      net/core/netprio_cgroup.o
  AR      lib/lib.a
  GEN     lib/crc32table.h
  CC      lib/oid_registry.o
  CC      drivers/tty/serial/serial_ctrl.o
  AR      drivers/tty/serdev/built-in.a
  CC      net/core/netclassid_cgroup.o
  CC      net/netlink/af_netlink.o
  CC      drivers/tty/serial/serial_port.o
  CC      lib/crc32.o
  CC      net/core/dst_cache.o
  CC      drivers/tty/serial/earlycon.o
  AR      lib/built-in.a
  AR      drivers/iommu/amd/built-in.a
  AR      drivers/iommu/intel/built-in.a
  AR      drivers/iommu/arm/arm-smmu/built-in.a
  AR      drivers/iommu/arm/arm-smmu-v3/built-in.a
  AR      drivers/iommu/arm/built-in.a
  AR      drivers/iommu/iommufd/built-in.a
  CC      drivers/iommu/iommu.o
  CC      drivers/tty/serial/amba-pl011.o
  CC      net/netlink/genetlink.o
  CC      net/core/gro_cells.o
  CC      drivers/tty/serial/qcom_geni_serial.o
  CC      drivers/iommu/iommu-traces.o
  CC      drivers/tty/serial/samsung_tty.o
  CC      net/netlink/policy.o
  CC      net/core/skmsg.o
  CC      drivers/iommu/iommu-sysfs.o
  CC      drivers/tty/serial/sprd_serial.o
  AR      net/netlink/built-in.a
  CC      net/bpf/test_run.o
  CC      drivers/tty/serial/serial_mctrl_gpio.o
  CC      drivers/iommu/dma-iommu.o
  CC      net/core/sock_map.o
  AR      drivers/tty/serial/built-in.a
  AR      drivers/tty/ipwireless/built-in.a
  CC      drivers/tty/tty_io.o
  CC      drivers/iommu/io-pgtable.o
  CC      net/bpf/bpf_dummy_struct_ops.o
  AR      net/bpf/built-in.a
  AR      drivers/gpu/host1x/built-in.a
  CC      drivers/iommu/io-pgtable-arm-v7s.o
  CC      drivers/tty/n_tty.o
  AR      drivers/gpu/drm/tests/built-in.a
  AR      drivers/gpu/drm/arm/built-in.a
  AR      drivers/gpu/drm/display/built-in.a
  CC      drivers/gpu/drm/ttm/ttm_tt.o
  CC      net/core/bpf_sk_storage.o
  CC      drivers/iommu/io-pgtable-arm.o
  CC      drivers/tty/tty_ioctl.o
  CC      drivers/iommu/io-pgtable-arm-common.o
  CC      drivers/gpu/drm/ttm/ttm_bo.o
  CC      drivers/iommu/iova.o
  CC      net/core/of_net.o
  CC      drivers/tty/tty_ldisc.o
  CC      drivers/gpu/drm/ttm/ttm_bo_util.o
  CC      drivers/iommu/of_iommu.o
  CC      drivers/tty/tty_buffer.o
  CC      net/core/devmem.o
  CC      drivers/gpu/drm/ttm/ttm_bo_vm.o
  AR      drivers/iommu/built-in.a
  CC      drivers/gpu/drm/ttm/ttm_module.o
  CC      drivers/tty/tty_port.o
  CC [M]  net/core/dev_addr_lists_test.o
  CC      drivers/base/power/sysfs.o
  CC      drivers/gpu/drm/ttm/ttm_execbuf_util.o
  AR      net/core/built-in.a
  CC      net/ethtool/ioctl.o
  CC      drivers/tty/tty_mutex.o
  CC      drivers/base/power/generic_ops.o
  CC      drivers/gpu/drm/ttm/ttm_range_manager.o
  CC      drivers/base/power/common.o
  CC      drivers/tty/tty_ldsem.o
  CC      drivers/tty/tty_baudrate.o
  CC      drivers/gpu/drm/ttm/ttm_resource.o
  CC      drivers/base/power/qos.o
  CC      net/ethtool/common.o
  CC      drivers/tty/tty_jobctrl.o
  CC      drivers/gpu/drm/ttm/ttm_pool.o
  CC      drivers/base/power/runtime.o
  CC      drivers/tty/n_null.o
  CC      drivers/tty/pty.o
  CC      net/ethtool/netlink.o
  CC      drivers/gpu/drm/ttm/ttm_device.o
  CC      drivers/base/power/wakeirq.o
  CC      drivers/tty/tty_audit.o
  CC      drivers/tty/sysrq.o
  CC      drivers/gpu/drm/ttm/ttm_sys_manager.o
  CC      drivers/base/power/main.o
  CC      net/ethtool/bitset.o
  AR      drivers/gpu/drm/ttm/built-in.a
  AR      drivers/gpu/drm/renesas/rcar-du/built-in.a
  AR      drivers/gpu/drm/renesas/rz-du/built-in.a
  AR      drivers/gpu/drm/renesas/built-in.a
  AR      drivers/gpu/drm/omapdrm/built-in.a
  AR      drivers/gpu/drm/tilcdc/built-in.a
  AR      drivers/gpu/drm/imx/built-in.a
  AR      drivers/gpu/drm/i2c/built-in.a
  AR      drivers/gpu/drm/panel/built-in.a
  AR      drivers/gpu/drm/bridge/analogix/built-in.a
  AR      drivers/gpu/drm/bridge/cadence/built-in.a
  AR      drivers/gpu/drm/bridge/imx/built-in.a
  AR      drivers/gpu/drm/bridge/synopsys/built-in.a
  AR      drivers/gpu/drm/bridge/built-in.a
  AR      drivers/gpu/drm/hisilicon/built-in.a
  AR      drivers/gpu/drm/mxsfb/built-in.a
  AR      drivers/gpu/drm/tiny/built-in.a
  AR      drivers/gpu/drm/xlnx/built-in.a
  AR      drivers/gpu/drm/gud/built-in.a
  AR      drivers/gpu/drm/solomon/built-in.a
  CC      drivers/gpu/drm/drm_aperture.o
  CC      drivers/tty/ttynull.o
  CC      net/ethtool/strset.o
  CC      drivers/gpu/drm/drm_atomic.o
  AR      drivers/tty/built-in.a
  AR      drivers/gpu/vga/built-in.a
  CC      drivers/gpu/trace/trace_gpu_mem.o
  CC      drivers/base/power/wakeup.o
  CC      net/ethtool/linkinfo.o
  CC      drivers/gpu/drm/drm_atomic_uapi.o
  AR      drivers/gpu/trace/built-in.a
  CC      drivers/base/firmware_loader/builtin/main.o
  CC      net/ethtool/linkmodes.o
  CC      drivers/base/power/wakeup_stats.o
  AR      drivers/base/firmware_loader/builtin/built-in.a
  CC      drivers/base/firmware_loader/fallback_table.o
  CC      net/ethtool/rss.o
  CC      drivers/base/power/clock_ops.o
  CC      drivers/gpu/drm/drm_auth.o
  CC      drivers/base/firmware_loader/main.o
  CC      net/ethtool/linkstate.o
  AR      drivers/base/power/built-in.a
  CC      net/netfilter/core.o
  CC      drivers/gpu/drm/drm_blend.o
  CC      net/ethtool/debug.o
  CC      drivers/base/firmware_loader/fallback.o
  CC      drivers/gpu/drm/drm_bridge.o
  CC      net/ethtool/wol.o
  CC      drivers/base/firmware_loader/sysfs.o
  CC      net/netfilter/nf_log.o
  CC      net/ethtool/features.o
  AR      drivers/base/firmware_loader/built-in.a
  CC      drivers/base/regmap/regmap.o
  CC      drivers/gpu/drm/drm_cache.o
  CC      net/ethtool/privflags.o
  CC      net/netfilter/nf_queue.o
  CC      drivers/gpu/drm/drm_client.o
  CC      net/ethtool/rings.o
  CC      drivers/base/regmap/regcache.o
  CC      drivers/gpu/drm/drm_client_modeset.o
  CC      net/ethtool/channels.o
  CC      net/netfilter/nf_sockopt.o
  CC      drivers/base/regmap/regcache-rbtree.o
  CC      net/ethtool/coalesce.o
  CC      drivers/gpu/drm/drm_color_mgmt.o
  CC      drivers/base/regmap/regcache-flat.o
  CC      net/ethtool/pause.o
  CC      net/netfilter/utils.o
  CC      drivers/base/regmap/regcache-maple.o
  CC      drivers/gpu/drm/drm_connector.o
  CC      net/ethtool/eee.o
  CC      drivers/base/regmap/regmap-debugfs.o
  CC      drivers/base/regmap/regmap-i2c.o
  CC      net/ethtool/tsinfo.o
  CC      net/netfilter/nf_bpf_link.o
  CC      drivers/gpu/drm/drm_crtc.o
  CC      net/ethtool/cabletest.o
  CC      net/netfilter/nfnetlink.o
  CC      drivers/base/regmap/regmap-spi.o
  CC      drivers/gpu/drm/drm_displayid.o
  CC      drivers/gpu/drm/drm_drv.o
  CC      drivers/base/regmap/regmap-spmi.o
  CC      net/ethtool/tunnels.o
  CC      net/netfilter/nfnetlink_queue.o
  CC      drivers/base/regmap/regmap-mmio.o
  CC      drivers/gpu/drm/drm_dumb_buffers.o
  CC      net/ethtool/fec.o
  CC      drivers/gpu/drm/drm_edid.o
  CC      net/netfilter/nfnetlink_log.o
  CC      drivers/base/regmap/regmap-irq.o
  CC      net/ethtool/eeprom.o
  CC      net/netfilter/nf_conntrack_core.o
  CC [M]  drivers/base/regmap/regmap-kunit.o
  CC      net/ethtool/stats.o
  CC      drivers/gpu/drm/drm_eld.o
  CC      drivers/gpu/drm/drm_encoder.o
  CC [M]  drivers/base/regmap/regmap-ram.o
  CC      net/ethtool/phc_vclocks.o
  CC      net/netfilter/nf_conntrack_standalone.o
  CC [M]  drivers/base/regmap/regmap-raw-ram.o
  CC      drivers/gpu/drm/drm_file.o
  CC      net/ethtool/mm.o
  AR      drivers/base/regmap/built-in.a
  AR      drivers/base/test/built-in.a
  CC      drivers/base/component.o
  CC      drivers/gpu/drm/drm_fourcc.o
  CC      net/ethtool/module.o
  CC      net/netfilter/nf_conntrack_expect.o
  CC      drivers/base/core.o
  CC      drivers/gpu/drm/drm_framebuffer.o
  CC      net/ethtool/cmis_fw_update.o
  CC      net/ethtool/cmis_cdb.o
  CC      drivers/gpu/drm/drm_gem.o
  CC      net/netfilter/nf_conntrack_helper.o
  CC      drivers/base/bus.o
  CC      net/ethtool/pse-pd.o
  CC      drivers/gpu/drm/drm_ioctl.o
  CC      net/ethtool/plca.o
  CC      drivers/base/dd.o
  CC      net/netfilter/nf_conntrack_proto.o
  CC      net/ethtool/phy.o
  CC      drivers/gpu/drm/drm_lease.o
  CC      drivers/base/syscore.o
  CC      drivers/gpu/drm/drm_managed.o
  AR      net/ethtool/built-in.a
  CC [M]  drivers/block/zram/zcomp.o
  CC      net/netfilter/nf_conntrack_proto_generic.o
  CC [M]  drivers/block/zram/zram_drv.o
  CC      drivers/base/driver.o
  CC      drivers/gpu/drm/drm_mm.o
  CC [M]  drivers/block/zram/backend_lzorle.o
  CC      drivers/base/class.o
  CC      net/netfilter/nf_conntrack_proto_tcp.o
  CC [M]  drivers/block/zram/backend_lzo.o
  CC      drivers/gpu/drm/drm_mode_config.o
  CC [M]  drivers/block/zram/backend_lz4.o
  CC      drivers/base/platform.o
  LD [M]  drivers/block/zram/zram.o
  CC      drivers/block/brd.o
  CC      net/netfilter/nf_conntrack_proto_udp.o
  CC      drivers/gpu/drm/drm_mode_object.o
  CC      drivers/block/loop.o
  CC      drivers/base/cpu.o
  CC      net/netfilter/nf_conntrack_proto_icmp.o
  CC      drivers/gpu/drm/drm_modes.o
  CC      drivers/block/ublk_drv.o
  CC      net/netfilter/nf_conntrack_extend.o
  CC      drivers/base/firmware.o
  CC      drivers/base/init.o
  CC [M]  drivers/block/virtio_blk.o
  CC      drivers/gpu/drm/drm_modeset_lock.o
  CC      drivers/base/map.o
  CC      net/netfilter/nf_conntrack_acct.o
  AR      drivers/block/built-in.a
  AR      drivers/misc/eeprom/built-in.a
  AR      drivers/misc/cb710/built-in.a
  AR      drivers/misc/ti-st/built-in.a
  AR      drivers/misc/lis3lv02d/built-in.a
  AR      drivers/misc/cardreader/built-in.a
  AR      drivers/misc/keba/built-in.a
  CC      drivers/misc/sram.o
  CC      drivers/base/devres.o
  CC      drivers/gpu/drm/drm_plane.o
  CC      drivers/misc/uid_sys_stats.o
  CC      net/netfilter/nf_conntrack_seqadj.o
  CC      drivers/base/attribute_container.o
  CC [M]  drivers/misc/open-dice.o
  CC      drivers/gpu/drm/drm_prime.o
  CC [M]  drivers/misc/vcpu_stall_detector.o
  CC      drivers/base/transport_class.o
  AR      drivers/misc/built-in.a
  CC      drivers/gpu/drm/drm_print.o
  CC      net/netfilter/nf_conntrack_proto_icmpv6.o
  CC      drivers/base/topology.o
  CC      net/ipv4/netfilter/nf_defrag_ipv4.o
  CC      drivers/base/container.o
  CC      drivers/gpu/drm/drm_property.o
  CC      net/netfilter/nf_conntrack_ecache.o
  CC      drivers/base/property.o
  CC      net/ipv4/netfilter/nf_socket_ipv4.o
  CC      drivers/gpu/drm/drm_syncobj.o
  CC      drivers/base/cacheinfo.o
  CC      net/netfilter/nf_conntrack_proto_dccp.o
  CC      drivers/base/swnode.o
  CC      drivers/gpu/drm/drm_sysfs.o
  CC      net/ipv4/netfilter/nf_tproxy_ipv4.o
  CC      net/netfilter/nf_conntrack_proto_sctp.o
  CC      drivers/base/auxiliary.o
  CC      drivers/gpu/drm/drm_trace_points.o
  CC      net/netfilter/nf_conntrack_proto_gre.o
  CC      drivers/base/memory.o
  CC      net/ipv4/netfilter/nf_reject_ipv4.o
  CC      drivers/gpu/drm/drm_vblank.o
  CC      drivers/base/module.o
  CC      net/netfilter/nf_conntrack_netlink.o
  CC      drivers/base/auxiliary_sysfs.o
  CC      drivers/gpu/drm/drm_vblank_work.o
  CC      net/ipv4/netfilter/nf_nat_h323.o
  CC      drivers/base/hypervisor.o
  CC      net/netfilter/nf_conntrack_amanda.o
  CC      drivers/gpu/drm/drm_vma_manager.o
  CC      drivers/base/soc.o
  CC      net/ipv4/netfilter/nf_nat_pptp.o
  CC      drivers/gpu/drm/drm_writeback.o
  CC      drivers/base/pinctrl.o
  CC      net/ipv4/netfilter/ip_tables.o
  CC      net/netfilter/nf_conntrack_ftp.o
  CC      drivers/base/devcoredump.o
  CC      drivers/gpu/drm/drm_ioc32.o
  CC      drivers/base/platform-msi.o
  CC      net/ipv4/netfilter/iptable_filter.o
  CC      drivers/gpu/drm/drm_panel.o
  CC      net/netfilter/nf_conntrack_h323_main.o
  CC      drivers/base/arch_topology.o
  CC      net/ipv4/netfilter/iptable_mangle.o
  CC      drivers/gpu/drm/drm_of.o
  CC      net/ipv4/netfilter/iptable_nat.o
  CC      drivers/base/trace.o
  CC      net/netfilter/nf_conntrack_h323_asn1.o
  CC      net/netfilter/nf_conntrack_irc.o
  CC      drivers/gpu/drm/drm_pci.o
  CC      net/ipv4/netfilter/iptable_raw.o
  AR      drivers/base/built-in.a
  CC      net/xfrm/xfrm_policy.o
  CC      drivers/gpu/drm/drm_debugfs.o
  CC      net/ipv4/netfilter/iptable_security.o
  CC      net/netfilter/nf_conntrack_broadcast.o
  CC      drivers/gpu/drm/drm_debugfs_crc.o
  CC      net/ipv4/netfilter/ipt_rpfilter.o
  CC      drivers/gpu/drm/drm_panel_orientation_quirks.o
  CC      net/ipv4/netfilter/ipt_REJECT.o
  CC      net/xfrm/xfrm_state.o
  CC      net/netfilter/nf_conntrack_netbios_ns.o
  CC      net/ipv4/netfilter/arp_tables.o
  CC      drivers/gpu/drm/drm_gem_shmem_helper.o
  CC      net/netfilter/nf_conntrack_pptp.o
  CC      drivers/gpu/drm/drm_atomic_helper.o
  CC      net/ipv4/netfilter/arpt_mangle.o
  CC      net/netfilter/nf_conntrack_sane.o
  CC      net/xfrm/xfrm_hash.o
  CC      net/ipv4/netfilter/arptable_filter.o
  CC      net/xfrm/xfrm_input.o
  CC      drivers/gpu/drm/drm_atomic_state_helper.o
  CC      net/netfilter/nf_conntrack_tftp.o
  CC      net/ipv4/netfilter/nf_dup_ipv4.o
  CC      drivers/gpu/drm/drm_crtc_helper.o
  CC      net/netfilter/nf_log_syslog.o
  CC      net/xfrm/xfrm_output.o
  AR      net/ipv4/netfilter/built-in.a
  CC      net/ipv4/route.o
  CC      drivers/gpu/drm/drm_damage_helper.o
  CC      net/netfilter/nf_nat_core.o
  CC      drivers/gpu/drm/drm_encoder_slave.o
  CC      net/xfrm/xfrm_sysctl.o
  CC      net/ipv4/inetpeer.o
  CC      net/xfrm/xfrm_replay.o
  CC      net/netfilter/nf_nat_proto.o
  CC      drivers/gpu/drm/drm_flip_work.o
  CC      drivers/gpu/drm/drm_format_helper.o
  CC      net/ipv4/protocol.o
  CC      net/xfrm/xfrm_device.o
  CC      net/netfilter/nf_nat_helper.o
  CC      drivers/gpu/drm/drm_gem_atomic_helper.o
  CC      net/xfrm/xfrm_nat_keepalive.o
  CC      net/ipv4/ip_input.o
  CC      drivers/gpu/drm/drm_gem_framebuffer_helper.o
  CC      net/netfilter/nf_nat_redirect.o
  CC      net/xfrm/xfrm_proc.o
  CC      drivers/gpu/drm/drm_kms_helper_common.o
  CC      net/ipv4/ip_fragment.o
  CC      drivers/gpu/drm/drm_modeset_helper.o
  CC      net/xfrm/xfrm_algo.o
  CC      net/netfilter/nf_nat_masquerade.o
  CC      net/ipv4/ip_forward.o
  CC      drivers/gpu/drm/drm_plane_helper.o
  CC      net/xfrm/xfrm_user.o
  CC      drivers/gpu/drm/drm_probe_helper.o
  CC      net/ipv4/ip_options.o
  CC      net/netfilter/nf_nat_amanda.o
  CC      net/netfilter/nf_nat_ftp.o
  CC      drivers/gpu/drm/drm_rect.o
  CC      net/xfrm/xfrm_ipcomp.o
  CC      net/ipv4/ip_output.o
  CC      net/netfilter/nf_nat_irc.o
  CC      drivers/gpu/drm/drm_self_refresh_helper.o
  CC      net/netfilter/nf_nat_tftp.o
  CC      drivers/gpu/drm/drm_simple_kms_helper.o
  CC      net/xfrm/xfrm_interface_core.o
  CC      net/netfilter/nf_conncount.o
  CC      net/ipv4/ip_sockglue.o
  CC      drivers/gpu/drm/bridge/panel.o
  AR      net/xfrm/built-in.a
  CC      net/netfilter/x_tables.o
  CC      drivers/gpu/drm/drm_mipi_dsi.o
  CC      drivers/mfd/act8945a.o
  CC      net/ipv4/inet_hashtables.o
  CC      drivers/mfd/mfd-core.o
  AR      drivers/gpu/drm/built-in.a
  AR      drivers/gpu/built-in.a
  CC      net/unix/af_unix.o
  CC      net/netfilter/xt_tcpudp.o
  CC      drivers/mfd/syscon.o
  CC      net/netfilter/xt_mark.o
  CC      net/ipv4/inet_timewait_sock.o
  AR      drivers/mfd/built-in.a
  AR      drivers/nfc/built-in.a
  CC      drivers/nvdimm/core.o
  CC      net/netfilter/xt_connmark.o
  CC      net/unix/garbage.o
  CC      net/netfilter/xt_nat.o
  CC      net/unix/sysctl_net_unix.o
  CC      drivers/nvdimm/bus.o
  CC      net/ipv4/inet_connection_sock.o
  CC      net/unix/unix_bpf.o
  CC      net/netfilter/xt_CLASSIFY.o
  CC      drivers/nvdimm/dimm_devs.o
  AR      net/unix/built-in.a
  CC      net/ipv6/netfilter/ip6_tables.o
  CC      net/netfilter/xt_CONNSECMARK.o
  CC      net/ipv4/tcp.o
  CC      net/netfilter/xt_CT.o
  CC      drivers/nvdimm/nd_perf.o
  CC      net/ipv6/netfilter/ip6table_filter.o
  CC      net/netfilter/xt_DSCP.o
  CC      drivers/nvdimm/dimm.o
  CC      net/netfilter/xt_LOG.o
  CC      net/ipv6/netfilter/ip6table_mangle.o
  CC      drivers/nvdimm/region_devs.o
  CC      net/ipv4/tcp_input.o
  CC      net/netfilter/xt_NETMAP.o
  CC      net/ipv6/netfilter/ip6table_raw.o
  CC      drivers/nvdimm/region.o
  CC      net/netfilter/xt_NFLOG.o
  CC      net/ipv6/netfilter/nf_defrag_ipv6_hooks.o
  CC      drivers/nvdimm/namespace_devs.o
  CC      net/netfilter/xt_NFQUEUE.o
  CC      net/netfilter/xt_REDIRECT.o
  CC      drivers/nvdimm/label.o
  CC      net/ipv6/netfilter/nf_conntrack_reasm.o
  CC      net/ipv4/tcp_output.o
  CC      drivers/nvdimm/badrange.o
  CC      net/netfilter/xt_MASQUERADE.o
  CC      net/netfilter/xt_SECMARK.o
  CC      net/ipv6/netfilter/nf_socket_ipv6.o
  CC      drivers/nvdimm/claim.o
  CC      net/netfilter/xt_TPROXY.o
  CC      net/ipv4/tcp_timer.o
  CC      drivers/nvdimm/btt_devs.o
  CC      net/netfilter/xt_TCPMSS.o
  CC      net/ipv6/netfilter/nf_tproxy_ipv6.o
  CC      drivers/nvdimm/pmem.o
  CC      net/netfilter/xt_TEE.o
  CC      net/ipv4/tcp_ipv4.o
  CC      drivers/nvdimm/btt.o
  CC      net/netfilter/xt_TRACE.o
  CC      net/ipv6/netfilter/nf_reject_ipv6.o
  CC      net/netfilter/xt_IDLETIMER.o
  CC      drivers/nvdimm/of_pmem.o
  CC      net/netfilter/xt_bpf.o
  CC      net/ipv6/netfilter/nf_dup_ipv6.o
  AR      drivers/nvdimm/built-in.a
  AR      drivers/dax/hmem/built-in.a
  CC      drivers/dax/super.o
  CC      net/ipv4/tcp_minisocks.o
  CC      net/netfilter/xt_comment.o
  CC      drivers/dax/bus.o
  CC      net/netfilter/xt_connbytes.o
  CC      net/ipv6/netfilter/ip6t_rpfilter.o
  CC      net/ipv4/tcp_cong.o
  CC      net/netfilter/xt_connlimit.o
  CC      net/ipv6/netfilter/ip6t_REJECT.o
  AR      drivers/dax/built-in.a
  AR      drivers/dma-buf/heaps/built-in.a
  CC      drivers/dma-buf/dma-buf.o
  CC      net/netfilter/xt_conntrack.o
  AR      net/ipv6/netfilter/built-in.a
  CC      net/ipv6/af_inet6.o
  CC      drivers/dma-buf/dma-fence.o
  CC      net/ipv4/tcp_metrics.o
  CC      net/netfilter/xt_dscp.o
  CC      net/netfilter/xt_ecn.o
  CC      net/ipv4/tcp_fastopen.o
  CC      drivers/dma-buf/dma-fence-array.o
  CC      net/ipv6/anycast.o
  CC      net/netfilter/xt_esp.o
  CC      drivers/dma-buf/dma-fence-chain.o
  CC      net/ipv6/ip6_output.o
  CC      drivers/dma-buf/dma-fence-unwrap.o
  CC      net/netfilter/xt_hashlimit.o
  CC      net/ipv4/tcp_rate.o
  CC      drivers/dma-buf/dma-resv.o
  CC      net/netfilter/xt_helper.o
  CC      drivers/dma-buf/dma-heap.o
  CC      net/ipv4/tcp_recovery.o
  CC      net/ipv6/ip6_input.o
  CC      net/netfilter/xt_hl.o
  CC      net/ipv4/tcp_ulp.o
  CC      drivers/dma-buf/sync_file.o
  CC      net/netfilter/xt_iprange.o
  CC      drivers/dma-buf/udmabuf.o
  CC      net/netfilter/xt_l2tp.o
  CC      net/ipv6/addrconf.o
  CC      drivers/dma-buf/dma-buf-sysfs-stats.o
  CC      net/ipv4/tcp_offload.o
  CC      net/netfilter/xt_length.o
  AR      drivers/dma-buf/built-in.a
  AR      drivers/cxl/core/built-in.a
  AR      drivers/cxl/built-in.a
  AR      drivers/macintosh/built-in.a
  CC      drivers/scsi/scsi.o
  CC      net/netfilter/xt_limit.o
  CC      net/netfilter/xt_mac.o
  CC      net/ipv4/tcp_plb.o
  CC      drivers/scsi/hosts.o
  CC      net/ipv6/addrlabel.o
  CC      net/netfilter/xt_multiport.o
  CC      drivers/scsi/scsi_ioctl.o
  CC      net/ipv6/route.o
  CC      net/ipv4/datagram.o
  CC      net/netfilter/xt_owner.o
  CC      net/netfilter/xt_pkttype.o
  CC      drivers/scsi/scsicam.o
  CC      net/ipv4/raw.o
  CC      net/netfilter/xt_policy.o
  CC      drivers/scsi/scsi_error.o
  CC      net/netfilter/xt_quota.o
  CC      net/ipv6/ip6_fib.o
  CC      drivers/scsi/scsi_lib.o
  CC      net/netfilter/xt_quota2.o
  CC      net/ipv4/udp.o
  CC      net/netfilter/xt_socket.o
  CC      net/ipv6/ipv6_sockglue.o
  CC      drivers/scsi/scsi_lib_dma.o
  CC      net/netfilter/xt_state.o
  CC      drivers/scsi/scsi_scan.o
  CC      net/netfilter/xt_statistic.o
  CC      net/ipv4/udplite.o
  CC      net/netfilter/xt_string.o
  CC      net/ipv6/ndisc.o
  GEN     drivers/scsi/scsi_devinfo_tbl.c
  CC      drivers/scsi/scsi_devinfo.o
  CC      net/netfilter/xt_time.o
  CC      net/ipv4/udp_offload.o
  CC      net/netfilter/xt_u32.o
  CC      drivers/scsi/scsi_sysctl.o
  CC      net/ipv6/udp.o
  AR      net/netfilter/built-in.a
  CC      net/ipv6/udplite.o
  CC      drivers/scsi/scsi_debugfs.o
  CC      net/ipv4/arp.o
  CC      drivers/scsi/scsi_trace.o
  CC      net/ipv6/raw.o
  CC      drivers/scsi/scsi_logging.o
  AR      drivers/nvme/common/built-in.a
  CC      drivers/nvme/host/core.o
  CC      drivers/scsi/scsi_pm.o
  CC      net/ipv4/icmp.o
  CC      net/ipv6/icmp.o
  CC      drivers/scsi/scsi_bsg.o
  CC      drivers/scsi/scsi_common.o
  CC      net/ipv4/devinet.o
  CC      net/ipv6/mcast.o
  CC      drivers/nvme/host/ioctl.o
  CC      drivers/scsi/sd.o
  CC      drivers/nvme/host/sysfs.o
  CC      drivers/scsi/sd_zbc.o
  CC      net/ipv4/af_inet.o
  CC      drivers/scsi/scsi_sysfs.o
  CC      drivers/nvme/host/pr.o
  CC      net/ipv6/reassembly.o
  CC      drivers/nvme/host/trace.o
  CC      net/ipv6/tcp_ipv6.o
  AR      drivers/scsi/built-in.a
  CC      net/packet/af_packet.o
  CC      net/ipv4/igmp.o
  CC      drivers/nvme/host/multipath.o
  CC      drivers/nvme/host/zns.o
  CC      net/ipv6/ping.o
  AR      net/packet/built-in.a
  AR      drivers/nvme/target/built-in.a
  CC      drivers/spi/spi.o
  CC      drivers/nvme/host/pci.o
  CC      net/ipv4/fib_frontend.o
  CC      net/ipv6/exthdrs.o
  AR      drivers/nvme/host/built-in.a
  AR      drivers/nvme/built-in.a
  CC      drivers/spmi/spmi.o
  CC      net/ipv4/fib_semantics.o
  CC      drivers/spi/spi-mem.o
  CC      drivers/spmi/spmi-devres.o
  CC      net/ipv6/datagram.o
  AR      drivers/spi/built-in.a
  CC      net/key/af_key.o
  AR      drivers/spmi/built-in.a
  CC      drivers/net/wireguard/main.o
  CC      net/ipv4/fib_trie.o
  CC      drivers/net/wireguard/noise.o
  CC      net/ipv6/ip6_flowlabel.o
  AR      net/key/built-in.a
  AR      net/bridge/netfilter/built-in.a
  CC      net/bridge/br.o
  CC      drivers/net/wireguard/device.o
  CC      net/bridge/br_device.o
  CC      drivers/net/wireguard/peer.o
  CC      net/ipv6/inet6_connection_sock.o
  CC      net/ipv4/fib_notifier.o
  CC      net/bridge/br_fdb.o
  CC      net/ipv4/inet_fragment.o
  CC      drivers/net/wireguard/timers.o
  CC      net/ipv6/udp_offload.o
  CC      drivers/net/wireguard/queueing.o
  CC      net/ipv6/seg6.o
  CC      drivers/net/wireguard/send.o
  CC      net/bridge/br_forward.o
  CC      net/ipv4/ping.o
  CC      net/ipv6/fib6_notifier.o
  CC      drivers/net/wireguard/receive.o
  CC      net/ipv6/rpl.o
  CC      net/bridge/br_if.o
  CC      net/ipv4/ip_tunnel_core.o
  CC      net/ipv6/ioam6.o
  CC      drivers/net/wireguard/socket.o
  CC      drivers/net/wireguard/peerlookup.o
  CC      net/ipv6/sysctl_net_ipv6.o
  CC      net/bridge/br_input.o
  CC      net/ipv4/gre_offload.o
  CC      net/ipv6/ip6mr.o
  CC      drivers/net/wireguard/allowedips.o
  CC      net/ipv4/metrics.o
  CC      drivers/net/wireguard/ratelimiter.o
  CC      net/bridge/br_ioctl.o
  CC      drivers/net/wireguard/cookie.o
  CC      net/ipv6/xfrm6_policy.o
  CC      net/bridge/br_stp.o
  CC      net/ipv4/netlink.o
  CC      drivers/net/wireguard/netlink.o
  CC      net/ipv6/xfrm6_state.o
  AR      drivers/net/wireguard/built-in.a
  AR      drivers/net/phy/qcom/built-in.a
  CC      drivers/net/phy/mdio-boardinfo.o
  CC      net/ipv4/nexthop.o
  CC      net/bridge/br_stp_bpdu.o
  CC      net/ipv6/xfrm6_input.o
  CC      net/bridge/br_stp_if.o
  CC      drivers/net/phy/stubs.o
  CC      net/bridge/br_stp_timer.o
  CC      net/ipv6/xfrm6_output.o
  CC      net/ipv4/udp_tunnel_stub.o
  CC      drivers/net/phy/mdio_devres.o
  CC      net/bridge/br_netlink.o
  CC      net/ipv6/xfrm6_protocol.o
  CC      drivers/net/phy/phylink.o
  CC      net/ipv4/ip_tunnel.o
  CC      net/bridge/br_netlink_tunnel.o
  CC      net/ipv6/netfilter.o
  CC      net/bridge/br_arp_nd_proxy.o
  CC      drivers/net/phy/phy.o
  CC      net/ipv4/sysctl_net_ipv4.o
  CC      net/bridge/br_sysfs_if.o
  CC      net/ipv6/fib6_rules.o
  CC      net/ipv4/proc.o
  CC      net/bridge/br_sysfs_br.o
  CC      drivers/net/phy/phy-c45.o
  CC      net/ipv4/fib_rules.o
  CC      net/bridge/br_multicast.o
  CC      net/ipv6/proc.o
  CC      drivers/net/phy/phy-core.o
  CC      net/ipv6/esp6.o
  CC      net/ipv4/ipmr_base.o
  CC      drivers/net/phy/phy_device.o
  CC      net/bridge/br_mdb.o
  CC      net/ipv6/ipcomp6.o
  CC      net/ipv4/ipip.o
  CC      drivers/net/phy/linkmode.o
  CC      net/bridge/br_multicast_eht.o
  CC      net/ipv6/xfrm6_tunnel.o
  CC      net/ipv4/gre_demux.o
  AR      net/bridge/built-in.a
  AR      drivers/firewire/built-in.a
  CC      drivers/net/phy/phy_link_topology.o
  CC      drivers/uio/uio.o
  CC      net/ipv6/tunnel6.o
  CC      net/ipv4/ip_gre.o
  AR      drivers/uio/built-in.a
  CC      net/devlink/core.o
  CC      drivers/net/phy/mdio_bus.o
  CC      net/ipv6/mip6.o
  CC      drivers/net/phy/mdio_device.o
  CC      net/ipv4/udp_tunnel_core.o
  CC      net/ipv6/ip6_vti.o
  CC      net/devlink/netlink.o
  CC      drivers/net/phy/swphy.o
  CC      net/devlink/netlink_gen.o
  CC      net/ipv6/sit.o
  CC      net/ipv4/udp_tunnel_nic.o
  CC      net/devlink/dev.o
  CC      drivers/net/phy/phy_led_triggers.o
  CC      net/ipv4/ip_vti.o
  CC      net/ipv6/ip6_tunnel.o
  CC      net/ipv4/esp4.o
  CC      net/devlink/port.o
  CC      drivers/net/phy/ax88796b.o
  CC      drivers/net/phy/fixed_phy.o
  CC      net/ipv6/ip6_gre.o
  CC      net/devlink/sb.o
  CC      net/ipv4/tunnel4.o
  AR      drivers/net/phy/built-in.a
  AR      drivers/net/pse-pd/built-in.a
  CC      drivers/net/mdio/fwnode_mdio.o
  CC      net/ipv6/addrconf_core.o
  CC      drivers/net/mdio/of_mdio.o
  CC      net/devlink/dpipe.o
  CC      net/ipv4/netfilter.o
  CC      net/ipv6/exthdrs_core.o
  AR      drivers/net/mdio/built-in.a
  AR      drivers/net/pcs/built-in.a
  AR      drivers/net/ethernet/3com/built-in.a
  AR      drivers/net/ethernet/8390/built-in.a
  AR      drivers/net/ethernet/adaptec/built-in.a
  AR      drivers/net/ethernet/adi/built-in.a
  AR      drivers/net/ethernet/agere/built-in.a
  AR      drivers/net/ethernet/alacritech/built-in.a
  AR      drivers/net/ethernet/allwinner/built-in.a
  AR      drivers/net/ethernet/alteon/built-in.a
  AR      drivers/net/ethernet/amazon/built-in.a
  AR      drivers/net/ethernet/amd/built-in.a
  AR      drivers/net/ethernet/aquantia/built-in.a
  AR      drivers/net/ethernet/arc/built-in.a
  AR      drivers/net/ethernet/asix/built-in.a
  AR      drivers/net/ethernet/atheros/built-in.a
  AR      drivers/net/ethernet/cadence/built-in.a
  AR      drivers/net/ethernet/broadcom/built-in.a
  AR      drivers/net/ethernet/brocade/built-in.a
  AR      drivers/net/ethernet/cavium/common/built-in.a
  AR      drivers/net/ethernet/cavium/thunder/built-in.a
  AR      drivers/net/ethernet/cavium/liquidio/built-in.a
  AR      drivers/net/ethernet/cavium/octeon/built-in.a
  AR      drivers/net/ethernet/cavium/built-in.a
  CC      net/ipv4/inet_diag.o
  AR      drivers/net/ethernet/chelsio/built-in.a
  AR      drivers/net/ethernet/cisco/built-in.a
  AR      drivers/net/ethernet/cortina/built-in.a
  AR      drivers/net/ethernet/dec/built-in.a
  AR      drivers/net/ethernet/dlink/built-in.a
  AR      drivers/net/ethernet/emulex/built-in.a
  AR      drivers/net/ethernet/engleder/built-in.a
  AR      drivers/net/ethernet/ezchip/built-in.a
  AR      drivers/net/ethernet/fungible/built-in.a
  CC      net/devlink/resource.o
  AR      drivers/net/ethernet/google/built-in.a
  AR      drivers/net/ethernet/hisilicon/built-in.a
  AR      drivers/net/ethernet/huawei/built-in.a
  AR      drivers/net/ethernet/intel/built-in.a
  AR      drivers/net/ethernet/i825xx/built-in.a
  AR      drivers/net/ethernet/microsoft/built-in.a
  AR      drivers/net/ethernet/litex/built-in.a
  AR      drivers/net/ethernet/marvell/octeon_ep/built-in.a
  AR      drivers/net/ethernet/marvell/octeon_ep_vf/built-in.a
  AR      drivers/net/ethernet/marvell/octeontx2/built-in.a
  AR      drivers/net/ethernet/marvell/prestera/built-in.a
  AR      drivers/net/ethernet/marvell/built-in.a
  AR      drivers/net/ethernet/mellanox/built-in.a
  AR      drivers/net/ethernet/meta/built-in.a
  AR      drivers/net/ethernet/micrel/built-in.a
  AR      drivers/net/ethernet/microchip/built-in.a
  CC      net/ipv6/ip6_checksum.o
  AR      drivers/net/ethernet/mscc/built-in.a
  AR      drivers/net/ethernet/myricom/built-in.a
  AR      drivers/net/ethernet/natsemi/built-in.a
  AR      drivers/net/ethernet/neterion/built-in.a
  AR      drivers/net/ethernet/netronome/built-in.a
  AR      drivers/net/ethernet/ni/built-in.a
  AR      drivers/net/ethernet/nvidia/built-in.a
  AR      drivers/net/ethernet/oki-semi/built-in.a
  AR      drivers/net/ethernet/packetengines/built-in.a
  AR      drivers/net/ethernet/qlogic/built-in.a
  AR      drivers/net/ethernet/qualcomm/emac/built-in.a
  AR      drivers/net/ethernet/qualcomm/built-in.a
  AR      drivers/net/ethernet/realtek/built-in.a
  AR      drivers/net/ethernet/renesas/built-in.a
  AR      drivers/net/ethernet/rdc/built-in.a
  AR      drivers/net/ethernet/rocker/built-in.a
  AR      drivers/net/ethernet/samsung/built-in.a
  AR      drivers/net/ethernet/seeq/built-in.a
  AR      drivers/net/ethernet/silan/built-in.a
  AR      drivers/net/ethernet/sis/built-in.a
  AR      drivers/net/ethernet/sfc/built-in.a
  AR      drivers/net/ethernet/smsc/built-in.a
  AR      drivers/net/ethernet/socionext/built-in.a
  AR      drivers/net/ethernet/stmicro/built-in.a
  AR      drivers/net/ethernet/sun/built-in.a
  AR      drivers/net/ethernet/tehuti/built-in.a
  AR      drivers/net/ethernet/ti/built-in.a
  AR      drivers/net/ethernet/vertexcom/built-in.a
  AR      drivers/net/ethernet/via/built-in.a
  AR      drivers/net/ethernet/wangxun/built-in.a
  AR      drivers/net/ethernet/wiznet/built-in.a
  AR      drivers/net/ethernet/xilinx/built-in.a
  AR      drivers/net/ethernet/synopsys/built-in.a
  AR      drivers/net/ethernet/pensando/built-in.a
  AR      drivers/net/ethernet/built-in.a
  AR      drivers/net/wireless/microchip/built-in.a
  AR      drivers/net/wireless/purelifi/built-in.a
  AR      drivers/net/wireless/silabs/built-in.a
  AR      drivers/net/wireless/virtual/built-in.a
  AR      drivers/net/wireless/built-in.a
  CC [M]  drivers/net/can/dev/skb.o
  CC      net/devlink/param.o
  CC      net/ipv6/ip6_icmp.o
  CC      net/ipv4/tcp_diag.o
  CC [M]  drivers/net/can/dev/calc_bittiming.o
  CC      net/ipv4/udp_diag.o
  CC [M]  drivers/net/can/dev/bittiming.o
  CC      net/ipv6/output_core.o
  CC      net/devlink/region.o
  CC      net/ipv4/tcp_cubic.o
  CC [M]  drivers/net/can/dev/dev.o
  CC      net/ipv4/tcp_bpf.o
  CC      net/ipv6/protocol.o
  CC      net/devlink/health.o
  CC [M]  drivers/net/can/dev/length.o
  CC      net/ipv6/ip6_offload.o
  CC      net/ipv4/udp_bpf.o
  CC [M]  drivers/net/can/dev/netlink.o
  CC      net/devlink/trap.o
  CC      net/ipv6/tcpv6_offload.o
  CC [M]  drivers/net/can/dev/rx-offload.o
  CC      net/ipv4/xfrm4_policy.o
  CC      net/ipv6/exthdrs_offload.o
  LD [M]  drivers/net/can/dev/can-dev.o
  CC      net/devlink/rate.o
  CC [M]  drivers/net/can/slcan/slcan-core.o
  CC      net/ipv6/inet6_hashtables.o
  CC      net/ipv4/xfrm4_state.o
  CC [M]  drivers/net/can/slcan/slcan-ethtool.o
  CC      net/ipv4/xfrm4_input.o
  CC      net/devlink/linecard.o
  LD [M]  drivers/net/can/slcan/slcan.o
  CC [M]  drivers/net/can/vcan.o
  CC      net/ipv6/ip6_udp_tunnel.o
  CC [M]  drivers/net/ppp/ppp_generic.o
  CC      net/ipv4/xfrm4_output.o
  AR      net/devlink/built-in.a
  AR      net/dsa/built-in.a
  AR      drivers/vfio/platform/reset/built-in.a
  CC      drivers/vfio/platform/vfio_platform_common.o
  CC      net/ipv6/mcast_snoop.o
  CC      net/ipv4/xfrm4_protocol.o
  CC [M]  drivers/net/ppp/bsd_comp.o
  CC      drivers/vfio/platform/vfio_platform_irq.o
  CC [M]  drivers/net/ppp/ppp_deflate.o
  CC      drivers/vfio/platform/vfio_platform.o
  AR      net/ipv6/built-in.a
  CC      drivers/vfio/vfio_main.o
  CC      net/ipv4/bpf_tcp_ca.o
  CC [M]  drivers/net/ppp/ppp_mppe.o
  AR      drivers/vfio/platform/built-in.a
  AR      drivers/cdrom/built-in.a
  CC [M]  drivers/net/slip/slhc.o
  CC [M]  drivers/net/ppp/pppox.o
  AR      net/ipv4/built-in.a
  CC      net/strparser/strparser.o
  CC      drivers/vfio/group.o
  AR      drivers/auxdisplay/built-in.a
  CC      drivers/usb/common/common.o
  CC [M]  drivers/net/ppp/pptp.o
  CC      drivers/vfio/container.o
  AR      net/strparser/built-in.a
  CC      net/8021q/vlan_core.o
  CC [M]  drivers/net/wwan/wwan_core.o
  CC      drivers/usb/common/debug.o
  AR      drivers/usb/common/built-in.a
  CC      drivers/usb/core/usb.o
  CC      drivers/vfio/virqfd.o
  CC [M]  net/8021q/vlan.o
  LD [M]  drivers/net/wwan/wwan.o
  CC      drivers/vfio/vfio_iommu_type1.o
  CC      drivers/usb/core/hub.o
  CC [M]  drivers/net/usb/rtl8150.o
  CC [M]  net/8021q/vlan_dev.o
  CC [M]  drivers/net/usb/r8152.o
  CC      drivers/vfio/vfio_pkvm_iommu.o
  CC [M]  net/8021q/vlan_netlink.o
  AR      drivers/vfio/built-in.a
  AR      net/wireless/tests/built-in.a
  CC      net/wireless/wext-core.o
  CC      drivers/usb/core/hcd.o
  CC [M]  net/8021q/vlanproc.o
  AR      net/8021q/built-in.a
  LD [M]  net/8021q/8021q.o
  CC      drivers/net/dummy.o
  CC      net/wireless/wext-proc.o
  CC      drivers/usb/core/urb.o
  CC      net/vmw_vsock/af_vsock.o
  CC      net/wireless/wext-spy.o
  CC [M]  drivers/net/usb/asix_devices.o
  CC      drivers/usb/core/message.o
  CC      net/wireless/wext-priv.o
  CC [M]  drivers/net/usb/asix_common.o
  CC      net/vmw_vsock/af_vsock_tap.o
  CC      drivers/usb/core/driver.o
  AR      net/wireless/built-in.a
  CC      drivers/input/serio/serio.o
  CC [M]  drivers/net/usb/ax88172a.o
  CC      net/vmw_vsock/vsock_addr.o
  CC      drivers/usb/core/config.o
  CC [M]  drivers/net/usb/ax88179_178a.o
  CC      drivers/input/serio/serport.o
  CC      drivers/input/serio/libps2.o
  CC      drivers/usb/core/file.o
  CC      net/vmw_vsock/vsock_bpf.o
  CC [M]  drivers/net/usb/cdc_ether.o
  AR      drivers/input/serio/built-in.a
  CC      drivers/usb/phy/phy.o
  CC      drivers/usb/core/buffer.o
  CC      net/vmw_vsock/diag.o
  CC      drivers/usb/core/sysfs.o
  CC [M]  drivers/net/usb/cdc_eem.o
  CC      drivers/usb/phy/of.o
  CC      net/vmw_vsock/virtio_transport_common.o
  CC      drivers/usb/core/endpoint.o
  CC [M]  drivers/net/usb/usbnet.o
  CC      drivers/usb/core/devio.o
  AR      drivers/usb/phy/built-in.a
  CC      drivers/input/keyboard/atkbd.o
  CC      drivers/input/keyboard/gpio_keys.o
  CC      net/vmw_vsock/vsock_loopback.o
  CC [M]  drivers/net/usb/cdc_ncm.o
  CC      drivers/usb/core/notify.o
  AR      drivers/input/keyboard/built-in.a
  AR      drivers/input/mouse/built-in.a
  CC      drivers/input/joystick/xpad.o
  CC [M]  net/vmw_vsock/virtio_transport.o
  AR      drivers/input/joystick/built-in.a
  AR      drivers/input/touchscreen/built-in.a
  CC      drivers/input/misc/uinput.o
  CC      drivers/usb/core/generic.o
  AR      net/vmw_vsock/built-in.a
  LD [M]  net/vmw_vsock/vmw_vsock_virtio_transport.o
  CC      net/xdp/xsk.o
  AR      drivers/input/misc/built-in.a
  CC [M]  drivers/input/tests/input_test.o
  CC [M]  drivers/net/usb/aqc111.o
  CC      drivers/usb/core/quirks.o
  CC      drivers/input/input.o
  CC      drivers/usb/core/devices.o
  CC [M]  drivers/net/usb/r8153_ecm.o
  CC      drivers/usb/core/phy.o
  CC      drivers/input/input-compat.o
  LD [M]  drivers/net/usb/asix.o
  CC      drivers/net/ifb.o
  CC      net/xdp/xdp_umem.o
  CC      drivers/input/input-mt.o
  CC      drivers/net/loopback.o
  CC      net/xdp/xsk_queue.o
  CC      drivers/usb/core/port.o
  CC      drivers/input/input-poller.o
  CC      net/xdp/xskmap.o
  CC      drivers/usb/core/of.o
  CC      drivers/net/tun.o
  CC      drivers/input/ff-core.o
  CC      net/xdp/xsk_buff_pool.o
  CC      drivers/usb/core/hcd-pci.o
  CC      drivers/input/touchscreen.o
  AR      drivers/usb/core/built-in.a
  CC      drivers/input/ff-memless.o
  CC      drivers/usb/dwc3/core.o
  AR      net/xdp/built-in.a
  CC [M]  net/tls/tls_main.o
  CC      drivers/input/vivaldi-fmap.o
  CC      drivers/net/veth.o
  CC      drivers/usb/dwc3/trace.o
  CC [M]  net/tls/tls_sw.o
  CC      drivers/input/input-leds.o
  CC      drivers/input/evdev.o
  CC      drivers/usb/dwc3/host.o
  CC [M]  drivers/net/macsec.o
  CC      drivers/usb/dwc3/gadget.o
  AR      drivers/input/built-in.a
  CC [M]  net/can/af_can.o
  CC [M]  net/tls/tls_proc.o
  CC [M]  net/tls/trace.o
  CC      drivers/usb/dwc3/ep0.o
  CC [M]  net/can/proc.o
  CC [M]  drivers/net/mii.o
  CC [M]  net/tls/tls_strp.o
  CC      drivers/usb/dwc3/drd.o
  CC [M]  net/can/raw.o
  CC      drivers/usb/dwc3/debugfs.o
  LD [M]  net/tls/tls.o
  CC      drivers/usb/host/pci-quirks.o
  AR      drivers/net/built-in.a
  CC      drivers/usb/host/ehci-hcd.o
  CC [M]  net/can/bcm.o
  CC      drivers/usb/dwc3/dwc3-haps.o
  CC      drivers/usb/storage/uas.o
  CC      drivers/usb/dwc3/dwc3-of-simple.o
  CC [M]  net/can/gw.o
  CC      drivers/usb/storage/scsiglue.o
  CC      drivers/usb/dwc3/dwc3-qcom.o
  CC      drivers/usb/host/ehci-pci.o
  LD [M]  net/can/can.o
  LD [M]  net/can/can-raw.o
  LD [M]  net/can/can-bcm.o
  LD [M]  net/can/can-gw.o
  CC [M]  net/bluetooth/rfcomm/core.o
  AR      drivers/usb/dwc3/built-in.a
  CC      drivers/rtc/lib.o
  CC      drivers/usb/host/ehci-platform.o
  CC      drivers/usb/storage/protocol.o
  CC      drivers/usb/host/xhci.o
  CC      drivers/rtc/class.o
  CC [M]  net/bluetooth/rfcomm/sock.o
  CC      drivers/usb/storage/transport.o
  CC      drivers/rtc/interface.o
  CC [M]  net/bluetooth/rfcomm/tty.o
  CC      drivers/usb/storage/usb.o
  CC      drivers/usb/host/xhci-mem.o
  CC      drivers/rtc/nvmem.o
  LD [M]  net/bluetooth/rfcomm/rfcomm.o
  CC [M]  net/bluetooth/hidp/core.o
  CC      drivers/usb/storage/initializers.o
  CC      drivers/rtc/dev.o
  CC      drivers/usb/storage/sierra_ms.o
  CC [M]  net/bluetooth/hidp/sock.o
  CC      drivers/usb/host/xhci-ext-caps.o
  CC      drivers/rtc/proc.o
  CC      drivers/usb/storage/option_ms.o
  CC      drivers/rtc/sysfs.o
  LD [M]  net/bluetooth/hidp/hidp.o
  CC [M]  net/bluetooth/af_bluetooth.o
  CC      drivers/usb/host/xhci-ring.o
  CC      drivers/usb/storage/usual-tables.o
  AR      drivers/usb/storage/built-in.a
  CC [M]  net/l2tp/l2tp_core.o
  CC      drivers/rtc/rtc-pl030.o
  CC [M]  net/bluetooth/hci_core.o
  CC      drivers/rtc/rtc-pl031.o
  CC      drivers/usb/host/xhci-hub.o
  CC [M]  drivers/rtc/lib_test.o
  AR      drivers/rtc/built-in.a
  AR      drivers/i2c/algos/built-in.a
  AR      drivers/i2c/busses/built-in.a
  AR      drivers/i2c/muxes/built-in.a
  CC      drivers/i2c/i2c-boardinfo.o
  CC [M]  net/l2tp/l2tp_ppp.o
  CC      drivers/usb/host/xhci-dbg.o
  CC [M]  net/bluetooth/hci_conn.o
  CC      drivers/i2c/i2c-core-base.o
  CC      drivers/usb/host/xhci-trace.o
  AR      drivers/usb/misc/built-in.a
  AR      drivers/i3c/master/built-in.a
  CC      drivers/i3c/device.o
  CC      drivers/i2c/i2c-core-smbus.o
  CC      drivers/i3c/master.o
  CC [M]  net/bluetooth/hci_event.o
  CC      drivers/usb/host/xhci-debugfs.o
  CC      drivers/usb/host/xhci-sideband.o
  CC      drivers/i2c/i2c-core-of.o
  AR      drivers/i3c/built-in.a
  CC [M]  net/tipc/addr.o
  CC      drivers/usb/host/xhci-pci.o
  CC [M]  net/bluetooth/mgmt.o
  CC [M]  net/tipc/bcast.o
  AR      drivers/i2c/built-in.a
  CC      drivers/usb/gadget/udc/core.o
  CC [M]  net/tipc/bearer.o
  CC      drivers/usb/host/xhci-plat.o
  CC      drivers/usb/gadget/udc/trace.o
  CC [M]  net/tipc/core.o
  CC [M]  net/bluetooth/hci_sock.o
  AR      drivers/usb/gadget/udc/built-in.a
  CC      drivers/usb/gadget/function/f_acm.o
  AR      drivers/usb/host/built-in.a
  CC [M]  net/rfkill/core.o
  CC [M]  net/tipc/link.o
  CC      drivers/usb/gadget/function/u_serial.o
  LD [M]  net/rfkill/rfkill.o
  CC [M]  net/bluetooth/hci_sysfs.o
  CC      drivers/usb/typec/altmodes/displayport.o
  CC      drivers/usb/gadget/function/f_serial.o
  CC [M]  net/bluetooth/l2cap_core.o
  CC [M]  net/tipc/discover.o
  CC      drivers/usb/gadget/function/u_ether.o
  AR      drivers/usb/typec/altmodes/built-in.a
  CC [M]  net/tipc/msg.o
  CC      drivers/usb/typec/tcpm/tcpm.o
  CC [M]  net/tipc/name_distr.o
  CC      drivers/usb/gadget/function/f_ncm.o
  CC [M]  net/tipc/subscr.o
  CC      drivers/usb/typec/tcpm/tcpci.o
  CC      drivers/usb/gadget/function/f_ecm.o
  CC [M]  net/bluetooth/l2cap_sock.o
  CC [M]  net/tipc/monitor.o
  CC      drivers/usb/gadget/function/f_eem.o
  AR      drivers/usb/typec/tcpm/built-in.a
  CC      drivers/usb/typec/ucsi/ucsi.o
  CC [M]  net/tipc/name_table.o
  CC      drivers/usb/gadget/function/f_mass_storage.o
  CC [M]  net/bluetooth/smp.o
  CC [M]  net/tipc/net.o
  CC      drivers/usb/typec/ucsi/debugfs.o
  CC      drivers/usb/typec/ucsi/trace.o
  CC      drivers/usb/gadget/function/storage_common.o
  CC [M]  net/bluetooth/lib.o
  CC [M]  net/tipc/netlink.o
  CC      drivers/usb/typec/ucsi/psy.o
  CC      drivers/usb/gadget/function/f_fs.o
  CC [M]  net/tipc/netlink_compat.o
  CC      drivers/usb/typec/ucsi/displayport.o
  CC [M]  net/bluetooth/ecdh_helper.o
  AR      drivers/usb/typec/ucsi/built-in.a
  AR      drivers/usb/typec/mux/built-in.a
  CC      drivers/usb/typec/class.o
  CC [M]  net/tipc/node.o
  CC [M]  net/bluetooth/mgmt_util.o
  CC      drivers/usb/typec/mux.o
  CC [M]  net/bluetooth/mgmt_config.o
  CC      drivers/usb/gadget/function/u_audio.o
  CC [M]  net/tipc/socket.o
  CC      drivers/usb/typec/bus.o
  CC [M]  net/bluetooth/hci_codec.o
  CC      drivers/usb/gadget/function/f_uac2.o
  CC      drivers/usb/typec/pd.o
  CC [M]  net/bluetooth/eir.o
  CC      drivers/usb/gadget/function/f_uvc.o
  CC      drivers/usb/typec/retimer.o
  CC [M]  net/bluetooth/hci_sync.o
  CC      drivers/usb/gadget/function/uvc_queue.o
  CC [M]  net/tipc/eth_media.o
  AR      drivers/usb/typec/built-in.a
  CC      drivers/media/i2c/ir-kbd-i2c.o
  CC      drivers/usb/gadget/function/uvc_v4l2.o
  CC [M]  net/tipc/topsrv.o
  AR      drivers/media/i2c/built-in.a
  AR      drivers/media/tuners/built-in.a
  CC      drivers/media/mc/mc-device.o
  CC      drivers/usb/gadget/function/uvc_video.o
  CC [M]  net/tipc/group.o
  CC      drivers/media/mc/mc-devnode.o
  CC      drivers/usb/gadget/function/uvc_configfs.o
  CC [M]  net/bluetooth/hci_drv.o
  CC [M]  net/tipc/trace.o
  CC      drivers/media/mc/mc-entity.o
  CC      drivers/usb/gadget/function/f_midi.o
  CC [M]  net/bluetooth/coredump.o
  CC [M]  net/tipc/udp_media.o
  CC      drivers/usb/gadget/function/f_hid.o
  CC      drivers/media/mc/mc-request.o
  CC      drivers/usb/gadget/function/android_f_accessory.o
  CC [M]  net/tipc/sysctl.o
  CC      drivers/media/mc/mc-dev-allocator.o
  CC [M]  net/bluetooth/sco.o
  AR      drivers/usb/gadget/function/built-in.a
  AR      drivers/usb/gadget/legacy/built-in.a
  CC      drivers/usb/gadget/usbstring.o
  CC [M]  net/tipc/crypto.o
  AR      drivers/media/mc/built-in.a
  CC      drivers/media/v4l2-core/v4l2-async.o
  CC [M]  net/bluetooth/iso.o
  CC      drivers/usb/gadget/config.o
  CC [M]  net/tipc/diag.o
  CC [M]  net/bluetooth/hci_debugfs.o
  CC      drivers/media/v4l2-core/v4l2-fwnode.o
  CC      drivers/usb/gadget/epautoconf.o
  LD [M]  net/tipc/tipc.o
  LD [M]  net/tipc/tipc_diag.o
  AR      drivers/ptp/built-in.a
  CC [M]  drivers/ptp/ptp_clock.o
  LD [M]  net/bluetooth/bluetooth.o
  CC [M]  net/9p/mod.o
  CC      drivers/usb/gadget/composite.o
  CC      drivers/media/v4l2-core/v4l2-mem2mem.o
  CC [M]  drivers/ptp/ptp_chardev.o
  CC [M]  net/9p/client.o
  CC [M]  drivers/ptp/ptp_sysfs.o
  CC      drivers/media/v4l2-core/v4l2-dv-timings.o
  CC      drivers/usb/gadget/functions.o
  CC [M]  drivers/ptp/ptp_vclock.o
  CC [M]  net/9p/error.o
  CC      drivers/media/v4l2-core/v4l2-dev.o
  CC [M]  drivers/ptp/ptp_kvm_arm.o
  CC      drivers/usb/gadget/configfs.o
  CC [M]  drivers/ptp/ptp_kvm_common.o
  CC [M]  net/9p/protocol.o
  LD [M]  drivers/ptp/ptp.o
  LD [M]  drivers/ptp/ptp_kvm.o
  CC      drivers/usb/roles/class.o
  CC      drivers/usb/gadget/u_f.o
  CC [M]  net/9p/trans_common.o
  CC      drivers/media/v4l2-core/v4l2-ioctl.o
  AR      drivers/usb/roles/built-in.a
  AR      drivers/media/rc/keymaps/built-in.a
  CC      drivers/media/rc/rc-main.o
  CC      drivers/usb/gadget/android_configfs_uevent.o
  CC [M]  net/9p/trans_fd.o
  CC      drivers/media/rc/rc-ir-raw.o
  AR      drivers/usb/gadget/built-in.a
  CC [M]  drivers/usb/mon/mon_main.o
  LD [M]  net/9p/9pnet.o
  LD [M]  net/9p/9pnet_fd.o
  CC [M]  net/6lowpan/core.o
  CC      drivers/media/v4l2-core/v4l2-device.o
  CC [M]  drivers/usb/mon/mon_stat.o
  CC      drivers/media/rc/lirc_dev.o
  CC [M]  drivers/usb/mon/mon_text.o
  CC      drivers/media/rc/keymaps/rc-cec.o
  CC      drivers/media/v4l2-core/v4l2-fh.o
  CC [M]  drivers/usb/mon/mon_bin.o
  CC [M]  net/6lowpan/iphc.o
  CC      drivers/media/rc/bpf-lirc.o
  LD [M]  drivers/usb/mon/usbmon.o
  CC [M]  drivers/usb/class/cdc-acm.o
  CC      drivers/media/v4l2-core/v4l2-event.o
  AR      drivers/media/rc/built-in.a
  CC [M]  net/ieee802154/6lowpan/core.o
  CC [M]  drivers/usb/serial/usb-serial.o
  CC [M]  net/6lowpan/nhc.o
  CC [M]  net/ieee802154/6lowpan/rx.o
  CC      drivers/media/v4l2-core/v4l2-subdev.o
  CC [M]  drivers/usb/serial/generic.o
  CC [M]  net/ieee802154/6lowpan/reassembly.o
  CC [M]  net/6lowpan/ndisc.o
  CC      drivers/media/v4l2-core/v4l2-common.o
  CC [M]  net/ieee802154/6lowpan/tx.o
  CC [M]  drivers/usb/serial/bus.o
  CC [M]  net/6lowpan/nhc_dest.o
  CC [M]  drivers/usb/serial/ftdi_sio.o
  LD [M]  net/ieee802154/6lowpan/ieee802154_6lowpan.o
  CC [M]  net/ieee802154/netlink.o
  CC [M]  net/6lowpan/nhc_fragment.o
  CC      drivers/media/v4l2-core/v4l2-ctrls-core.o
  LD [M]  drivers/usb/serial/usbserial.o
  AR      drivers/usb/built-in.a
  CC [M]  net/mac802154/main.o
  CC [M]  net/ieee802154/nl-mac.o
  CC [M]  net/6lowpan/nhc_hop.o
  CC [M]  net/ieee802154/nl-phy.o
  CC [M]  net/6lowpan/nhc_ipv6.o
  CC      drivers/media/v4l2-core/v4l2-ctrls-api.o
  CC [M]  net/mac802154/rx.o
  CC [M]  net/ieee802154/nl_policy.o
  CC [M]  net/6lowpan/nhc_mobility.o
  CC [M]  net/ieee802154/core.o
  CC      drivers/media/v4l2-core/v4l2-ctrls-request.o
  CC [M]  net/6lowpan/nhc_routing.o
  CC [M]  net/mac802154/tx.o
  CC [M]  net/mac802154/mac_cmd.o
  CC [M]  net/6lowpan/nhc_udp.o
  CC      drivers/media/v4l2-core/v4l2-ctrls-defs.o
  CC [M]  net/ieee802154/header_ops.o
  CC [M]  net/mac802154/mib.o
  LD [M]  net/6lowpan/6lowpan.o
  CC [M]  net/nfc/core.o
  CC      drivers/media/v4l2-core/v4l2-compat-ioctl32.o
  CC [M]  net/mac802154/iface.o
  CC [M]  net/ieee802154/sysfs.o
  CC [M]  net/nfc/netlink.o
  CC [M]  net/mac802154/llsec.o
  CC      drivers/media/v4l2-core/v4l2-mc.o
  CC [M]  net/ieee802154/nl802154.o
  CC [M]  net/mac802154/util.o
  CC      drivers/media/v4l2-core/v4l2-spi.o
  CC [M]  net/nfc/af_nfc.o
  CC [M]  net/ieee802154/trace.o
  CC [M]  net/mac802154/cfg.o
  CC      drivers/media/v4l2-core/v4l2-trace.o
  CC [M]  net/nfc/rawsock.o
  CC [M]  net/ieee802154/pan.o
  CC [M]  net/mac802154/scan.o
  CC      drivers/media/v4l2-core/v4l2-i2c.o
  CC [M]  net/nfc/llcp_core.o
  CC [M]  net/mac802154/trace.o
  CC [M]  net/ieee802154/socket.o
  AR      drivers/media/v4l2-core/built-in.a
  CC      drivers/media/cec/core/cec-core.o
  CC [M]  net/nfc/llcp_commands.o
  LD [M]  net/mac802154/mac802154.o
  AR      drivers/media/cec/i2c/built-in.a
  CC      drivers/media/cec/core/cec-adap.o
  LD [M]  net/ieee802154/ieee802154.o
  LD [M]  net/ieee802154/ieee802154_socket.o
  AR      drivers/media/common/b2c2/built-in.a
  AR      drivers/media/common/saa7146/built-in.a
  AR      drivers/media/common/siano/built-in.a
  AR      drivers/media/common/v4l2-tpg/built-in.a
  CC      drivers/media/common/videobuf2/videobuf2-core.o
  CC [M]  net/nfc/llcp_sock.o
  CC      drivers/power/reset/hisi-reboot.o
  CC      drivers/power/reset/syscon-reboot.o
  CC      drivers/media/cec/core/cec-api.o
  LD [M]  net/nfc/nfc.o
  CC      net/devres.o
  AR      drivers/power/reset/built-in.a
  CC      drivers/power/supply/power_supply_core.o
  CC      drivers/media/common/videobuf2/frame_vector.o
  CC      drivers/media/cec/core/cec-notifier.o
  CC      drivers/power/supply/power_supply_sysfs.o
  CC      net/socket.o
  CC      drivers/media/common/videobuf2/vb2-trace.o
  CC      drivers/media/cec/core/cec-pin.o
  CC      drivers/power/supply/power_supply_leds.o
  AR      drivers/power/supply/built-in.a
  CC [M]  drivers/power/sequencing/core.o
  CC      drivers/media/common/videobuf2/videobuf2-dma-contig.o
  AR      drivers/media/cec/core/built-in.a
  AR      drivers/media/cec/platform/meson/built-in.a
  AR      drivers/media/cec/platform/built-in.a
  AR      drivers/media/cec/usb/built-in.a
  AR      drivers/media/cec/built-in.a
  AR      drivers/thermal/broadcom/built-in.a
  AR      drivers/thermal/renesas/built-in.a
  AR      drivers/thermal/samsung/built-in.a
  AR      drivers/thermal/intel/built-in.a
  AR      drivers/thermal/st/built-in.a
  AR      drivers/thermal/qcom/built-in.a
  AR      drivers/thermal/tegra/built-in.a
  AR      drivers/thermal/mediatek/built-in.a
  CC      drivers/thermal/thermal_core.o
  LD [M]  drivers/power/sequencing/pwrseq-core.o
  AR      drivers/power/built-in.a
  CC      drivers/watchdog/watchdog_core.o
  CC      net/compat.o
  CC      drivers/media/common/videobuf2/videobuf2-dma-sg.o
  CC      drivers/thermal/thermal_sysfs.o
  CC      net/sysctl_net.o
  CC      drivers/watchdog/watchdog_dev.o
  CC      drivers/media/common/videobuf2/videobuf2-memops.o
  CC      drivers/thermal/thermal_trip.o
  AR      drivers/watchdog/built-in.a
  CC      drivers/media/common/uvc.o
  CC      drivers/thermal/thermal_helpers.o
  CC      drivers/media/common/videobuf2/videobuf2-v4l2.o
  AR      net/built-in.a
  CC      drivers/md/dm-uevent.o
  CC      drivers/md/dm-zone.o
  CC      drivers/thermal/thermal_thresholds.o
  CC      drivers/thermal/thermal_netlink.o
  AR      drivers/media/platform/allegro-dvt/built-in.a
  CC      drivers/media/common/videobuf2/videobuf2-vmalloc.o
  AR      drivers/media/platform/amlogic/meson-ge2d/built-in.a
  AR      drivers/media/platform/amlogic/built-in.a
  AR      drivers/media/platform/amphion/built-in.a
  AR      drivers/media/platform/aspeed/built-in.a
  AR      drivers/media/platform/atmel/built-in.a
  AR      drivers/media/platform/broadcom/built-in.a
  AR      drivers/media/platform/cadence/built-in.a
  AR      drivers/media/platform/chips-media/coda/built-in.a
  AR      drivers/media/platform/chips-media/wave5/built-in.a
  AR      drivers/media/platform/chips-media/built-in.a
  AR      drivers/media/platform/imagination/built-in.a
  AR      drivers/media/platform/intel/built-in.a
  AR      drivers/media/platform/marvell/built-in.a
  AR      drivers/media/platform/mediatek/jpeg/built-in.a
  AR      drivers/media/platform/mediatek/mdp/built-in.a
  AR      drivers/media/platform/mediatek/vcodec/common/built-in.a
  AR      drivers/media/platform/mediatek/vcodec/encoder/built-in.a
  AR      drivers/media/platform/mediatek/vcodec/decoder/built-in.a
  AR      drivers/media/platform/mediatek/vcodec/built-in.a
  AR      drivers/media/platform/mediatek/vpu/built-in.a
  AR      drivers/media/platform/mediatek/mdp3/built-in.a
  AR      drivers/media/platform/mediatek/built-in.a
  AR      drivers/media/platform/microchip/built-in.a
  CC      drivers/md/dm.o
  AR      drivers/media/platform/nuvoton/built-in.a
  AR      drivers/media/platform/nvidia/tegra-vde/built-in.a
  AR      drivers/media/platform/nvidia/built-in.a
  AR      drivers/media/platform/nxp/dw100/built-in.a
  AR      drivers/media/platform/nxp/imx-jpeg/built-in.a
  AR      drivers/media/platform/nxp/imx8-isi/built-in.a
  AR      drivers/media/platform/nxp/built-in.a
  AR      drivers/media/platform/qcom/camss/built-in.a
  AR      drivers/media/platform/qcom/venus/built-in.a
  AR      drivers/media/platform/qcom/built-in.a
  AR      drivers/media/platform/raspberrypi/pisp_be/built-in.a
  AR      drivers/media/platform/raspberrypi/built-in.a
  AR      drivers/media/platform/renesas/rcar-vin/built-in.a
  AR      drivers/media/platform/renesas/rzg2l-cru/built-in.a
  AR      drivers/media/platform/renesas/vsp1/built-in.a
  AR      drivers/media/platform/renesas/built-in.a
  AR      drivers/media/platform/rockchip/rga/built-in.a
  AR      drivers/media/platform/rockchip/rkisp1/built-in.a
  AR      drivers/media/platform/rockchip/built-in.a
  AR      drivers/media/platform/samsung/exynos-gsc/built-in.a
  AR      drivers/media/platform/samsung/exynos4-is/built-in.a
  AR      drivers/media/platform/samsung/s3c-camif/built-in.a
  AR      drivers/media/platform/samsung/s5p-g2d/built-in.a
  AR      drivers/media/platform/samsung/s5p-jpeg/built-in.a
  AR      drivers/media/platform/samsung/s5p-mfc/built-in.a
  AR      drivers/media/platform/samsung/built-in.a
  AR      drivers/media/platform/st/sti/bdisp/built-in.a
  AR      drivers/media/platform/st/sti/c8sectpfe/built-in.a
  AR      drivers/media/platform/st/sti/delta/built-in.a
  AR      drivers/media/platform/st/sti/hva/built-in.a
  AR      drivers/media/platform/st/stm32/built-in.a
  AR      drivers/media/platform/st/built-in.a
  AR      drivers/media/platform/sunxi/sun4i-csi/built-in.a
  AR      drivers/media/platform/sunxi/sun6i-csi/built-in.a
  AR      drivers/media/platform/sunxi/sun6i-mipi-csi2/built-in.a
  AR      drivers/media/platform/sunxi/sun8i-a83t-mipi-csi2/built-in.a
  AR      drivers/media/platform/sunxi/sun8i-di/built-in.a
  AR      drivers/media/platform/sunxi/sun8i-rotate/built-in.a
  AR      drivers/media/platform/sunxi/built-in.a
  AR      drivers/media/platform/ti/am437x/built-in.a
  AR      drivers/media/platform/ti/cal/built-in.a
  AR      drivers/media/platform/ti/vpe/built-in.a
  AR      drivers/media/platform/ti/davinci/built-in.a
  AR      drivers/media/platform/ti/j721e-csi2rx/built-in.a
  AR      drivers/media/platform/ti/omap/built-in.a
  AR      drivers/media/platform/ti/omap3isp/built-in.a
  AR      drivers/media/platform/ti/built-in.a
  AR      drivers/media/platform/verisilicon/built-in.a
  AR      drivers/media/platform/via/built-in.a
  AR      drivers/media/platform/xilinx/built-in.a
  AR      drivers/media/common/videobuf2/built-in.a
  AR      drivers/media/platform/built-in.a
  AR      drivers/media/common/built-in.a
  AR      drivers/media/pci/ttpci/built-in.a
  CC      drivers/edac/edac_mc.o
  AR      drivers/media/pci/b2c2/built-in.a
  AR      drivers/media/pci/pluto2/built-in.a
  AR      drivers/media/pci/dm1105/built-in.a
  AR      drivers/media/pci/pt1/built-in.a
  AR      drivers/media/pci/pt3/built-in.a
  AR      drivers/media/pci/mantis/built-in.a
  AR      drivers/media/pci/ngene/built-in.a
  AR      drivers/media/pci/ddbridge/built-in.a
  AR      drivers/media/pci/saa7146/built-in.a
  AR      drivers/media/pci/smipcie/built-in.a
  AR      drivers/media/pci/netup_unidvb/built-in.a
  AR      drivers/media/pci/intel/ipu3/built-in.a
  AR      drivers/media/pci/intel/ivsc/built-in.a
  CC      drivers/thermal/thermal_of.o
  AR      drivers/media/pci/intel/built-in.a
  AR      drivers/media/pci/built-in.a
  AR      drivers/media/usb/b2c2/built-in.a
  AR      drivers/media/usb/dvb-usb/built-in.a
  AR      drivers/media/usb/dvb-usb-v2/built-in.a
  AR      drivers/media/usb/s2255/built-in.a
  AR      drivers/media/usb/siano/built-in.a
  AR      drivers/media/usb/ttusb-budget/built-in.a
  AR      drivers/media/usb/ttusb-dec/built-in.a
  CC      drivers/media/usb/gspca/gspca.o
  CC      drivers/md/dm-table.o
  CC      drivers/thermal/gov_bang_bang.o
  CC      drivers/edac/edac_device.o
  CC      drivers/thermal/gov_step_wise.o
  CC      drivers/media/usb/gspca/autogain_functions.o
  CC      drivers/thermal/gov_user_space.o
  CC      drivers/edac/edac_mc_sysfs.o
  CC      drivers/thermal/gov_power_allocator.o
  CC      drivers/md/dm-target.o
  CC      drivers/edac/edac_module.o
  AR      drivers/media/usb/gspca/built-in.a
  CC      drivers/media/usb/uvc/uvc_driver.o
  CC      drivers/thermal/cpufreq_cooling.o
  CC      drivers/md/dm-linear.o
  CC      drivers/edac/edac_device_sysfs.o
  CC      drivers/thermal/cpuidle_cooling.o
  CC      drivers/media/usb/uvc/uvc_queue.o
  CC      drivers/md/dm-stripe.o
  CC      drivers/thermal/devfreq_cooling.o
  CC      drivers/edac/wq.o
  CC      drivers/media/usb/uvc/uvc_v4l2.o
  CC      drivers/md/dm-ioctl.o
  CC      drivers/thermal/hisi_thermal.o
  CC      drivers/edac/edac_pci.o
  CC      drivers/media/usb/uvc/uvc_video.o
  AR      drivers/thermal/built-in.a
  CC      drivers/opp/core.o
  CC      drivers/md/dm-io.o
  CC      drivers/edac/edac_pci_sysfs.o
  CC      drivers/media/usb/uvc/uvc_ctrl.o
  CC      drivers/opp/cpu.o
  CC      drivers/md/dm-kcopyd.o
  AR      drivers/edac/built-in.a
  AR      drivers/media/mmc/siano/built-in.a
  AR      drivers/media/mmc/built-in.a
  CC      drivers/media/usb/uvc/uvc_status.o
  CC      drivers/md/dm-sysfs.o
  CC      drivers/opp/of.o
  CC      drivers/media/usb/uvc/uvc_isight.o
  CC      drivers/cpufreq/cpufreq.o
  CC      drivers/md/dm-stats.o
  CC      drivers/media/usb/uvc/uvc_debugfs.o
  CC      drivers/opp/debugfs.o
  AR      drivers/opp/built-in.a
  AR      drivers/media/firewire/built-in.a
  CC      drivers/cpufreq/freq_table.o
  CC      drivers/md/dm-rq.o
  CC      drivers/media/usb/uvc/uvc_metadata.o
  AR      drivers/media/spi/built-in.a
  CC      drivers/cpuidle/governors/menu.o
  CC      drivers/cpufreq/cpufreq_stats.o
  CC      drivers/media/usb/uvc/uvc_entity.o
  CC      drivers/cpuidle/governors/teo.o
  CC      drivers/md/dm-io-rewind.o
  CC      drivers/cpufreq/cpufreq_times.o
  AR      drivers/cpuidle/governors/built-in.a
  CC      drivers/cpuidle/cpuidle.o
  AR      drivers/media/usb/uvc/built-in.a
  AR      drivers/media/usb/built-in.a
  AR      drivers/media/test-drivers/built-in.a
  AR      drivers/media/radio/built-in.a
  AR      drivers/media/built-in.a
  CC      drivers/mmc/core/core.o
  CC      drivers/cpufreq/cpufreq_performance.o
  CC      drivers/md/dm-builtin.o
  CC      drivers/cpufreq/cpufreq_powersave.o
  CC      drivers/cpufreq/cpufreq_conservative.o
  CC      drivers/cpuidle/driver.o
  CC      drivers/md/dm-bufio.o
  CC      drivers/cpufreq/cpufreq_governor.o
  CC      drivers/mmc/core/bus.o
  CC      drivers/cpuidle/governor.o
  CC      drivers/cpufreq/cpufreq_governor_attr_set.o
  CC      drivers/mmc/core/host.o
  CC      drivers/md/dm-crypt.o
  CC      drivers/cpuidle/sysfs.o
  CC      drivers/cpuidle/dt_idle_states.o
  CC      drivers/cpufreq/scmi-cpufreq.o
  CC      drivers/mmc/core/mmc.o
  CC      drivers/cpufreq/scpi-cpufreq.o
  CC      drivers/cpuidle/dt_idle_genpd.o
  CC      drivers/md/dm-default-key.o
  AR      drivers/cpufreq/built-in.a
  CC      drivers/mmc/host/sdhci.o
  CC      drivers/mmc/core/mmc_ops.o
  CC      drivers/cpuidle/cpuidle-psci.o
  CC      drivers/md/dm-snap.o
  CC      drivers/cpuidle/cpuidle-psci-domain.o
  AR      drivers/cpuidle/built-in.a
  CC      drivers/mmc/core/sd.o
  CC      drivers/ufs/core/ufshcd.o
  CC      drivers/mmc/host/sdhci-pltfm.o
  CC      drivers/md/dm-exception-store.o
  CC      drivers/mmc/core/sd_ops.o
  AR      drivers/mmc/host/built-in.a
  CC      drivers/ufs/host/tc-dwc-g210-pltfrm.o
  CC      drivers/md/dm-snap-transient.o
  CC      drivers/mmc/core/sdio.o
  CC      drivers/ufs/host/ufshcd-dwc.o
  CC      drivers/md/dm-snap-persistent.o
  CC      drivers/mmc/core/sdio_ops.o
  CC      drivers/mmc/core/sdio_bus.o
  CC      drivers/md/dm-verity-fec.o
  CC      drivers/ufs/core/ufs-sysfs.o
  CC      drivers/ufs/host/tc-dwc-g210.o
  CC      drivers/md/dm-verity-target.o
  CC      drivers/ufs/core/ufs-mcq.o
  CC      drivers/mmc/core/sdio_cis.o
  CC      drivers/ufs/host/ufshcd-pci.o
  CC      drivers/md/dm-verity-debug.o
  CC      drivers/mmc/core/sdio_io.o
  CC      drivers/ufs/host/ufshcd-pltfrm.o
  CC      drivers/ufs/core/ufs-debugfs.o
  CC      drivers/md/alta_bigdata.o
  CC      drivers/mmc/core/sdio_irq.o
  CC      drivers/ufs/core/ufs_bsg.o
  CC      drivers/md/dm-bow.o
  CC      drivers/ufs/host/ufs-hisi.o
  CC      drivers/ufs/core/ufshcd-crypto.o
  CC      drivers/md/dm-user.o
  AR      drivers/ufs/host/built-in.a
  AR      drivers/firmware/arm_ffa/built-in.a
  CC      drivers/firmware/arm_scmi/transports/smc.o
  CC      drivers/mmc/core/slot-gpio.o
  AR      drivers/ufs/core/built-in.a
  AR      drivers/ufs/built-in.a
  CC      drivers/mmc/core/regulator.o
  CC      drivers/firmware/arm_scmi/transports/mailbox.o
  AR      drivers/md/built-in.a
  AR      drivers/firmware/arm_scmi/vendors/imx/built-in.a
  AR      drivers/firmware/broadcom/built-in.a
  CC      drivers/mmc/core/pwrseq.o
  CC      drivers/firmware/arm_scmi/transports/virtio.o
  CC      drivers/firmware/arm_scmi/bus.o
  AR      drivers/crypto/allwinner/built-in.a
  AR      drivers/crypto/stm32/built-in.a
  AR      drivers/crypto/xilinx/built-in.a
  AR      drivers/crypto/hisilicon/built-in.a
  AR      drivers/crypto/intel/keembay/built-in.a
  AR      drivers/crypto/intel/ixp4xx/built-in.a
  AR      drivers/crypto/intel/built-in.a
  AR      drivers/crypto/starfive/built-in.a
  AR      drivers/crypto/built-in.a
  AR      drivers/firmware/cirrus/built-in.a
  CC      drivers/firmware/arm_scmi/driver.o
  AR      drivers/firmware/arm_scmi/transports/built-in.a
  CC      drivers/mmc/core/debugfs.o
  CC      drivers/clocksource/timer-of.o
  AR      drivers/firmware/meson/built-in.a
  CC      drivers/mmc/core/crypto.o
  CC      drivers/hid/usbhid/hid-core.o
  CC      drivers/clocksource/timer-probe.o
  CC      drivers/mmc/core/block.o
  CC      drivers/clocksource/mmio.o
  CC      drivers/firmware/arm_scmi/notify.o
  CC      drivers/clocksource/timer-sun4i.o
  CC      drivers/hid/usbhid/hiddev.o
  CC      drivers/mmc/core/queue.o
  CC      drivers/firmware/arm_scmi/base.o
  CC      drivers/clocksource/arm_arch_timer.o
  CC      drivers/firmware/arm_scmi/clock.o
  AR      drivers/mmc/core/built-in.a
  AR      drivers/mmc/built-in.a
  CC      drivers/of/base.o
  CC      drivers/firmware/arm_scmi/perf.o
  AR      drivers/hid/usbhid/built-in.a
  CC      drivers/hid/hid-core.o
  CC      drivers/clocksource/timer-sp804.o
  CC      drivers/of/cpu.o
  CC      drivers/clocksource/dummy_timer.o
  CC      drivers/firmware/arm_scmi/power.o
  CC      drivers/firmware/arm_scmi/reset.o
  AR      drivers/clocksource/built-in.a
  CC      drivers/vhost/vsock.o
  CC      drivers/of/device.o
  CC      drivers/firmware/arm_scmi/sensors.o
  CC      drivers/hid/hid-input.o
  CC      drivers/vhost/vhost.o
  CC      drivers/firmware/arm_scmi/system.o
  CC      drivers/of/module.o
  CC      drivers/firmware/arm_scmi/voltage.o
  CC      drivers/of/platform.o
  CC      drivers/hid/hid-quirks.o
  CC      drivers/firmware/arm_scmi/powercap.o
  CC      drivers/vhost/iotlb.o
  CC      drivers/firmware/arm_scmi/pinctrl.o
  CC      drivers/of/property.o
  CC      drivers/firmware/arm_scmi/shmem.o
  CC      drivers/hid/hid-debug.o
  AR      drivers/vhost/built-in.a
  AR      drivers/firmware/microchip/built-in.a
  CC      drivers/of/kobj.o
  AR      drivers/staging/media/built-in.a
  CC      drivers/staging/samsung/fat_common/main.o
  CC      drivers/firmware/arm_scmi/msg.o
  AR      drivers/firmware/arm_scmi/built-in.a
  CC      drivers/of/fdt.o
  CC      drivers/firmware/efi/libstub/efi-stub-helper.o
  CC      drivers/staging/samsung/fat_common/bs_info.o
  CC      drivers/hid/hidraw.o
  CC      drivers/firmware/efi/libstub/gop.o
  CC      drivers/staging/samsung/fat_common/ro_uevent.o
  AR      drivers/staging/samsung/fat_common/built-in.a
  DTC     drivers/of/empty_root.dtb
  CC      drivers/staging/samsung/fslog/fslog.o
  CC      drivers/of/fdt_address.o
  CC      drivers/firmware/efi/libstub/secureboot.o
  CC      drivers/hid/uhid.o
  CC      drivers/of/address.o
  CC      drivers/firmware/efi/libstub/tpm.o
  CC      drivers/staging/samsung/fslog/dlog_hook.o
  CC      drivers/hid/hid-generic.o
  AR      drivers/staging/samsung/fslog/built-in.a
  AR      drivers/staging/samsung/built-in.a
  AR      drivers/staging/iio/accel/built-in.a
  AR      drivers/staging/iio/adc/built-in.a
  AR      drivers/staging/iio/addac/built-in.a
  CC      drivers/firmware/efi/libstub/file.o
  AR      drivers/staging/iio/frequency/built-in.a
  AR      drivers/staging/iio/impedance-analyzer/built-in.a
  AR      drivers/staging/iio/built-in.a
  CC      drivers/staging/android/ashmem.o
  CC      drivers/of/irq.o
  CC      drivers/firmware/efi/libstub/mem.o
  CC      drivers/hid/hid-apple.o
  AR      drivers/staging/android/built-in.a
  AR      drivers/staging/built-in.a
  AR      drivers/firmware/imx/built-in.a
  CC      drivers/firmware/efi/efi.o
  CC      drivers/firmware/efi/libstub/random.o
  CC      drivers/of/of_reserved_mem.o
  CC      drivers/hid/hid-elecom.o
  CC      drivers/firmware/efi/libstub/randomalloc.o
  CC      drivers/hid/hid-lg.o
  CC      drivers/firmware/psci/psci.o
  CC      drivers/firmware/efi/libstub/pci.o
  CC [M]  drivers/of/of_kunit_helpers.o
  CC      drivers/hid/hid-lg-g15.o
  CC      drivers/firmware/efi/libstub/skip_spaces.o
  CC      drivers/firmware/efi/libstub/lib-cmdline.o
  AR      drivers/firmware/psci/built-in.a
  AR      drivers/firmware/qcom/built-in.a
  CC      drivers/firmware/efi/libstub/lib-ctype.o
  AR      drivers/platform/surface/built-in.a
  AR      drivers/platform/arm64/built-in.a
  AR      drivers/platform/built-in.a
  CC      drivers/firmware/efi/libstub/alignedmem.o
  CC      drivers/firmware/efi/vars.o
  WRAP    drivers/of/empty_root.dtb.S
  AS      drivers/of/empty_root.dtb.o
  AR      drivers/of/built-in.a
  CC      drivers/hid/hid-logitech-dj.o
  CC      drivers/hid/hid-logitech-hidpp.o
  CC      drivers/firmware/efi/libstub/relocate.o
  CC      drivers/firmware/smccc/smccc.o
  AR      drivers/firmware/tegra/built-in.a
  CC      drivers/firmware/efi/reboot.o
  CC      drivers/firmware/efi/libstub/printk.o
  CC      drivers/hid/hid-magicmouse.o
  CC      drivers/mailbox/mailbox.o
  CC      drivers/firmware/efi/libstub/vsprintf.o
  CC      drivers/firmware/smccc/kvm_guest.o
  CC      drivers/firmware/efi/libstub/fdt.o
  CC      drivers/firmware/smccc/soc_id.o
  CC      drivers/hid/hid-microsoft.o
  CC      drivers/firmware/efi/libstub/lib-fdt_rw.o
  AR      drivers/firmware/smccc/built-in.a
  CC      drivers/hwspinlock/hwspinlock_core.o
  CC      drivers/firmware/efi/libstub/lib-fdt_ro.o
  CC      drivers/mailbox/hi3660-mailbox.o
  CC      drivers/firmware/efi/libstub/lib-fdt_wip.o
  CC      drivers/firmware/efi/libstub/lib-fdt.o
  CC      drivers/firmware/efi/libstub/lib-fdt_empty_tree.o
  CC      drivers/firmware/efi/libstub/lib-fdt_sw.o
  CC      drivers/firmware/efi/libstub/efi-stub.o
  CC      drivers/hid/hid-multitouch.o
  CC      drivers/mailbox/hi6220-mailbox.o
  AR      drivers/hwspinlock/built-in.a
  CC      drivers/remoteproc/remoteproc_core.o
  CC      drivers/firmware/efi/libstub/string.o
  CC      drivers/firmware/efi/libstub/intrinsics.o
  CC      drivers/mailbox/sun6i-msgbox.o
  CC      drivers/hid/hid-nintendo.o
  CC      drivers/firmware/efi/libstub/systable.o
  AR      drivers/mailbox/built-in.a
  CC      drivers/remoteproc/remoteproc_coredump.o
  CC      drivers/firmware/efi/memattr.o
  CC      drivers/firmware/efi/libstub/screen_info.o
  CC      drivers/hid/hid-prodikeys.o
  CC      drivers/hid/hid-picolcd_core.o
  CC      drivers/firmware/efi/libstub/efi-stub-entry.o
  CC      drivers/remoteproc/remoteproc_debugfs.o
  AR      drivers/firmware/xilinx/built-in.a
  CC      drivers/rpmsg/rpmsg_core.o
  CC      drivers/firmware/efi/libstub/kaslr.o
  CC      drivers/hid/hid-picolcd_debugfs.o
  CC      drivers/remoteproc/remoteproc_sysfs.o
  CC      drivers/firmware/efi/libstub/arm64.o
  CC      drivers/rpmsg/rpmsg_char.o
  CC      drivers/remoteproc/remoteproc_virtio.o
  CC      drivers/hid/hid-plantronics.o
  CC      drivers/firmware/efi/libstub/arm64-stub.o
  CC      drivers/firmware/efi/libstub/smbios.o
  CC      drivers/hid/hid-playstation.o
  AR      drivers/rpmsg/built-in.a
  AR      drivers/virt/vboxguest/built-in.a
  CC      drivers/virt/coco/pkvm-guest/arm-pkvm-guest.o
  CC      drivers/remoteproc/remoteproc_elf_loader.o
  STUBCPY drivers/firmware/efi/libstub/alignedmem.stub.o
  STUBCPY drivers/firmware/efi/libstub/arm64-stub.stub.o
  STUBCPY drivers/firmware/efi/libstub/arm64.stub.o
  STUBCPY drivers/firmware/efi/libstub/efi-stub-entry.stub.o
  STUBCPY drivers/firmware/efi/libstub/efi-stub-helper.stub.o
  STUBCPY drivers/firmware/efi/libstub/efi-stub.stub.o
  STUBCPY drivers/firmware/efi/libstub/fdt.stub.o
  STUBCPY drivers/firmware/efi/libstub/file.stub.o
  STUBCPY drivers/firmware/efi/libstub/gop.stub.o
  STUBCPY drivers/firmware/efi/libstub/intrinsics.stub.o
  STUBCPY drivers/firmware/efi/libstub/kaslr.stub.o
  STUBCPY drivers/firmware/efi/libstub/lib-cmdline.stub.o
  STUBCPY drivers/firmware/efi/libstub/lib-ctype.stub.o
  STUBCPY drivers/firmware/efi/libstub/lib-fdt.stub.o
  STUBCPY drivers/firmware/efi/libstub/lib-fdt_empty_tree.stub.o
  STUBCPY drivers/firmware/efi/libstub/lib-fdt_ro.stub.o
  AR      drivers/virt/coco/pkvm-guest/built-in.a
  STUBCPY drivers/firmware/efi/libstub/lib-fdt_rw.stub.o
  AR      drivers/virt/coco/built-in.a
  STUBCPY drivers/firmware/efi/libstub/lib-fdt_sw.stub.o
  CC      drivers/virt/gunyah/gunyah.o
  STUBCPY drivers/firmware/efi/libstub/lib-fdt_wip.stub.o
  STUBCPY drivers/firmware/efi/libstub/mem.stub.o
  STUBCPY drivers/firmware/efi/libstub/pci.stub.o
  STUBCPY drivers/firmware/efi/libstub/printk.stub.o
  STUBCPY drivers/firmware/efi/libstub/random.stub.o
  STUBCPY drivers/firmware/efi/libstub/randomalloc.stub.o
  STUBCPY drivers/firmware/efi/libstub/relocate.stub.o
  STUBCPY drivers/firmware/efi/libstub/screen_info.stub.o
  STUBCPY drivers/firmware/efi/libstub/secureboot.stub.o
  STUBCPY drivers/firmware/efi/libstub/skip_spaces.stub.o
  STUBCPY drivers/firmware/efi/libstub/smbios.stub.o
  STUBCPY drivers/firmware/efi/libstub/string.stub.o
  STUBCPY drivers/firmware/efi/libstub/systable.stub.o
  STUBCPY drivers/firmware/efi/libstub/tpm.stub.o
  STUBCPY drivers/firmware/efi/libstub/vsprintf.stub.o
  AR      drivers/firmware/efi/libstub/lib.a
  CC      drivers/firmware/efi/tpm.o
  CC      drivers/hid/hid-roccat.o
  CC      drivers/remoteproc/remoteproc_cdev.o
  CC      drivers/virt/gunyah/rsc_mgr.o
  AR      drivers/remoteproc/built-in.a
  AR      drivers/devfreq/event/built-in.a
  CC      drivers/devfreq/devfreq.o
  CC      drivers/firmware/efi/memmap.o
  CC      drivers/hid/hid-roccat-common.o
  CC      drivers/firmware/efi/fdtparams.o
  CC      drivers/virt/gunyah/rsc_mgr_rpc.o
  CC      drivers/firmware/efi/esrt.o
  CC      drivers/hid/hid-roccat-arvo.o
  CC      drivers/devfreq/devfreq-event.o
  CC      drivers/firmware/efi/efi-pstore.o
  CC      drivers/virt/gunyah/vm_mgr.o
  CC      drivers/hid/hid-roccat-isku.o
  CC      drivers/firmware/efi/runtime-wrappers.o
  CC      drivers/devfreq/governor_simpleondemand.o
  CC      drivers/hid/hid-roccat-kone.o
  CC      drivers/devfreq/governor_performance.o
  CC      drivers/firmware/efi/efi-init.o
  CC      drivers/virt/gunyah/vm_mgr_mem.o
  CC      drivers/devfreq/governor_powersave.o
  CC      drivers/hid/hid-roccat-koneplus.o
  CC      drivers/devfreq/governor_userspace.o
  CC      drivers/firmware/efi/arm-runtime.o
  CC      drivers/devfreq/governor_passive.o
  CC      drivers/virt/gunyah/vm_mgr_cma_mem.o
  CC      drivers/hid/hid-roccat-konepure.o
  CC      drivers/firmware/efi/earlycon.o
  AR      drivers/devfreq/built-in.a
  CC      drivers/firmware/arm_scpi.o
  CC      drivers/virt/gunyah/gunyah_vcpu.o
  CC      drivers/hid/hid-roccat-kovaplus.o
  AR      drivers/firmware/efi/built-in.a
  CC      drivers/virt/vmgenid.o
  CC      drivers/virt/gunyah/gunyah_qtvm.o
  CC      drivers/extcon/extcon.o
  CC      drivers/hid/hid-roccat-lua.o
  CC      drivers/firmware/arm_sdei.o
  CC      drivers/hid/hid-roccat-pyra.o
  CC      drivers/extcon/devres.o
  CC      drivers/virt/gunyah/gunyah_platform_hooks.o
  CC      drivers/hid/hid-roccat-ryos.o
  AR      drivers/firmware/built-in.a
  CC      drivers/virt/gunyah/gunyah_irqfd.o
  AR      drivers/extcon/built-in.a
  CC      drivers/hid/hid-roccat-savu.o
  AR      drivers/iio/accel/built-in.a
  AR      drivers/iio/adc/built-in.a
  AR      drivers/iio/addac/built-in.a
  AR      drivers/iio/afe/built-in.a
  AR      drivers/iio/amplifiers/built-in.a
  AR      drivers/iio/buffer/built-in.a
  AR      drivers/iio/cdc/built-in.a
  AR      drivers/iio/chemical/built-in.a
  AR      drivers/iio/common/cros_ec_sensors/built-in.a
  AR      drivers/iio/common/hid-sensors/built-in.a
  AR      drivers/iio/common/inv_sensors/built-in.a
  AR      drivers/iio/common/ms_sensors/built-in.a
  AR      drivers/iio/common/scmi_sensors/built-in.a
  AR      drivers/iio/common/ssp_sensors/built-in.a
  AR      drivers/iio/common/st_sensors/built-in.a
  AR      drivers/iio/common/built-in.a
  AR      drivers/iio/dac/built-in.a
  AR      drivers/iio/dummy/built-in.a
  AR      drivers/iio/gyro/built-in.a
  AR      drivers/iio/filter/built-in.a
  AR      drivers/iio/frequency/built-in.a
  CC      drivers/virt/gunyah/gunyah_ioeventfd.o
  AR      drivers/iio/health/built-in.a
  AR      drivers/iio/humidity/built-in.a
  AR      drivers/iio/imu/bmi160/built-in.a
  AR      drivers/iio/imu/bmi323/built-in.a
  AR      drivers/iio/imu/bno055/built-in.a
  AR      drivers/iio/imu/inv_icm42600/built-in.a
  AR      drivers/iio/imu/inv_mpu6050/built-in.a
  AR      drivers/iio/light/built-in.a
  AR      drivers/iio/imu/st_lsm6dsx/built-in.a
  CC      drivers/powercap/powercap_sys.o
  AR      drivers/iio/imu/st_lsm9ds0/built-in.a
  AR      drivers/iio/imu/built-in.a
  AR      drivers/iio/magnetometer/built-in.a
  AR      drivers/iio/multiplexer/built-in.a
  AR      drivers/iio/orientation/built-in.a
  AR      drivers/iio/position/built-in.a
  AR      drivers/iio/potentiometer/built-in.a
  AR      drivers/iio/potentiostat/built-in.a
  AR      drivers/iio/pressure/built-in.a
  AR      drivers/iio/proximity/built-in.a
  AR      drivers/iio/resolver/built-in.a
  AR      drivers/iio/temperature/built-in.a
  AR      drivers/iio/test/built-in.a
  CC [M]  drivers/iio/test/iio-test-format.o
  CC      drivers/hid/hid-samsung.o
  AR      drivers/virt/gunyah/built-in.a
  AR      drivers/virt/built-in.a
  AR      drivers/iio/trigger/built-in.a
  CC      drivers/powercap/idle_inject.o
  CC      drivers/iio/industrialio-core.o
  CC      drivers/hid/hid-sony.o
  CC      drivers/perf/arm_pmu.o
  AR      drivers/powercap/built-in.a
  CC      drivers/iio/industrialio-event.o
  CC      drivers/perf/arm_pmu_platform.o
  CC      drivers/hid/hid-steam.o
  AR      drivers/ras/amd/atl/built-in.a
  CC      drivers/ras/ras.o
  CC      drivers/iio/inkern.o
  CC      drivers/perf/arm_pmuv3.o
  CC      drivers/hid/hid-uclogic-core.o
  CC      drivers/iio/industrialio-buffer.o
  CC      drivers/hid/hid-uclogic-rdesc.o
  CC      drivers/ras/debugfs.o
  AR      drivers/perf/built-in.a
  CC      drivers/iio/industrialio-trigger.o
  AR      drivers/ras/built-in.a
  CC      drivers/hid/hid-uclogic-params.o
  AR      drivers/hwtracing/intel_th/built-in.a
  CC      drivers/hid/wacom_wac.o
  CC      drivers/android/binderfs.o
  AR      drivers/iio/built-in.a
  CC      drivers/hid/wacom_sys.o
  CC      drivers/android/binder.o
  AR      drivers/nvmem/layouts/built-in.a
  CC      drivers/nvmem/core.o
  CC      drivers/interconnect/qcom/icc-common.o
  CC      drivers/hid/hid-wiimote-core.o
  CC      drivers/nvmem/layouts.o
  AR      drivers/interconnect/qcom/built-in.a
  CC      drivers/interconnect/core.o
  CC      drivers/hid/hid-wiimote-modules.o
  AR      drivers/nvmem/built-in.a
  CC      drivers/android/binder_alloc.o
  CC      drivers/hid/hid-wiimote-debug.o
  CC      drivers/interconnect/bulk.o
  CC [M]  drivers/pps/pps.o
  CC [M]  drivers/hid/hid-uclogic-rdesc-test.o
  CC      drivers/interconnect/debugfs-client.o
  AR      drivers/hid/built-in.a
  CC      drivers/android/vendor_hooks.o
  LD [M]  drivers/hid/hid-uclogic-test.o
  CC      drivers/android/debug_kinfo.o
  CC [M]  drivers/pps/kapi.o
  AR      drivers/interconnect/built-in.a
  CC [M]  drivers/pps/sysfs.o
  CC [M]  drivers/bluetooth/hci_ldisc.o
  CC [M]  drivers/gnss/core.o
  LD [M]  drivers/pps/pps_core.o
  CC [M]  drivers/bluetooth/hci_serdev.o
  LD [M]  drivers/gnss/gnss.o
  CC [M]  drivers/bluetooth/hci_h4.o
  CC [M]  drivers/bluetooth/hci_ll.o
  CC [M]  drivers/bluetooth/hci_bcm.o
  AR      drivers/android/built-in.a
  CC [M]  drivers/bluetooth/hci_qca.o
  CC [M]  drivers/bluetooth/btsdio.o
  AR      drivers/built-in.a
  CC [M]  drivers/bluetooth/btbcm.o
  CC [M]  drivers/bluetooth/btqca.o
  LD [M]  drivers/bluetooth/hci_uart.o
-- KernelSU: Git repo detected at /home/runner/work/Root-My-GalaxyA075F-Payloads/Root-My-GalaxyA075F-Payloads/KernelSU
-- KernelSU version: 32525
-- KSU_NEW_DCACHE_FLUSH: 1
-- KernelSU Manager signature size: 0x033b
-- KernelSU Manager signature hash: c371061b19d8c7d7d6133c6a9bafe198fa944e50c1b31c9d8daa8d7f1fc2d2d6
  CC [M]  drivers/kernelsu/core/init.o
  CC [M]  drivers/kernelsu/feature/kernel_umount.o
  CC [M]  drivers/kernelsu/feature/sulog.o
  CC [M]  drivers/kernelsu/feature/sucompat.o
  CC [M]  drivers/kernelsu/hook/lsm_hook.o
  CC [M]  drivers/kernelsu/hook/setuid_hook.o
  CC [M]  drivers/kernelsu/hook/syscall_event_bridge.o
  CC [M]  drivers/kernelsu/hook/syscall_hook_manager.o
  CC [M]  drivers/kernelsu/hook/tp_marker.o
  CC [M]  drivers/kernelsu/hook/arm64/patch_memory.o
  CC [M]  drivers/kernelsu/hook/arm64/syscall_hook.o
  CC [M]  drivers/kernelsu/infra/file_wrapper.o
  CC [M]  drivers/kernelsu/infra/event_queue.o
  CC [M]  drivers/kernelsu/infra/seccomp_cache.o
  CC [M]  drivers/kernelsu/infra/su_mount_ns.o
  CC [M]  drivers/kernelsu/infra/symbol_resolver.o
  CC [M]  drivers/kernelsu/manager/apk_sign.o
  CC [M]  drivers/kernelsu/manager/pkg_observer.o
  CC [M]  drivers/kernelsu/manager/throne_tracker.o
  CC [M]  drivers/kernelsu/policy/allowlist.o
  CC [M]  drivers/kernelsu/policy/app_profile.o
  CC [M]  drivers/kernelsu/policy/feature.o
  CC [M]  drivers/kernelsu/runtime/boot_event.o
  CC [M]  drivers/kernelsu/runtime/ksud_integration.o
  CC [M]  drivers/kernelsu/selinux/selinux.o
  CC [M]  drivers/kernelsu/selinux/rules.o
  CC [M]  drivers/kernelsu/selinux/sepolicy.o
  CC [M]  drivers/kernelsu/sulog/event.o
  CC [M]  drivers/kernelsu/sulog/fd.o
  CC [M]  drivers/kernelsu/supercall/dispatch.o
  CC [M]  drivers/kernelsu/supercall/perm.o
  CC [M]  drivers/kernelsu/supercall/supercall.o
  CC [M]  drivers/kernelsu/feature/adb_root.o
  CC [M]  drivers/kernelsu/feature/selinux_hide.o
  LD [M]  drivers/kernelsu/kernelsu.o
  AR      built-in.a
  AR      vmlinux.a
  LD      vmlinux.o
  OBJCOPY modules.builtin.modinfo
  GEN     modules.builtin
  GEN     .vmlinux.objs
  MODPOST Module.symvers
WARNING: modpost: "path_umount" [drivers/kernelsu/kernelsu.ko] undefined!
WARNING: modpost: "strncpy_from_user_nofault" [drivers/kernelsu/kernelsu.ko] undefined!
WARNING: modpost: "kallsyms_lookup_size_offset" [drivers/kernelsu/kernelsu.ko] undefined!
WARNING: modpost: "__tracepoint_sys_enter" [drivers/kernelsu/kernelsu.ko] undefined!
WARNING: modpost: "init_mm" [drivers/kernelsu/kernelsu.ko] undefined!
WARNING: modpost: "__set_fixmap" [drivers/kernelsu/kernelsu.ko] undefined!
WARNING: modpost: "copy_to_kernel_nofault" [drivers/kernelsu/kernelsu.ko] undefined!
WARNING: modpost: "dcache_clean_inval_poc" [drivers/kernelsu/kernelsu.ko] undefined!
WARNING: modpost: "selinux_blob_sizes" [drivers/kernelsu/kernelsu.ko] undefined!
WARNING: modpost: "mntns_operations" [drivers/kernelsu/kernelsu.ko] undefined!
WARNING: modpost: suppressed 46 unresolved symbol warnings because there were too many)
  GEN     vmlinux.symvers
  CC [M]  arch/arm64/geniezone/gzvm.mod.o
  CC [M]  .module-common.o
  CC [M]  kernel/time/time_test.mod.o
  CC [M]  kernel/kheaders.mod.o
  CC [M]  mm/zsmalloc.mod.o
  CC [M]  fs/ext4/ext4-inode-test.mod.o
  CC [M]  fs/fat/fat_test.mod.o
  CC [M]  fs/netfs/netfs.mod.o
  CC [M]  lib/kunit/kunit.mod.o
  CC [M]  lib/kunit/kunit-test.mod.o
  CC [M]  lib/kunit/platform-test.mod.o
  CC [M]  lib/kunit/kunit-example-test.mod.o
  CC [M]  lib/crypto/libarc4.mod.o
  CC [M]  drivers/clk/clk-test.mod.o
  CC [M]  drivers/clk/clk-gate_test.mod.o
  CC [M]  drivers/clk/clk_kunit_helpers.mod.o
  CC [M]  drivers/virtio/virtio_pci_modern_dev.mod.o
  CC [M]  drivers/virtio/virtio_pci_legacy_dev.mod.o
  CC [M]  drivers/virtio/virtio_pci.mod.o
  CC [M]  drivers/virtio/virtio_balloon.mod.o
  CC [M]  drivers/char/hw_random/cctrng.mod.o
  CC [M]  drivers/char/virtio_console.mod.o
  CC [M]  drivers/base/regmap/regmap-ram.mod.o
  CC [M]  drivers/base/regmap/regmap-kunit.mod.o
  CC [M]  drivers/base/regmap/regmap-raw-ram.mod.o
  CC [M]  drivers/block/virtio_blk.mod.o
  CC [M]  drivers/block/zram/zram.mod.o
  CC [M]  drivers/misc/open-dice.mod.o
  CC [M]  drivers/misc/vcpu_stall_detector.mod.o
  CC [M]  drivers/net/macsec.mod.o
  CC [M]  drivers/net/mii.mod.o
  CC [M]  drivers/net/can/dev/can-dev.mod.o
  CC [M]  drivers/net/can/vcan.mod.o
  CC [M]  drivers/net/can/slcan/slcan.mod.o
  CC [M]  drivers/net/ppp/ppp_generic.mod.o
  CC [M]  drivers/net/ppp/bsd_comp.mod.o
  CC [M]  drivers/net/ppp/ppp_deflate.mod.o
  CC [M]  drivers/net/ppp/ppp_mppe.mod.o
  CC [M]  drivers/net/ppp/pppox.mod.o
  CC [M]  drivers/net/ppp/pptp.mod.o
  CC [M]  drivers/net/slip/slhc.mod.o
  CC [M]  drivers/net/wwan/wwan.mod.o
  CC [M]  drivers/net/usb/rtl8150.mod.o
  CC [M]  drivers/net/usb/r8152.mod.o
  CC [M]  drivers/net/usb/asix.mod.o
  CC [M]  drivers/net/usb/ax88179_178a.mod.o
  CC [M]  drivers/net/usb/cdc_ether.mod.o
  CC [M]  drivers/net/usb/cdc_eem.mod.o
  CC [M]  drivers/net/usb/usbnet.mod.o
  CC [M]  drivers/net/usb/cdc_ncm.mod.o
  CC [M]  drivers/net/usb/aqc111.mod.o
  CC [M]  drivers/net/usb/r8153_ecm.mod.o
  CC [M]  drivers/usb/mon/usbmon.mod.o
  CC [M]  drivers/usb/class/cdc-acm.mod.o
  CC [M]  drivers/usb/serial/usbserial.mod.o
  CC [M]  drivers/usb/serial/ftdi_sio.mod.o
  CC [M]  drivers/input/tests/input_test.mod.o
  CC [M]  drivers/rtc/lib_test.mod.o
  CC [M]  drivers/ptp/ptp.mod.o
  CC [M]  drivers/ptp/ptp_kvm.mod.o
  CC [M]  drivers/power/sequencing/pwrseq-core.mod.o
  CC [M]  drivers/hid/hid-uclogic-test.mod.o
  CC [M]  drivers/of/of_kunit_helpers.mod.o
  CC [M]  drivers/iio/test/iio-test-format.mod.o
  CC [M]  drivers/pps/pps_core.mod.o
  CC [M]  drivers/bluetooth/hci_uart.mod.o
  CC [M]  drivers/bluetooth/btsdio.mod.o
  CC [M]  drivers/bluetooth/btbcm.mod.o
  CC [M]  drivers/bluetooth/btqca.mod.o
  CC [M]  drivers/gnss/gnss.mod.o
  CC [M]  drivers/kernelsu/kernelsu.mod.o
  CC [M]  sound/soc/soc-topology-test.mod.o
  CC [M]  sound/soc/soc-utils-test.mod.o
  CC [M]  net/core/dev_addr_lists_test.mod.o
  CC [M]  net/8021q/8021q.mod.o
  CC [M]  net/vmw_vsock/vmw_vsock_virtio_transport.mod.o
  CC [M]  net/tls/tls.mod.o
  CC [M]  net/can/can.mod.o
  CC [M]  net/can/can-raw.mod.o
  CC [M]  net/can/can-bcm.mod.o
  CC [M]  net/can/can-gw.mod.o
  CC [M]  net/bluetooth/bluetooth.mod.o
  CC [M]  net/bluetooth/rfcomm/rfcomm.mod.o
  CC [M]  net/bluetooth/hidp/hidp.mod.o
  CC [M]  net/l2tp/l2tp_core.mod.o
  CC [M]  net/l2tp/l2tp_ppp.mod.o
  CC [M]  net/tipc/tipc.mod.o
  CC [M]  net/tipc/tipc_diag.mod.o
  CC [M]  net/rfkill/rfkill.mod.o
  CC [M]  net/9p/9pnet.mod.o
  CC [M]  net/9p/9pnet_fd.mod.o
  CC [M]  net/6lowpan/6lowpan.mod.o
  CC [M]  net/6lowpan/nhc_dest.mod.o
  CC [M]  net/6lowpan/nhc_fragment.mod.o
  CC [M]  net/6lowpan/nhc_hop.mod.o
  CC [M]  net/6lowpan/nhc_ipv6.mod.o
  CC [M]  net/6lowpan/nhc_mobility.mod.o
  CC [M]  net/6lowpan/nhc_routing.mod.o
  CC [M]  net/6lowpan/nhc_udp.mod.o
  CC [M]  net/ieee802154/6lowpan/ieee802154_6lowpan.mod.o
  CC [M]  net/ieee802154/ieee802154.mod.o
  CC [M]  net/ieee802154/ieee802154_socket.mod.o
  CC [M]  net/mac802154/mac802154.mod.o
  CC [M]  net/nfc/nfc.mod.o
  LD [M]  arch/arm64/geniezone/gzvm.ko
  LD [M]  kernel/time/time_test.ko
  LD [M]  kernel/kheaders.ko
  LD [M]  mm/zsmalloc.ko
  LD [M]  fs/ext4/ext4-inode-test.ko
  LD [M]  fs/fat/fat_test.ko
  LD [M]  fs/netfs/netfs.ko
  LD [M]  lib/kunit/kunit.ko
  LD [M]  lib/kunit/kunit-test.ko
  LD [M]  lib/kunit/platform-test.ko
  LD [M]  lib/kunit/kunit-example-test.ko
  LD [M]  lib/crypto/libarc4.ko
  LD [M]  drivers/clk/clk-test.ko
  LD [M]  drivers/clk/clk-gate_test.ko
  LD [M]  drivers/clk/clk_kunit_helpers.ko
  LD [M]  drivers/virtio/virtio_pci_modern_dev.ko
  LD [M]  drivers/virtio/virtio_pci_legacy_dev.ko
  LD [M]  drivers/virtio/virtio_pci.ko
  LD [M]  drivers/virtio/virtio_balloon.ko
  LD [M]  drivers/char/hw_random/cctrng.ko
  LD [M]  drivers/char/virtio_console.ko
  LD [M]  drivers/base/regmap/regmap-kunit.ko
  LD [M]  drivers/base/regmap/regmap-ram.ko
  LD [M]  drivers/base/regmap/regmap-raw-ram.ko
  LD [M]  drivers/block/virtio_blk.ko
  LD [M]  drivers/block/zram/zram.ko
  LD [M]  drivers/misc/open-dice.ko
  LD [M]  drivers/misc/vcpu_stall_detector.ko
  LD [M]  drivers/net/macsec.ko
  LD [M]  drivers/net/mii.ko
  LD [M]  drivers/net/can/dev/can-dev.ko
  LD [M]  drivers/net/can/vcan.ko
  LD [M]  drivers/net/can/slcan/slcan.ko
  LD [M]  drivers/net/ppp/ppp_generic.ko
  LD [M]  drivers/net/ppp/bsd_comp.ko
  LD [M]  drivers/net/ppp/ppp_deflate.ko
  LD [M]  drivers/net/ppp/ppp_mppe.ko
  LD [M]  drivers/net/ppp/pppox.ko
  LD [M]  drivers/net/ppp/pptp.ko
  LD [M]  drivers/net/slip/slhc.ko
  LD [M]  drivers/net/wwan/wwan.ko
  LD [M]  drivers/net/usb/rtl8150.ko
  LD [M]  drivers/net/usb/r8152.ko
  LD [M]  drivers/net/usb/asix.ko
  LD [M]  drivers/net/usb/ax88179_178a.ko
  LD [M]  drivers/net/usb/cdc_ether.ko
  LD [M]  drivers/net/usb/cdc_eem.ko
  LD [M]  drivers/net/usb/usbnet.ko
  LD [M]  drivers/net/usb/cdc_ncm.ko
  LD [M]  drivers/net/usb/aqc111.ko
  LD [M]  drivers/net/usb/r8153_ecm.ko
  LD [M]  drivers/usb/mon/usbmon.ko
  LD [M]  drivers/usb/class/cdc-acm.ko
  LD [M]  drivers/usb/serial/usbserial.ko
  LD [M]  drivers/usb/serial/ftdi_sio.ko
  LD [M]  drivers/input/tests/input_test.ko
  LD [M]  drivers/rtc/lib_test.ko
  LD [M]  drivers/ptp/ptp.ko
  LD [M]  drivers/ptp/ptp_kvm.ko
  LD [M]  drivers/power/sequencing/pwrseq-core.ko
  LD [M]  drivers/hid/hid-uclogic-test.ko
  LD [M]  drivers/of/of_kunit_helpers.ko
  LD [M]  drivers/iio/test/iio-test-format.ko
  LD [M]  drivers/pps/pps_core.ko
  LD [M]  drivers/bluetooth/hci_uart.ko
  LD [M]  drivers/bluetooth/btsdio.ko
  LD [M]  drivers/bluetooth/btbcm.ko
  LD [M]  drivers/bluetooth/btqca.ko
  LD [M]  drivers/gnss/gnss.ko
  LD [M]  drivers/kernelsu/kernelsu.ko
  LD [M]  sound/soc/soc-topology-test.ko
  LD [M]  sound/soc/soc-utils-test.ko
  LD [M]  net/core/dev_addr_lists_test.ko
  LD [M]  net/8021q/8021q.ko
  LD [M]  net/vmw_vsock/vmw_vsock_virtio_transport.ko
  LD [M]  net/tls/tls.ko
  LD [M]  net/can/can.ko
  LD [M]  net/can/can-raw.ko
  LD [M]  net/can/can-bcm.ko
  LD [M]  net/can/can-gw.ko
  LD [M]  net/bluetooth/bluetooth.ko
  LD [M]  net/bluetooth/rfcomm/rfcomm.ko
  LD [M]  net/l2tp/l2tp_core.ko
  LD [M]  net/bluetooth/hidp/hidp.ko
  LD [M]  net/l2tp/l2tp_ppp.ko
  LD [M]  net/tipc/tipc.ko
  LD [M]  net/tipc/tipc_diag.ko
  LD [M]  net/rfkill/rfkill.ko
  LD [M]  net/9p/9pnet.ko
  LD [M]  net/9p/9pnet_fd.ko
  LD [M]  net/6lowpan/6lowpan.ko
  LD [M]  net/6lowpan/nhc_dest.ko
  LD [M]  net/6lowpan/nhc_fragment.ko
  LD [M]  net/6lowpan/nhc_hop.ko
  LD [M]  net/6lowpan/nhc_ipv6.ko
  LD [M]  net/6lowpan/nhc_mobility.ko
  LD [M]  net/6lowpan/nhc_routing.ko
  LD [M]  net/6lowpan/nhc_udp.ko
  LD [M]  net/ieee802154/6lowpan/ieee802154_6lowpan.ko
  LD [M]  net/ieee802154/ieee802154.ko
  LD [M]  net/ieee802154/ieee802154_socket.ko
  LD [M]  net/mac802154/mac802154.ko
  LD [M]  net/nfc/nfc.ko
--- Module.symvers ---
16719 Module.symvers
0xa65c6def	alt_cb_patch_nops	vmlinux	EXPORT_SYMBOL	
0x56470118	__warn_printk	vmlinux	EXPORT_SYMBOL	
0x6f6da7a7	prepare_creds	vmlinux	EXPORT_SYMBOL	VFS_internal_I_am_really_a_filesystem_and_am_NOT_a_driver
0x2592fc6c	console_printk	vmlinux	EXPORT_SYMBOL_GPL	
0x92997ed8	_printk	vmlinux	EXPORT_SYMBOL	
-- KernelSU: Git repo detected at /home/runner/work/Root-My-GalaxyA075F-Payloads/Root-My-GalaxyA075F-Payloads/KernelSU
-- KernelSU version: 32525
-- KSU_NEW_DCACHE_FLUSH: 1
-- KernelSU Manager signature size: 0x033b
-- KernelSU Manager signature hash: c371061b19d8c7d7d6133c6a9bafe198fa944e50c1b31c9d8daa8d7f1fc2d2d6
  CC [M]  /home/runner/work/Root-My-GalaxyA075F-Payloads/Root-My-GalaxyA075F-Payloads/KernelSU/kernel/core/init.o
  CC [M]  /home/runner/work/Root-My-GalaxyA075F-Payloads/Root-My-GalaxyA075F-Payloads/KernelSU/kernel/feature/kernel_umount.o
  CC [M]  /home/runner/work/Root-My-GalaxyA075F-Payloads/Root-My-GalaxyA075F-Payloads/KernelSU/kernel/feature/sulog.o
  CC [M]  /home/runner/work/Root-My-GalaxyA075F-Payloads/Root-My-GalaxyA075F-Payloads/KernelSU/kernel/feature/sucompat.o
  CC [M]  /home/runner/work/Root-My-GalaxyA075F-Payloads/Root-My-GalaxyA075F-Payloads/KernelSU/kernel/hook/lsm_hook.o
  CC [M]  /home/runner/work/Root-My-GalaxyA075F-Payloads/Root-My-GalaxyA075F-Payloads/KernelSU/kernel/hook/setuid_hook.o
  CC [M]  /home/runner/work/Root-My-GalaxyA075F-Payloads/Root-My-GalaxyA075F-Payloads/KernelSU/kernel/hook/syscall_event_bridge.o
  CC [M]  /home/runner/work/Root-My-GalaxyA075F-Payloads/Root-My-GalaxyA075F-Payloads/KernelSU/kernel/hook/syscall_hook_manager.o
  CC [M]  /home/runner/work/Root-My-GalaxyA075F-Payloads/Root-My-GalaxyA075F-Payloads/KernelSU/kernel/hook/tp_marker.o
  CC [M]  /home/runner/work/Root-My-GalaxyA075F-Payloads/Root-My-GalaxyA075F-Payloads/KernelSU/kernel/hook/arm64/patch_memory.o
  CC [M]  /home/runner/work/Root-My-GalaxyA075F-Payloads/Root-My-GalaxyA075F-Payloads/KernelSU/kernel/hook/arm64/syscall_hook.o
  CC [M]  /home/runner/work/Root-My-GalaxyA075F-Payloads/Root-My-GalaxyA075F-Payloads/KernelSU/kernel/infra/file_wrapper.o
  CC [M]  /home/runner/work/Root-My-GalaxyA075F-Payloads/Root-My-GalaxyA075F-Payloads/KernelSU/kernel/infra/event_queue.o
  CC [M]  /home/runner/work/Root-My-GalaxyA075F-Payloads/Root-My-GalaxyA075F-Payloads/KernelSU/kernel/infra/seccomp_cache.o
  CC [M]  /home/runner/work/Root-My-GalaxyA075F-Payloads/Root-My-GalaxyA075F-Payloads/KernelSU/kernel/infra/su_mount_ns.o
  CC [M]  /home/runner/work/Root-My-GalaxyA075F-Payloads/Root-My-GalaxyA075F-Payloads/KernelSU/kernel/infra/symbol_resolver.o
  CC [M]  /home/runner/work/Root-My-GalaxyA075F-Payloads/Root-My-GalaxyA075F-Payloads/KernelSU/kernel/manager/apk_sign.o
  CC [M]  /home/runner/work/Root-My-GalaxyA075F-Payloads/Root-My-GalaxyA075F-Payloads/KernelSU/kernel/manager/pkg_observer.o
  CC [M]  /home/runner/work/Root-My-GalaxyA075F-Payloads/Root-My-GalaxyA075F-Payloads/KernelSU/kernel/manager/throne_tracker.o
  CC [M]  /home/runner/work/Root-My-GalaxyA075F-Payloads/Root-My-GalaxyA075F-Payloads/KernelSU/kernel/policy/allowlist.o
  CC [M]  /home/runner/work/Root-My-GalaxyA075F-Payloads/Root-My-GalaxyA075F-Payloads/KernelSU/kernel/policy/app_profile.o
  CC [M]  /home/runner/work/Root-My-GalaxyA075F-Payloads/Root-My-GalaxyA075F-Payloads/KernelSU/kernel/policy/feature.o
  CC [M]  /home/runner/work/Root-My-GalaxyA075F-Payloads/Root-My-GalaxyA075F-Payloads/KernelSU/kernel/runtime/boot_event.o
  CC [M]  /home/runner/work/Root-My-GalaxyA075F-Payloads/Root-My-GalaxyA075F-Payloads/KernelSU/kernel/runtime/ksud_integration.o
  CC [M]  /home/runner/work/Root-My-GalaxyA075F-Payloads/Root-My-GalaxyA075F-Payloads/KernelSU/kernel/selinux/selinux.o
  CC [M]  /home/runner/work/Root-My-GalaxyA075F-Payloads/Root-My-GalaxyA075F-Payloads/KernelSU/kernel/selinux/rules.o
  CC [M]  /home/runner/work/Root-My-GalaxyA075F-Payloads/Root-My-GalaxyA075F-Payloads/KernelSU/kernel/selinux/sepolicy.o
  CC [M]  /home/runner/work/Root-My-GalaxyA075F-Payloads/Root-My-GalaxyA075F-Payloads/KernelSU/kernel/sulog/event.o
  CC [M]  /home/runner/work/Root-My-GalaxyA075F-Payloads/Root-My-GalaxyA075F-Payloads/KernelSU/kernel/sulog/fd.o
  CC [M]  /home/runner/work/Root-My-GalaxyA075F-Payloads/Root-My-GalaxyA075F-Payloads/KernelSU/kernel/supercall/dispatch.o
  CC [M]  /home/runner/work/Root-My-GalaxyA075F-Payloads/Root-My-GalaxyA075F-Payloads/KernelSU/kernel/supercall/perm.o
  CC [M]  /home/runner/work/Root-My-GalaxyA075F-Payloads/Root-My-GalaxyA075F-Payloads/KernelSU/kernel/supercall/supercall.o
  CC [M]  /home/runner/work/Root-My-GalaxyA075F-Payloads/Root-My-GalaxyA075F-Payloads/KernelSU/kernel/feature/adb_root.o
  CC [M]  /home/runner/work/Root-My-GalaxyA075F-Payloads/Root-My-GalaxyA075F-Payloads/KernelSU/kernel/feature/selinux_hide.o
  LD [M]  /home/runner/work/Root-My-GalaxyA075F-Payloads/Root-My-GalaxyA075F-Payloads/KernelSU/kernel/kernelsu.o
-- KernelSU: Git repo detected at /home/runner/work/Root-My-GalaxyA075F-Payloads/Root-My-GalaxyA075F-Payloads/KernelSU
-- KernelSU version: 32525
-- KSU_NEW_DCACHE_FLUSH: 1
-- KernelSU Manager signature size: 0x033b
-- KernelSU Manager signature hash: c371061b19d8c7d7d6133c6a9bafe198fa944e50c1b31c9d8daa8d7f1fc2d2d6
  MODPOST /home/runner/work/Root-My-GalaxyA075F-Payloads/Root-My-GalaxyA075F-Payloads/KernelSU/kernel/Module.symvers
WARNING: modpost: "path_umount" [/home/runner/work/Root-My-GalaxyA075F-Payloads/Root-My-GalaxyA075F-Payloads/KernelSU/kernel/kernelsu.ko] undefined!
WARNING: modpost: "strncpy_from_user_nofault" [/home/runner/work/Root-My-GalaxyA075F-Payloads/Root-My-GalaxyA075F-Payloads/KernelSU/kernel/kernelsu.ko] undefined!
WARNING: modpost: "kallsyms_lookup_size_offset" [/home/runner/work/Root-My-GalaxyA075F-Payloads/Root-My-GalaxyA075F-Payloads/KernelSU/kernel/kernelsu.ko] undefined!
WARNING: modpost: "__tracepoint_sys_enter" [/home/runner/work/Root-My-GalaxyA075F-Payloads/Root-My-GalaxyA075F-Payloads/KernelSU/kernel/kernelsu.ko] undefined!
WARNING: modpost: "init_mm" [/home/runner/work/Root-My-GalaxyA075F-Payloads/Root-My-GalaxyA075F-Payloads/KernelSU/kernel/kernelsu.ko] undefined!
WARNING: modpost: "__set_fixmap" [/home/runner/work/Root-My-GalaxyA075F-Payloads/Root-My-GalaxyA075F-Payloads/KernelSU/kernel/kernelsu.ko] undefined!
WARNING: modpost: "copy_to_kernel_nofault" [/home/runner/work/Root-My-GalaxyA075F-Payloads/Root-My-GalaxyA075F-Payloads/KernelSU/kernel/kernelsu.ko] undefined!
WARNING: modpost: "dcache_clean_inval_poc" [/home/runner/work/Root-My-GalaxyA075F-Payloads/Root-My-GalaxyA075F-Payloads/KernelSU/kernel/kernelsu.ko] undefined!
WARNING: modpost: "selinux_blob_sizes" [/home/runner/work/Root-My-GalaxyA075F-Payloads/Root-My-GalaxyA075F-Payloads/KernelSU/kernel/kernelsu.ko] undefined!
WARNING: modpost: "mntns_operations" [/home/runner/work/Root-My-GalaxyA075F-Payloads/Root-My-GalaxyA075F-Payloads/KernelSU/kernel/kernelsu.ko] undefined!
WARNING: modpost: suppressed 46 unresolved symbol warnings because there were too many)
  CC [M]  /home/runner/work/Root-My-GalaxyA075F-Payloads/Root-My-GalaxyA075F-Payloads/KernelSU/kernel/kernelsu.mod.o
  CC [M]  /home/runner/work/Root-My-GalaxyA075F-Payloads/Root-My-GalaxyA075F-Payloads/KernelSU/kernel/.module-common.o
  LD [M]  /home/runner/work/Root-My-GalaxyA075F-Payloads/Root-My-GalaxyA075F-Payloads/KernelSU/kernel/kernelsu.ko
built drivers/kernelsu/kernelsu.ko
filename:       /home/runner/work/Root-My-GalaxyA075F-Payloads/Root-My-GalaxyA075F-Payloads/tree/drivers/kernelsu/kernelsu.ko
license:        GPL
author:         weishu
description:    Android KernelSU
import_ns:      VFS_internal_I_am_really_a_filesystem_and_am_NOT_a_driver
name:           kernelsu
depends:        
vermagic:       6.12.23-android16-5-abA075FXXS5BZD2-4k SMP preempt mod_unload modversions aarch64
parm:           norc:bool
parm:           allow_shell:bool
vermagic: 6.12.23-android16-5-abA075FXXS5BZD2-4k SMP preempt mod_unload modversions aarch64
CRC entries: 0
-rw-r--r-- 1 runner runner 339512 Oct  4 05:13 kernelsu/android16-6.12_kernelsu-A075FXXS5BZD2-kdp.ko
6.12.23-android16-5-abA075FXXS5BZD2-4k SMP preempt mod_unload modversions aarch64
40bde7fb99798fada190d3b94de27a6a8a1c92903391b8fa8c34981be4706829  kernelsu/android16-6.12_kernelsu-A075FXXS5BZD2-kdp.ko
module audit passed
userspace/ksud/Cargo.toml:46:java-properties = { path = "../../../vendor/java-properties", default-features = false }
userspace/ksud/Cargo.toml:58:adb_client = { path = "../../../vendor/adb_client/adb_client" }
userspace/ksud/Cargo.toml:59:prop-rs-android = { path = "../../../vendor/ksu_props/crates/prop-rs-android" }
userspace/ksuinit/Cargo.toml:15:rustix = { path = "../../../vendor/rustix", features = ["mount", "fs", "runtime", "system", "process"] }
warning: Environment variable `ANDROID_NDK_HOME = "/home/runner/work/Root-My-GalaxyA075F-Payloads/Root-My-GalaxyA075F-Payloads/android-ndk-r27d"` doesn't match `ANDROID_NDK_ROOT = "/usr/local/lib/android/sdk/ndk/27.3.13750724"`
    Building arm64-v8a (aarch64-linux-android)
    Updating git repository `https://github.com/5ec1cff/android_bootimg`
    Updating crates.io index
    Updating git repository `https://github.com/kstep/kernlog.rs`
     Locking 5 packages to highest Rust 1.99.0 compatible versions
      Adding adb_client v3.1.1 (/home/runner/work/Root-My-GalaxyA075F-Payloads/Root-My-GalaxyA075F-Payloads/vendor/adb_client/adb_client)
      Adding java-properties v2.0.0 (/home/runner/work/Root-My-GalaxyA075F-Payloads/Root-My-GalaxyA075F-Payloads/vendor/java-properties)
      Adding prop-rs v0.2.0 (/home/runner/work/Root-My-GalaxyA075F-Payloads/Root-My-GalaxyA075F-Payloads/vendor/ksu_props/crates/prop-rs)
      Adding prop-rs-android v0.2.0 (/home/runner/work/Root-My-GalaxyA075F-Payloads/Root-My-GalaxyA075F-Payloads/vendor/ksu_props/crates/prop-rs-android)
      Adding rustix v0.38.34 (/home/runner/work/Root-My-GalaxyA075F-Payloads/Root-My-GalaxyA075F-Payloads/vendor/rustix)
 Downloading crates ...
  Downloaded adler2 v2.0.1
  Downloaded android-properties v0.2.2
  Downloaded allocator-api2 v0.2.21
  Downloaded adler32 v1.2.0
  Downloaded android_log-sys v0.3.2
  Downloaded block-buffer v0.12.0
  Downloaded lz4 v1.28.1
  Downloaded block-buffer v0.10.4
  Downloaded crossbeam v0.8.4
  Downloaded cfg-if v1.0.4
  Downloaded log v0.4.29
  Downloaded anstyle-query v1.1.5
  Downloaded byteorder v1.5.0
  Downloaded colorchoice v1.0.5
  Downloaded anstyle-parse v1.0.0
  Downloaded errno v0.2.8
  Downloaded cpufeatures v0.2.17
  Downloaded cpufeatures v0.3.0
  Downloaded generic-array v0.14.7
  Downloaded crossbeam-queue v0.3.12
  Downloaded crypto-common v0.1.7
  Downloaded is_executable v1.0.5
  Downloaded itoa v1.0.18
  Downloaded crypto-common v0.2.1
  Downloaded proc-macro-error-attr2 v2.0.0
  Downloaded cexpr v0.6.0
  Downloaded humansize v2.1.3
  Downloaded async-trait v0.1.89
  Downloaded anstyle v1.0.14
  Downloaded env_filter v1.0.1
  Downloaded proc-macro-crate v3.5.0
  Downloaded crc v3.3.0
  Downloaded errno v0.3.14
  Downloaded is_terminal_polyfill v1.70.2
  Downloaded include-flate-compress v0.3.3
  Downloaded android_system_properties v0.1.5
  Downloaded clap_lex v1.1.0
  Downloaded derive-new v0.7.0
  Downloaded env_filter v0.1.4
  Downloaded hex v0.4.3
  Downloaded include-flate-codegen v0.3.3
  Downloaded libflate_lz77 v2.3.0
  Downloaded include-flate v0.3.3
  Downloaded konst_macro_rules v0.2.19
  Downloaded base16ct v0.2.0
  Downloaded bzip2 v0.6.1
  Downloaded android_logger v0.15.1
  Downloaded lazy_static v1.5.0
  Downloaded plain v0.2.3
  Downloaded powerfmt v0.2.0
  Downloaded const_format_proc_macros v0.2.34
  Downloaded chacha20 v0.10.0
  Downloaded either v1.15.0
  Downloaded find-msvc-tools v0.1.9
  Downloaded glob v0.3.3
  Downloaded anstream v1.0.0
  Downloaded digest v0.11.3
  Downloaded digest v0.10.7
  Downloaded clang-sys v1.8.1
  Downloaded crc-catalog v2.5.0
  Downloaded dary_heap v0.3.9
  Downloaded deflate64 v0.1.12
  Downloaded deranged v0.5.8
  Downloaded extattr v1.0.0
  Downloaded fastrand v2.4.1
  Downloaded jobserver v0.1.34
  Downloaded bitflags v2.11.1
  Downloaded getopts v0.2.24
  Downloaded proc-macro-error2 v2.0.1
  Downloaded prost v0.13.5
  Downloaded prost-derive v0.13.5
  Downloaded crossbeam-deque v0.8.6
  Downloaded foldhash v0.2.0
  Downloaded env_logger v0.11.10
  Downloaded jwalk v0.8.1
  Downloaded sha1 v0.11.0
  Downloaded anyhow v1.0.102
  Downloaded crc32fast v1.5.0
  Downloaded crossbeam-epoch v0.9.18
  Downloaded crossbeam-utils v0.8.21
  Downloaded bitflags v1.3.2
  Downloaded getrandom v0.4.2
  Downloaded globset v0.4.18
  Downloaded libbz2-rs-sys v0.2.3
  Downloaded num-conv v0.2.1
  Downloaded num_enum_derive v0.7.6
  Downloaded pin-project-lite v0.2.17
  Downloaded pkg-config v0.3.33
  Downloaded quote v1.0.45
  Downloaded rustc-hash v2.1.2
  Downloaded same-file v1.0.6
  Downloaded bytemuck v1.25.0
  Downloaded bytes v1.11.1
  Downloaded clap v4.6.1
  Downloaded const-oid v0.10.2
  Downloaded hybrid-array v0.4.12
  Downloaded iana-time-zone v0.1.65
  Downloaded ignore v0.4.25
  Downloaded konst v0.2.20
  Downloaded scroll_derive v0.13.1
  Downloaded aho-corasick v1.1.4
  Downloaded cc v1.2.62
  Downloaded clap_derive v4.6.1
  Downloaded bumpalo v3.20.2
  Downloaded flate2 v1.1.9
  Downloaded crossbeam-channel v0.5.15
  Downloaded const_format v0.2.36
  Downloaded indexmap v2.14.0
  Downloaded rust-embed-impl v8.11.0
  Downloaded hashbrown v0.16.1
  Downloaded hashbrown v0.17.1
  Downloaded itertools v0.13.0
  Downloaded rust-embed-utils v8.11.0
  Downloaded sha256 v1.6.0
  Downloaded clap_builder v4.6.0
  Downloaded itertools v0.14.0
  Downloaded walkdir v2.5.0
  Downloaded zmij v1.0.21
  Downloaded rand_core v0.10.1
  Downloaded chrono v0.4.44
  Downloaded time-core v0.1.8
  Downloaded goblin v0.10.5
  Downloaded bindgen v0.72.1
  Downloaded bstr v1.12.1
  Downloaded simd-adler32 v0.3.9
  Downloaded thiserror-impl v2.0.18
  Downloaded which v8.0.2
  Downloaded libflate v2.3.0
  Downloaded num_enum v0.7.6
  Downloaded once_cell v1.21.4
  Downloaded paste v1.0.15
  Downloaded shlex v1.3.0
  Downloaded zstd-safe v7.2.4
  Downloaded zip-extensions v0.14.1
  Downloaded sha2 v0.10.9
  Downloaded thiserror v2.0.18
  Downloaded scroll v0.13.0
  Downloaded libloading v0.8.9
  Downloaded libc v0.2.186
  Downloaded encoding_rs v0.8.35
  Downloaded zstd v0.13.3
  Downloaded prettyplease v0.2.37
  Downloaded memmap2 v0.9.10
  Downloaded tempfile v3.27.0
  Downloaded no_std_io2 v0.9.4
  Downloaded rustversion v1.0.22
  Downloaded toml_datetime v1.1.1+spec-1.1.0
  Downloaded unicode-ident v1.0.24
  Downloaded proc-macro2 v1.0.106
  Downloaded toml_parser v1.1.2+spec-1.1.0
  Downloaded minimal-lexical v0.2.1
  Downloaded serde_core v1.0.228
  Downloaded zopfli v0.8.3
  Downloaded miniz_oxide v0.8.9
  Downloaded rle-decode-fast v1.0.3
  Downloaded rayon-core v1.13.0
  Downloaded toml_edit v0.25.11+spec-1.1.0
  Downloaded serde v1.0.228
  Downloaded regex-lite v0.1.9
  Downloaded typed-path v0.12.3
  Downloaded typenum v1.20.0
  Downloaded rand v0.10.1
  Downloaded syscalls v0.8.1
  Downloaded memchr v2.8.0
  Downloaded nom v7.1.3
  Downloaded nom v8.0.0
  Downloaded zip v8.6.0
  Downloaded libm v0.2.16
  Downloaded lzma-rust2 v0.15.7
  Downloaded regex v1.12.3
  Downloaded serde_json v1.0.149
  Downloaded rayon v1.12.0
  Downloaded winnow v1.0.2
  Downloaded zlib-rs v0.6.3
  Downloaded time v0.3.47
  Downloaded lzma-rust2 v0.16.2
  Downloaded unicode-width v0.2.2
  Downloaded syn v2.0.117
  Downloaded lz4-sys v1.11.1+lz4-1.10.0
  Downloaded regex-syntax v0.8.10
  Downloaded rustix v1.1.4
  Downloaded regex-automata v0.4.14
  Downloaded zstd-sys v2.0.16+zstd.1.5.7
  Downloaded tokio v1.52.3
  Downloaded rust-embed v8.11.0
  Downloaded linux-raw-sys v0.4.15
  Downloaded linux-raw-sys v0.12.1
   Compiling libc v0.2.186
   Compiling proc-macro2 v1.0.106
   Compiling unicode-ident v1.0.24
   Compiling quote v1.0.45
   Compiling shlex v1.3.0
   Compiling cfg-if v1.0.4
   Compiling version_check v0.9.5
   Compiling find-msvc-tools v0.1.9
   Compiling generic-array v0.14.7
   Compiling typenum v1.20.0
   Compiling pkg-config v0.3.33
   Compiling syn v2.0.117
   Compiling memchr v2.8.0
   Compiling jobserver v0.1.34
   Compiling log v0.4.29
   Compiling cc v1.2.62
   Compiling equivalent v1.0.2
   Compiling crossbeam-utils v0.8.21
   Compiling crc32fast v1.5.0
   Compiling zstd-safe v7.2.4
   Compiling block-buffer v0.10.4
   Compiling crypto-common v0.1.7
   Compiling anyhow v1.0.102
   Compiling digest v0.10.7
   Compiling cpufeatures v0.2.17
   Compiling either v1.15.0
   Compiling sha2 v0.10.9
   Compiling zstd-sys v2.0.16+zstd.1.5.7
   Compiling crossbeam-epoch v0.9.18
   Compiling foldhash v0.2.0
   Compiling glob v0.3.3
   Compiling allocator-api2 v0.2.21
   Compiling hashbrown v0.16.1
   Compiling clang-sys v1.8.1
   Compiling crossbeam-deque v0.8.6
   Compiling no_std_io2 v0.9.4
   Compiling hashbrown v0.17.1
   Compiling simd-adler32 v0.3.9
   Compiling prettyplease v0.2.37
   Compiling rle-decode-fast v1.0.3
   Compiling winnow v1.0.2
   Compiling libflate_lz77 v2.3.0
   Compiling indexmap v2.14.0
   Compiling toml_parser v1.1.2+spec-1.1.0
   Compiling same-file v1.0.6
   Compiling dary_heap v0.3.9
   Compiling rand_core v0.10.1
   Compiling toml_datetime v1.1.1+spec-1.1.0
   Compiling adler32 v1.2.0
   Compiling bytes v1.11.1
   Compiling getrandom v0.4.2
   Compiling adler2 v2.0.1
   Compiling regex-syntax v0.8.10
   Compiling autocfg v1.5.0
   Compiling minimal-lexical v0.2.1
   Compiling nom v7.1.3
   Compiling regex-automata v0.4.14
   Compiling num-traits v0.2.19
   Compiling miniz_oxide v0.8.9
   Compiling libflate v2.3.0
   Compiling toml_edit v0.25.11+spec-1.1.0
   Compiling walkdir v2.5.0
   Compiling itertools v0.14.0
   Compiling lz4-sys v1.11.1+lz4-1.10.0
   Compiling libloading v0.8.9
   Compiling aho-corasick v1.1.4
   Compiling hybrid-array v0.4.12
   Compiling proc-macro-error-attr2 v2.0.0
   Compiling rustversion v1.0.22
   Compiling bitflags v2.11.1
   Compiling powerfmt v0.2.0
   Compiling bindgen v0.72.1
   Compiling rayon-core v1.13.0
   Compiling bumpalo v3.20.2
   Compiling utf8parse v0.2.2
   Compiling zlib-rs v0.6.3
   Compiling anstyle-parse v1.0.0
   Compiling zopfli v0.8.3
   Compiling flate2 v1.1.9
   Compiling zstd v0.13.3
   Compiling include-flate-compress v0.3.3
   Compiling deranged v0.5.8
   Compiling proc-macro-error2 v2.0.1
   Compiling prost-derive v0.13.5
   Compiling proc-macro-crate v3.5.0
   Compiling regex v1.12.3
   Compiling cexpr v0.6.0
   Compiling scroll_derive v0.13.1
   Compiling itertools v0.13.0
   Compiling bstr v1.12.1
   Compiling rustc-hash v2.1.2
   Compiling anstyle-query v1.1.5
   Compiling zmij v1.0.21
   Compiling rustix v1.1.4
   Compiling paste v1.0.15
   Compiling syscalls v0.8.1
   Compiling num-conv v0.2.1
   Compiling is_terminal_polyfill v1.70.2
   Compiling thiserror v2.0.18
   Compiling rustix v0.38.34 (/home/runner/work/Root-My-GalaxyA075F-Payloads/Root-My-GalaxyA075F-Payloads/vendor/rustix)
   Compiling colorchoice v1.0.5
   Compiling time-core v0.1.8
   Compiling crc-catalog v2.5.0
   Compiling anstyle v1.0.14
   Compiling serde_core v1.0.228
   Compiling libm v0.2.16
   Compiling anstream v1.0.0
   Compiling crc v3.3.0
   Compiling time v0.3.47
   Compiling globset v0.4.18
   Compiling scroll v0.13.0
   Compiling num_enum_derive v0.7.6
   Compiling prost v0.13.5
   Compiling include-flate-codegen v0.3.3
   Compiling rust-embed-utils v8.11.0
   Compiling crypto-common v0.2.1
   Compiling block-buffer v0.12.0
   Compiling chacha20 v0.10.0
   Compiling thiserror-impl v2.0.18
   Compiling lzma-rust2 v0.16.2
   Compiling crossbeam-channel v0.5.15
   Compiling crossbeam-queue v0.3.12
   Compiling android_system_properties v0.1.5
   Compiling errno v0.3.14
   Compiling const-oid v0.10.2
   Compiling linux-raw-sys v0.4.15
   Compiling heck v0.5.0
   Compiling clap_lex v1.1.0
   Compiling pin-project-lite v0.2.17
   Compiling konst_macro_rules v0.2.19
   Compiling libbz2-rs-sys v0.2.3
   Compiling unicode-xid v0.2.6
   Compiling ksuinit v2.0.0 (/home/runner/work/Root-My-GalaxyA075F-Payloads/Root-My-GalaxyA075F-Payloads/KernelSU/userspace/ksuinit)
   Compiling deflate64 v0.1.12
   Compiling strsim v0.11.1
   Compiling serde_json v1.0.149
   Compiling typed-path v0.12.3
   Compiling linux-raw-sys v0.12.1
   Compiling plain v0.2.3
   Compiling goblin v0.10.5
   Compiling ksud v0.1.0 (/home/runner/work/Root-My-GalaxyA075F-Payloads/Root-My-GalaxyA075F-Payloads/KernelSU/userspace/ksud)
   Compiling zip v8.6.0
   Compiling clap_builder v4.6.0
   Compiling bzip2 v0.6.1
   Compiling const_format_proc_macros v0.2.34
   Compiling konst v0.2.20
   Compiling tokio v1.52.3
   Compiling clap_derive v4.6.1
warning: unexpected `cfg` condition name: `linux_raw`
   --> /home/runner/work/Root-My-GalaxyA075F-Payloads/Root-My-GalaxyA075F-Payloads/vendor/rustix/src/lib.rs:101:13
    |
101 | #![cfg_attr(linux_raw, deny(unsafe_code))]
    |             ^^^^^^^^^
    |
    = help: expected names are: `docsrs`, `feature`, and `test` and 34 more
    = help: consider using a Cargo feature instead
    = help: or consider adding in `Cargo.toml` the `check-cfg` lint config for the lint:
             [lints.rust]
             unexpected_cfgs = { level = "warn", check-cfg = ['cfg(linux_raw)'] }
    = help: or consider adding `println!("cargo::rustc-check-cfg=cfg(linux_raw)");` to the top of the `build.rs`
    = note: see <https://doc.rust-lang.org/nightly/rustc/check-cfg/cargo-specifics.html> for more information about checking conditional configuration
    = note: `#[warn(unexpected_cfgs)]` on by default

warning: unexpected `cfg` condition name: `rustc_attrs`
   --> /home/runner/work/Root-My-GalaxyA075F-Payloads/Root-My-GalaxyA075F-Payloads/vendor/rustix/src/lib.rs:102:13
    |
102 | #![cfg_attr(rustc_attrs, feature(rustc_attrs))]
    |             ^^^^^^^^^^^
    |
    = help: consider using a Cargo feature instead
    = help: or consider adding in `Cargo.toml` the `check-cfg` lint config for the lint:
             [lints.rust]
             unexpected_cfgs = { level = "warn", check-cfg = ['cfg(rustc_attrs)'] }
    = help: or consider adding `println!("cargo::rustc-check-cfg=cfg(rustc_attrs)");` to the top of the `build.rs`
    = note: see <https://doc.rust-lang.org/nightly/rustc/check-cfg/cargo-specifics.html> for more information about checking conditional configuration

warning: unexpected `cfg` condition name: `doc_cfg`
   --> /home/runner/work/Root-My-GalaxyA075F-Payloads/Root-My-GalaxyA075F-Payloads/vendor/rustix/src/lib.rs:103:13
    |
103 | #![cfg_attr(doc_cfg, feature(doc_cfg))]
    |             ^^^^^^^
    |
    = help: consider using a Cargo feature instead
    = help: or consider adding in `Cargo.toml` the `check-cfg` lint config for the lint:
             [lints.rust]
             unexpected_cfgs = { level = "warn", check-cfg = ['cfg(doc_cfg)'] }
    = help: or consider adding `println!("cargo::rustc-check-cfg=cfg(doc_cfg)");` to the top of the `build.rs`
    = note: see <https://doc.rust-lang.org/nightly/rustc/check-cfg/cargo-specifics.html> for more information about checking conditional configuration

warning: unexpected `cfg` condition name: `wasi_ext`
   --> /home/runner/work/Root-My-GalaxyA075F-Payloads/Root-My-GalaxyA075F-Payloads/vendor/rustix/src/lib.rs:104:17
    |
104 | #![cfg_attr(all(wasi_ext, target_os = "wasi", feature = "std"), feature(wasi_ext))]
    |                 ^^^^^^^^
    |
    = help: consider using a Cargo feature instead
    = help: or consider adding in `Cargo.toml` the `check-cfg` lint config for the lint:
             [lints.rust]
             unexpected_cfgs = { level = "warn", check-cfg = ['cfg(wasi_ext)'] }
    = help: or consider adding `println!("cargo::rustc-check-cfg=cfg(wasi_ext)");` to the top of the `build.rs`
    = note: see <https://doc.rust-lang.org/nightly/rustc/check-cfg/cargo-specifics.html> for more information about checking conditional configuration

warning: unexpected `cfg` condition name: `core_ffi_c`
   --> /home/runner/work/Root-My-GalaxyA075F-Payloads/Root-My-GalaxyA075F-Payloads/vendor/rustix/src/lib.rs:105:13
    |
105 | #![cfg_attr(core_ffi_c, feature(core_ffi_c))]
    |             ^^^^^^^^^^
    |
    = help: consider using a Cargo feature instead
    = help: or consider adding in `Cargo.toml` the `check-cfg` lint config for the lint:
             [lints.rust]
             unexpected_cfgs = { level = "warn", check-cfg = ['cfg(core_ffi_c)'] }
    = help: or consider adding `println!("cargo::rustc-check-cfg=cfg(core_ffi_c)");` to the top of the `build.rs`
    = note: see <https://doc.rust-lang.org/nightly/rustc/check-cfg/cargo-specifics.html> for more information about checking conditional configuration

warning: unexpected `cfg` condition name: `core_c_str`
   --> /home/runner/work/Root-My-GalaxyA075F-Payloads/Root-My-GalaxyA075F-Payloads/vendor/rustix/src/lib.rs:106:13
    |
106 | #![cfg_attr(core_c_str, feature(core_c_str))]
    |             ^^^^^^^^^^
    |
    = help: consider using a Cargo feature instead
    = help: or consider adding in `Cargo.toml` the `check-cfg` lint config for the lint:
             [lints.rust]
             unexpected_cfgs = { level = "warn", check-cfg = ['cfg(core_c_str)'] }
    = help: or consider adding `println!("cargo::rustc-check-cfg=cfg(core_c_str)");` to the top of the `build.rs`
    = note: see <https://doc.rust-lang.org/nightly/rustc/check-cfg/cargo-specifics.html> for more information about checking conditional configuration

warning: unexpected `cfg` condition name: `alloc_c_string`
   --> /home/runner/work/Root-My-GalaxyA075F-Payloads/Root-My-GalaxyA075F-Payloads/vendor/rustix/src/lib.rs:107:36
    |
107 | #![cfg_attr(all(feature = "alloc", alloc_c_string), feature(alloc_c_string))]
    |                                    ^^^^^^^^^^^^^^
    |
    = help: consider using a Cargo feature instead
    = help: or consider adding in `Cargo.toml` the `check-cfg` lint config for the lint:
             [lints.rust]
             unexpected_cfgs = { level = "warn", check-cfg = ['cfg(alloc_c_string)'] }
    = help: or consider adding `println!("cargo::rustc-check-cfg=cfg(alloc_c_string)");` to the top of the `build.rs`
    = note: see <https://doc.rust-lang.org/nightly/rustc/check-cfg/cargo-specifics.html> for more information about checking conditional configuration

warning: unexpected `cfg` condition name: `alloc_ffi`
   --> /home/runner/work/Root-My-GalaxyA075F-Payloads/Root-My-GalaxyA075F-Payloads/vendor/rustix/src/lib.rs:108:36
    |
108 | #![cfg_attr(all(feature = "alloc", alloc_ffi), feature(alloc_ffi))]
    |                                    ^^^^^^^^^
    |
    = help: consider using a Cargo feature instead
    = help: or consider adding in `Cargo.toml` the `check-cfg` lint config for the lint:
             [lints.rust]
             unexpected_cfgs = { level = "warn", check-cfg = ['cfg(alloc_ffi)'] }
    = help: or consider adding `println!("cargo::rustc-check-cfg=cfg(alloc_ffi)");` to the top of the `build.rs`
    = note: see <https://doc.rust-lang.org/nightly/rustc/check-cfg/cargo-specifics.html> for more information about checking conditional configuration

warning: unexpected `cfg` condition name: `core_intrinsics`
   --> /home/runner/work/Root-My-GalaxyA075F-Payloads/Root-My-GalaxyA075F-Payloads/vendor/rustix/src/lib.rs:113:39
    |
113 |     any(feature = "rustc-dep-of-std", core_intrinsics),
    |                                       ^^^^^^^^^^^^^^^
    |
    = help: consider using a Cargo feature instead
    = help: or consider adding in `Cargo.toml` the `check-cfg` lint config for the lint:
             [lints.rust]
             unexpected_cfgs = { level = "warn", check-cfg = ['cfg(core_intrinsics)'] }
    = help: or consider adding `println!("cargo::rustc-check-cfg=cfg(core_intrinsics)");` to the top of the `build.rs`
    = note: see <https://doc.rust-lang.org/nightly/rustc/check-cfg/cargo-specifics.html> for more information about checking conditional configuration

warning: unexpected `cfg` condition name: `asm_experimental_arch`
   --> /home/runner/work/Root-My-GalaxyA075F-Payloads/Root-My-GalaxyA075F-Payloads/vendor/rustix/src/lib.rs:116:13
    |
116 | #![cfg_attr(asm_experimental_arch, feature(asm_experimental_arch))]
    |             ^^^^^^^^^^^^^^^^^^^^^
    |
    = help: consider using a Cargo feature instead
    = help: or consider adding in `Cargo.toml` the `check-cfg` lint config for the lint:
             [lints.rust]
             unexpected_cfgs = { level = "warn", check-cfg = ['cfg(asm_experimental_arch)'] }
    = help: or consider adding `println!("cargo::rustc-check-cfg=cfg(asm_experimental_arch)");` to the top of the `build.rs`
    = note: see <https://doc.rust-lang.org/nightly/rustc/check-cfg/cargo-specifics.html> for more information about checking conditional configuration

warning: unexpected `cfg` condition name: `static_assertions`
   --> /home/runner/work/Root-My-GalaxyA075F-Payloads/Root-My-GalaxyA075F-Payloads/vendor/rustix/src/lib.rs:137:17
    |
137 | #[cfg(all(test, static_assertions))]
    |                 ^^^^^^^^^^^^^^^^^
    |
    = help: consider using a Cargo feature instead
    = help: or consider adding in `Cargo.toml` the `check-cfg` lint config for the lint:
             [lints.rust]
             unexpected_cfgs = { level = "warn", check-cfg = ['cfg(static_assertions)'] }
    = help: or consider adding `println!("cargo::rustc-check-cfg=cfg(static_assertions)");` to the top of the `build.rs`
    = note: see <https://doc.rust-lang.org/nightly/rustc/check-cfg/cargo-specifics.html> for more information about checking conditional configuration

warning: unexpected `cfg` condition name: `static_assertions`
   --> /home/runner/work/Root-My-GalaxyA075F-Payloads/Root-My-GalaxyA075F-Payloads/vendor/rustix/src/lib.rs:141:21
    |
141 | #[cfg(all(test, not(static_assertions)))]
    |                     ^^^^^^^^^^^^^^^^^
    |
    = help: consider using a Cargo feature instead
    = help: or consider adding in `Cargo.toml` the `check-cfg` lint config for the lint:
             [lints.rust]
             unexpected_cfgs = { level = "warn", check-cfg = ['cfg(static_assertions)'] }
    = help: or consider adding `println!("cargo::rustc-check-cfg=cfg(static_assertions)");` to the top of the `build.rs`
    = note: see <https://doc.rust-lang.org/nightly/rustc/check-cfg/cargo-specifics.html> for more information about checking conditional configuration

warning: unexpected `cfg` condition name: `linux_raw`
   --> /home/runner/work/Root-My-GalaxyA075F-Payloads/Root-My-GalaxyA075F-Payloads/vendor/rustix/src/lib.rs:169:9
    |
169 |     all(linux_raw, feature = "use-libc-auxv"),
    |         ^^^^^^^^^
    |
    = help: consider using a Cargo feature instead
    = help: or consider adding in `Cargo.toml` the `check-cfg` lint config for the lint:
             [lints.rust]
             unexpected_cfgs = { level = "warn", check-cfg = ['cfg(linux_raw)'] }
    = help: or consider adding `println!("cargo::rustc-check-cfg=cfg(linux_raw)");` to the top of the `build.rs`
    = note: see <https://doc.rust-lang.org/nightly/rustc/check-cfg/cargo-specifics.html> for more information about checking conditional configuration

warning: unexpected `cfg` condition name: `libc`
   --> /home/runner/work/Root-My-GalaxyA075F-Payloads/Root-My-GalaxyA075F-Payloads/vendor/rustix/src/lib.rs:170:9
    |
170 |     all(libc, not(any(windows, target_os = "espidf", target_os = "wasi")))
    |         ^^^^ help: found config with similar value: `feature = "libc"`
    |
    = help: consider using a Cargo feature instead
    = help: or consider adding in `Cargo.toml` the `check-cfg` lint config for the lint:
             [lints.rust]
             unexpected_cfgs = { level = "warn", check-cfg = ['cfg(libc)'] }
    = help: or consider adding `println!("cargo::rustc-check-cfg=cfg(libc)");` to the top of the `build.rs`
    = note: see <https://doc.rust-lang.org/nightly/rustc/check-cfg/cargo-specifics.html> for more information about checking conditional configuration

warning: unexpected `cfg` condition name: `linux_raw`
 --> /home/runner/work/Root-My-GalaxyA075F-Payloads/Root-My-GalaxyA075F-Payloads/vendor/rustix/src/weak.rs:9:13
  |
9 | #![cfg_attr(linux_raw, allow(unsafe_code))]
  |             ^^^^^^^^^
  |
  = help: consider using a Cargo feature instead
  = help: or consider adding in `Cargo.toml` the `check-cfg` lint config for the lint:
           [lints.rust]
           unexpected_cfgs = { level = "warn", check-cfg = ['cfg(linux_raw)'] }
  = help: or consider adding `println!("cargo::rustc-check-cfg=cfg(linux_raw)");` to the top of the `build.rs`
  = note: see <https://doc.rust-lang.org/nightly/rustc/check-cfg/cargo-specifics.html> for more information about checking conditional configuration

warning: unexpected `cfg` condition name: `libc`
   --> /home/runner/work/Root-My-GalaxyA075F-Payloads/Root-My-GalaxyA075F-Payloads/vendor/rustix/src/lib.rs:176:12
    |
176 | #[cfg_attr(libc, path = "backend/libc/mod.rs")]
    |            ^^^^ help: found config with similar value: `feature = "libc"`
    |
    = help: consider using a Cargo feature instead
    = help: or consider adding in `Cargo.toml` the `check-cfg` lint config for the lint:
             [lints.rust]
             unexpected_cfgs = { level = "warn", check-cfg = ['cfg(libc)'] }
    = help: or consider adding `println!("cargo::rustc-check-cfg=cfg(libc)");` to the top of the `build.rs`
    = note: see <https://doc.rust-lang.org/nightly/rustc/check-cfg/cargo-specifics.html> for more information about checking conditional configuration

warning: unexpected `cfg` condition name: `linux_raw`
   --> /home/runner/work/Root-My-GalaxyA075F-Payloads/Root-My-GalaxyA075F-Payloads/vendor/rustix/src/lib.rs:177:12
    |
177 | #[cfg_attr(linux_raw, path = "backend/linux_raw/mod.rs")]
    |            ^^^^^^^^^
    |
    = help: consider using a Cargo feature instead
    = help: or consider adding in `Cargo.toml` the `check-cfg` lint config for the lint:
             [lints.rust]
             unexpected_cfgs = { level = "warn", check-cfg = ['cfg(linux_raw)'] }
    = help: or consider adding `println!("cargo::rustc-check-cfg=cfg(linux_raw)");` to the top of the `build.rs`
    = note: see <https://doc.rust-lang.org/nightly/rustc/check-cfg/cargo-specifics.html> for more information about checking conditional configuration

warning: unexpected `cfg` condition name: `wasi`
   --> /home/runner/work/Root-My-GalaxyA075F-Payloads/Root-My-GalaxyA075F-Payloads/vendor/rustix/src/lib.rs:178:12
    |
178 | #[cfg_attr(wasi, path = "backend/wasi/mod.rs")]
    |            ^^^^ help: found config with similar value: `target_os = "wasi"`
    |
    = help: consider using a Cargo feature instead
    = help: or consider adding in `Cargo.toml` the `check-cfg` lint config for the lint:
             [lints.rust]
             unexpected_cfgs = { level = "warn", check-cfg = ['cfg(wasi)'] }
    = help: or consider adding `println!("cargo::rustc-check-cfg=cfg(wasi)");` to the top of the `build.rs`
    = note: see <https://doc.rust-lang.org/nightly/rustc/check-cfg/cargo-specifics.html> for more information about checking conditional configuration

warning: unexpected `cfg` condition name: `doc_cfg`
   --> /home/runner/work/Root-My-GalaxyA075F-Payloads/Root-My-GalaxyA075F-Payloads/vendor/rustix/src/lib.rs:205:12
    |
205 | #[cfg_attr(doc_cfg, doc(cfg(feature = "fs")))]
    |            ^^^^^^^
    |
    = help: consider using a Cargo feature instead
    = help: or consider adding in `Cargo.toml` the `check-cfg` lint config for the lint:
             [lints.rust]
             unexpected_cfgs = { level = "warn", check-cfg = ['cfg(doc_cfg)'] }
    = help: or consider adding `println!("cargo::rustc-check-cfg=cfg(doc_cfg)");` to the top of the `build.rs`
    = note: see <https://doc.rust-lang.org/nightly/rustc/check-cfg/cargo-specifics.html> for more information about checking conditional configuration

warning: unexpected `cfg` condition name: `linux_kernel`
   --> /home/runner/work/Root-My-GalaxyA075F-Payloads/Root-My-GalaxyA075F-Payloads/vendor/rustix/src/lib.rs:208:7
    |
208 | #[cfg(linux_kernel)]
    |       ^^^^^^^^^^^^
    |
    = help: consider using a Cargo feature instead
    = help: or consider adding in `Cargo.toml` the `check-cfg` lint config for the lint:
             [lints.rust]
             unexpected_cfgs = { level = "warn", check-cfg = ['cfg(linux_kernel)'] }
    = help: or consider adding `println!("cargo::rustc-check-cfg=cfg(linux_kernel)");` to the top of the `build.rs`
    = note: see <https://doc.rust-lang.org/nightly/rustc/check-cfg/cargo-specifics.html> for more information about checking conditional configuration

warning: unexpected `cfg` condition name: `linux_kernel`
   --> /home/runner/work/Root-My-GalaxyA075F-Payloads/Root-My-GalaxyA075F-Payloads/vendor/rustix/src/lib.rs:217:7
    |
217 | #[cfg(linux_kernel)]
    |       ^^^^^^^^^^^^
    |
    = help: consider using a Cargo feature instead
    = help: or consider adding in `Cargo.toml` the `check-cfg` lint config for the lint:
             [lints.rust]
             unexpected_cfgs = { level = "warn", check-cfg = ['cfg(linux_kernel)'] }
    = help: or consider adding `println!("cargo::rustc-check-cfg=cfg(linux_kernel)");` to the top of the `build.rs`
    = note: see <https://doc.rust-lang.org/nightly/rustc/check-cfg/cargo-specifics.html> for more information about checking conditional configuration

warning: unexpected `cfg` condition name: `doc_cfg`
   --> /home/runner/work/Root-My-GalaxyA075F-Payloads/Root-My-GalaxyA075F-Payloads/vendor/rustix/src/lib.rs:219:12
    |
219 | #[cfg_attr(doc_cfg, doc(cfg(feature = "mount")))]
    |            ^^^^^^^
    |
    = help: consider using a Cargo feature instead
    = help: or consider adding in `Cargo.toml` the `check-cfg` lint config for the lint:
             [lints.rust]
             unexpected_cfgs = { level = "warn", check-cfg = ['cfg(doc_cfg)'] }
    = help: or consider adding `println!("cargo::rustc-check-cfg=cfg(doc_cfg)");` to the top of the `build.rs`
    = note: see <https://doc.rust-lang.org/nightly/rustc/check-cfg/cargo-specifics.html> for more information about checking conditional configuration

warning: unexpected `cfg` condition name: `doc_cfg`
   --> /home/runner/work/Root-My-GalaxyA075F-Payloads/Root-My-GalaxyA075F-Payloads/vendor/rustix/src/lib.rs:232:5
    |
232 |     doc_cfg,
    |     ^^^^^^^
    |
    = help: consider using a Cargo feature instead
    = help: or consider adding in `Cargo.toml` the `check-cfg` lint config for the lint:
             [lints.rust]
             unexpected_cfgs = { level = "warn", check-cfg = ['cfg(doc_cfg)'] }
    = help: or consider adding `println!("cargo::rustc-check-cfg=cfg(doc_cfg)");` to the top of the `build.rs`
    = note: see <https://doc.rust-lang.org/nightly/rustc/check-cfg/cargo-specifics.html> for more information about checking conditional configuration

warning: unexpected `cfg` condition name: `doc_cfg`
   --> /home/runner/work/Root-My-GalaxyA075F-Payloads/Root-My-GalaxyA075F-Payloads/vendor/rustix/src/lib.rs:242:12
    |
242 | #[cfg_attr(doc_cfg, doc(cfg(feature = "process")))]
    |            ^^^^^^^
    |
    = help: consider using a Cargo feature instead
    = help: or consider adding in `Cargo.toml` the `check-cfg` lint config for the lint:
             [lints.rust]
             unexpected_cfgs = { level = "warn", check-cfg = ['cfg(doc_cfg)'] }
    = help: or consider adding `println!("cargo::rustc-check-cfg=cfg(doc_cfg)");` to the top of the `build.rs`
    = note: see <https://doc.rust-lang.org/nightly/rustc/check-cfg/cargo-specifics.html> for more information about checking conditional configuration

warning: unexpected `cfg` condition name: `doc_cfg`
   --> /home/runner/work/Root-My-GalaxyA075F-Payloads/Root-My-GalaxyA075F-Payloads/vendor/rustix/src/lib.rs:273:12
    |
273 | #[cfg_attr(doc_cfg, doc(cfg(feature = "system")))]
    |            ^^^^^^^
    |
    = help: consider using a Cargo feature instead
    = help: or consider adding in `Cargo.toml` the `check-cfg` lint config for the lint:
             [lints.rust]
             unexpected_cfgs = { level = "warn", check-cfg = ['cfg(doc_cfg)'] }
    = help: or consider adding `println!("cargo::rustc-check-cfg=cfg(doc_cfg)");` to the top of the `build.rs`
    = note: see <https://doc.rust-lang.org/nightly/rustc/check-cfg/cargo-specifics.html> for more information about checking conditional configuration

warning: unexpected `cfg` condition name: `linux_raw`
   --> /home/runner/work/Root-My-GalaxyA075F-Payloads/Root-My-GalaxyA075F-Payloads/vendor/rustix/src/lib.rs:291:7
    |
291 | #[cfg(linux_raw)]
    |       ^^^^^^^^^
    |
    = help: consider using a Cargo feature instead
    = help: or consider adding in `Cargo.toml` the `check-cfg` lint config for the lint:
             [lints.rust]
             unexpected_cfgs = { level = "warn", check-cfg = ['cfg(linux_raw)'] }
    = help: or consider adding `println!("cargo::rustc-check-cfg=cfg(linux_raw)");` to the top of the `build.rs`
    = note: see <https://doc.rust-lang.org/nightly/rustc/check-cfg/cargo-specifics.html> for more information about checking conditional configuration

warning: unexpected `cfg` condition name: `document_experimental_runtime_api`
   --> /home/runner/work/Root-My-GalaxyA075F-Payloads/Root-My-GalaxyA075F-Payloads/vendor/rustix/src/lib.rs:292:16
    |
292 | #[cfg_attr(not(document_experimental_runtime_api), doc(hidden))]
    |                ^^^^^^^^^^^^^^^^^^^^^^^^^^^^^^^^^
    |
    = help: consider using a Cargo feature instead
    = help: or consider adding in `Cargo.toml` the `check-cfg` lint config for the lint:
             [lints.rust]
             unexpected_cfgs = { level = "warn", check-cfg = ['cfg(document_experimental_runtime_api)'] }
    = help: or consider adding `println!("cargo::rustc-check-cfg=cfg(document_experimental_runtime_api)");` to the top of the `build.rs`
    = note: see <https://doc.rust-lang.org/nightly/rustc/check-cfg/cargo-specifics.html> for more information about checking conditional configuration

warning: unexpected `cfg` condition name: `doc_cfg`
   --> /home/runner/work/Root-My-GalaxyA075F-Payloads/Root-My-GalaxyA075F-Payloads/vendor/rustix/src/lib.rs:293:12
    |
293 | #[cfg_attr(doc_cfg, doc(cfg(feature = "runtime")))]
    |            ^^^^^^^
    |
    = help: consider using a Cargo feature instead
    = help: or consider adding in `Cargo.toml` the `check-cfg` lint config for the lint:
             [lints.rust]
             unexpected_cfgs = { level = "warn", check-cfg = ['cfg(doc_cfg)'] }
    = help: or consider adding `println!("cargo::rustc-check-cfg=cfg(doc_cfg)");` to the top of the `build.rs`
    = note: see <https://doc.rust-lang.org/nightly/rustc/check-cfg/cargo-specifics.html> for more information about checking conditional configuration

warning: unexpected `cfg` condition name: `linux_kernel`
   --> /home/runner/work/Root-My-GalaxyA075F-Payloads/Root-My-GalaxyA075F-Payloads/vendor/rustix/src/lib.rs:298:7
    |
298 | #[cfg(linux_kernel)]
    |       ^^^^^^^^^^^^
    |
    = help: consider using a Cargo feature instead
    = help: or consider adding in `Cargo.toml` the `check-cfg` lint config for the lint:
             [lints.rust]
             unexpected_cfgs = { level = "warn", check-cfg = ['cfg(linux_kernel)'] }
    = help: or consider adding `println!("cargo::rustc-check-cfg=cfg(linux_kernel)");` to the top of the `build.rs`
    = note: see <https://doc.rust-lang.org/nightly/rustc/check-cfg/cargo-specifics.html> for more information about checking conditional configuration

warning: unexpected `cfg` condition name: `bsd`
   --> /home/runner/work/Root-My-GalaxyA075F-Payloads/Root-My-GalaxyA075F-Payloads/vendor/rustix/src/lib.rs:349:9
    |
349 |     all(bsd, feature = "event"),
    |         ^^^
    |
    = help: consider using a Cargo feature instead
    = help: or consider adding in `Cargo.toml` the `check-cfg` lint config for the lint:
             [lints.rust]
             unexpected_cfgs = { level = "warn", check-cfg = ['cfg(bsd)'] }
    = help: or consider adding `println!("cargo::rustc-check-cfg=cfg(bsd)");` to the top of the `build.rs`
    = note: see <https://doc.rust-lang.org/nightly/rustc/check-cfg/cargo-specifics.html> for more information about checking conditional configuration

warning: unexpected `cfg` condition name: `linux_kernel`
   --> /home/runner/work/Root-My-GalaxyA075F-Payloads/Root-My-GalaxyA075F-Payloads/vendor/rustix/src/lib.rs:350:9
    |
350 |     all(linux_kernel, feature = "net")
    |         ^^^^^^^^^^^^
    |
    = help: consider using a Cargo feature instead
    = help: or consider adding in `Cargo.toml` the `check-cfg` lint config for the lint:
             [lints.rust]
             unexpected_cfgs = { level = "warn", check-cfg = ['cfg(linux_kernel)'] }
    = help: or consider adding `println!("cargo::rustc-check-cfg=cfg(linux_kernel)");` to the top of the `build.rs`
    = note: see <https://doc.rust-lang.org/nightly/rustc/check-cfg/cargo-specifics.html> for more information about checking conditional configuration

warning: unexpected `cfg` condition name: `linux_kernel`
   --> /home/runner/work/Root-My-GalaxyA075F-Payloads/Root-My-GalaxyA075F-Payloads/vendor/rustix/src/lib.rs:354:7
    |
354 | #[cfg(linux_kernel)]
    |       ^^^^^^^^^^^^
    |
    = help: consider using a Cargo feature instead
    = help: or consider adding in `Cargo.toml` the `check-cfg` lint config for the lint:
             [lints.rust]
             unexpected_cfgs = { level = "warn", check-cfg = ['cfg(linux_kernel)'] }
    = help: or consider adding `println!("cargo::rustc-check-cfg=cfg(linux_kernel)");` to the top of the `build.rs`
    = note: see <https://doc.rust-lang.org/nightly/rustc/check-cfg/cargo-specifics.html> for more information about checking conditional configuration

warning: unexpected `cfg` condition name: `bsd`
   --> /home/runner/work/Root-My-GalaxyA075F-Payloads/Root-My-GalaxyA075F-Payloads/vendor/rustix/src/lib.rs:357:57
    |
357 | #[cfg(any(feature = "process", feature = "runtime", all(bsd, feature = "event")))]
    |                                                         ^^^
    |
    = help: consider using a Cargo feature instead
    = help: or consider adding in `Cargo.toml` the `check-cfg` lint config for the lint:
             [lints.rust]
             unexpected_cfgs = { level = "warn", check-cfg = ['cfg(bsd)'] }
    = help: or consider adding `println!("cargo::rustc-check-cfg=cfg(bsd)");` to the top of the `build.rs`
    = note: see <https://doc.rust-lang.org/nightly/rustc/check-cfg/cargo-specifics.html> for more information about checking conditional configuration

warning: unexpected `cfg` condition name: `linux_raw`
   --> /home/runner/work/Root-My-GalaxyA075F-Payloads/Root-My-GalaxyA075F-Payloads/vendor/rustix/src/lib.rs:367:9
    |
367 |         linux_raw,
    |         ^^^^^^^^^
    |
    = help: consider using a Cargo feature instead
    = help: or consider adding in `Cargo.toml` the `check-cfg` lint config for the lint:
             [lints.rust]
             unexpected_cfgs = { level = "warn", check-cfg = ['cfg(linux_raw)'] }
    = help: or consider adding `println!("cargo::rustc-check-cfg=cfg(linux_raw)");` to the top of the `build.rs`
    = note: see <https://doc.rust-lang.org/nightly/rustc/check-cfg/cargo-specifics.html> for more information about checking conditional configuration

warning: unexpected `cfg` condition name: `linux_raw`
   --> /home/runner/work/Root-My-GalaxyA075F-Payloads/Root-My-GalaxyA075F-Payloads/vendor/rustix/src/lib.rs:386:9
    |
386 |         linux_raw,
    |         ^^^^^^^^^
    |
    = help: consider using a Cargo feature instead
    = help: or consider adding in `Cargo.toml` the `check-cfg` lint config for the lint:
             [lints.rust]
             unexpected_cfgs = { level = "warn", check-cfg = ['cfg(linux_raw)'] }
    = help: or consider adding `println!("cargo::rustc-check-cfg=cfg(linux_raw)");` to the top of the `build.rs`
    = note: see <https://doc.rust-lang.org/nightly/rustc/check-cfg/cargo-specifics.html> for more information about checking conditional configuration

warning: unexpected `cfg` condition name: `linux_kernel`
   --> /home/runner/work/Root-My-GalaxyA075F-Payloads/Root-My-GalaxyA075F-Payloads/vendor/rustix/src/lib.rs:396:9
    |
396 |     all(linux_kernel, feature = "net")
    |         ^^^^^^^^^^^^
    |
    = help: consider using a Cargo feature instead
    = help: or consider adding in `Cargo.toml` the `check-cfg` lint config for the lint:
             [lints.rust]
             unexpected_cfgs = { level = "warn", check-cfg = ['cfg(linux_kernel)'] }
    = help: or consider adding `println!("cargo::rustc-check-cfg=cfg(linux_kernel)");` to the top of the `build.rs`
    = note: see <https://doc.rust-lang.org/nightly/rustc/check-cfg/cargo-specifics.html> for more information about checking conditional configuration

warning: unexpected `cfg` condition name: `linux_raw`
   --> /home/runner/work/Root-My-GalaxyA075F-Payloads/Root-My-GalaxyA075F-Payloads/vendor/rustix/src/weak.rs:118:7
    |
118 | #[cfg(linux_raw)]
    |       ^^^^^^^^^
    |
    = help: consider using a Cargo feature instead
    = help: or consider adding in `Cargo.toml` the `check-cfg` lint config for the lint:
             [lints.rust]
             unexpected_cfgs = { level = "warn", check-cfg = ['cfg(linux_raw)'] }
    = help: or consider adding `println!("cargo::rustc-check-cfg=cfg(linux_raw)");` to the top of the `build.rs`
    = note: see <https://doc.rust-lang.org/nightly/rustc/check-cfg/cargo-specifics.html> for more information about checking conditional configuration

warning: unexpected `cfg` condition name: `linux_kernel`
   --> /home/runner/work/Root-My-GalaxyA075F-Payloads/Root-My-GalaxyA075F-Payloads/vendor/rustix/src/weak.rs:146:11
    |
146 | #[cfg(not(linux_kernel))]
    |           ^^^^^^^^^^^^
    |
    = help: consider using a Cargo feature instead
    = help: or consider adding in `Cargo.toml` the `check-cfg` lint config for the lint:
             [lints.rust]
             unexpected_cfgs = { level = "warn", check-cfg = ['cfg(linux_kernel)'] }
    = help: or consider adding `println!("cargo::rustc-check-cfg=cfg(linux_kernel)");` to the top of the `build.rs`
    = note: see <https://doc.rust-lang.org/nightly/rustc/check-cfg/cargo-specifics.html> for more information about checking conditional configuration

warning: unexpected `cfg` condition name: `linux_kernel`
   --> /home/runner/work/Root-My-GalaxyA075F-Payloads/Root-My-GalaxyA075F-Payloads/vendor/rustix/src/weak.rs:162:7
    |
162 | #[cfg(linux_kernel)]
    |       ^^^^^^^^^^^^
    |
    = help: consider using a Cargo feature instead
    = help: or consider adding in `Cargo.toml` the `check-cfg` lint config for the lint:
             [lints.rust]
             unexpected_cfgs = { level = "warn", check-cfg = ['cfg(linux_kernel)'] }
    = help: or consider adding `println!("cargo::rustc-check-cfg=cfg(linux_kernel)");` to the top of the `build.rs`
    = note: see <https://doc.rust-lang.org/nightly/rustc/check-cfg/cargo-specifics.html> for more information about checking conditional configuration

warning: unexpected `cfg` condition name: `thumb_mode`
  --> /home/runner/work/Root-My-GalaxyA075F-Payloads/Root-My-GalaxyA075F-Payloads/vendor/rustix/src/backend/linux_raw/arch/mod.rs:27:41
   |
27 | #[cfg_attr(all(target_arch = "arm", not(thumb_mode)), path = "arm.rs")]
   |                                         ^^^^^^^^^^
   |
   = help: consider using a Cargo feature instead
   = help: or consider adding in `Cargo.toml` the `check-cfg` lint config for the lint:
            [lints.rust]
            unexpected_cfgs = { level = "warn", check-cfg = ['cfg(thumb_mode)'] }
   = help: or consider adding `println!("cargo::rustc-check-cfg=cfg(thumb_mode)");` to the top of the `build.rs`
   = note: see <https://doc.rust-lang.org/nightly/rustc/check-cfg/cargo-specifics.html> for more information about checking conditional configuration

warning: unexpected `cfg` condition name: `thumb_mode`
  --> /home/runner/work/Root-My-GalaxyA075F-Payloads/Root-My-GalaxyA075F-Payloads/vendor/rustix/src/backend/linux_raw/arch/mod.rs:28:37
   |
28 | #[cfg_attr(all(target_arch = "arm", thumb_mode), path = "thumb.rs")]
   |                                     ^^^^^^^^^^
   |
   = help: consider using a Cargo feature instead
   = help: or consider adding in `Cargo.toml` the `check-cfg` lint config for the lint:
            [lints.rust]
            unexpected_cfgs = { level = "warn", check-cfg = ['cfg(thumb_mode)'] }
   = help: or consider adding `println!("cargo::rustc-check-cfg=cfg(thumb_mode)");` to the top of the `build.rs`
   = note: see <https://doc.rust-lang.org/nightly/rustc/check-cfg/cargo-specifics.html> for more information about checking conditional configuration

warning: unexpected `cfg` condition name: `doc_cfg`
   --> /home/runner/work/Root-My-GalaxyA075F-Payloads/Root-My-GalaxyA075F-Payloads/vendor/rustix/src/backend/linux_raw/fs/dir.rs:237:16
    |
237 |     #[cfg_attr(doc_cfg, doc(cfg(feature = "process")))]
    |                ^^^^^^^
    |
    = help: consider using a Cargo feature instead
    = help: or consider adding in `Cargo.toml` the `check-cfg` lint config for the lint:
             [lints.rust]
             unexpected_cfgs = { level = "warn", check-cfg = ['cfg(doc_cfg)'] }
    = help: or consider adding `println!("cargo::rustc-check-cfg=cfg(doc_cfg)");` to the top of the `build.rs`
    = note: see <https://doc.rust-lang.org/nightly/rustc/check-cfg/cargo-specifics.html> for more information about checking conditional configuration

warning: unexpected `cfg` condition name: `rustc_attrs`
  --> /home/runner/work/Root-My-GalaxyA075F-Payloads/Root-My-GalaxyA075F-Payloads/vendor/rustix/src/backend/linux_raw/io/errno.rs:11:17
   |
11 | #![cfg_attr(not(rustc_attrs), allow(unused_unsafe))]
   |                 ^^^^^^^^^^^
   |
   = help: consider using a Cargo feature instead
   = help: or consider adding in `Cargo.toml` the `check-cfg` lint config for the lint:
            [lints.rust]
            unexpected_cfgs = { level = "warn", check-cfg = ['cfg(rustc_attrs)'] }
   = help: or consider adding `println!("cargo::rustc-check-cfg=cfg(rustc_attrs)");` to the top of the `build.rs`
   = note: see <https://doc.rust-lang.org/nightly/rustc/check-cfg/cargo-specifics.html> for more information about checking conditional configuration

warning: unexpected `cfg` condition name: `rustc_attrs`
  --> /home/runner/work/Root-My-GalaxyA075F-Payloads/Root-My-GalaxyA075F-Payloads/vendor/rustix/src/backend/linux_raw/io/errno.rs:50:12
   |
50 | #[cfg_attr(rustc_attrs, rustc_layout_scalar_valid_range_start(0xf001))]
   |            ^^^^^^^^^^^
   |
   = help: consider using a Cargo feature instead
   = help: or consider adding in `Cargo.toml` the `check-cfg` lint config for the lint:
            [lints.rust]
            unexpected_cfgs = { level = "warn", check-cfg = ['cfg(rustc_attrs)'] }
   = help: or consider adding `println!("cargo::rustc-check-cfg=cfg(rustc_attrs)");` to the top of the `build.rs`
   = note: see <https://doc.rust-lang.org/nightly/rustc/check-cfg/cargo-specifics.html> for more information about checking conditional configuration

warning: unexpected `cfg` condition name: `rustc_attrs`
  --> /home/runner/work/Root-My-GalaxyA075F-Payloads/Root-My-GalaxyA075F-Payloads/vendor/rustix/src/backend/linux_raw/io/errno.rs:51:12
   |
51 | #[cfg_attr(rustc_attrs, rustc_layout_scalar_valid_range_end(0xffff))]
   |            ^^^^^^^^^^^
   |
   = help: consider using a Cargo feature instead
   = help: or consider adding in `Cargo.toml` the `check-cfg` lint config for the lint:
            [lints.rust]
            unexpected_cfgs = { level = "warn", check-cfg = ['cfg(rustc_attrs)'] }
   = help: or consider adding `println!("cargo::rustc-check-cfg=cfg(rustc_attrs)");` to the top of the `build.rs`
   = note: see <https://doc.rust-lang.org/nightly/rustc/check-cfg/cargo-specifics.html> for more information about checking conditional configuration

warning: unexpected `cfg` condition name: `core_intrinsics`
   --> /home/runner/work/Root-My-GalaxyA075F-Payloads/Root-My-GalaxyA075F-Payloads/vendor/rustix/src/backend/linux_raw/io/errno.rs:191:15
    |
191 |         #[cfg(core_intrinsics)]
    |               ^^^^^^^^^^^^^^^
    |
    = help: consider using a Cargo feature instead
    = help: or consider adding in `Cargo.toml` the `check-cfg` lint config for the lint:
             [lints.rust]
             unexpected_cfgs = { level = "warn", check-cfg = ['cfg(core_intrinsics)'] }
    = help: or consider adding `println!("cargo::rustc-check-cfg=cfg(core_intrinsics)");` to the top of the `build.rs`
    = note: see <https://doc.rust-lang.org/nightly/rustc/check-cfg/cargo-specifics.html> for more information about checking conditional configuration

warning: unexpected `cfg` condition name: `core_intrinsics`
   --> /home/runner/work/Root-My-GalaxyA075F-Payloads/Root-My-GalaxyA075F-Payloads/vendor/rustix/src/backend/linux_raw/io/errno.rs:220:15
    |
220 |         #[cfg(core_intrinsics)]
    |               ^^^^^^^^^^^^^^^
    |
    = help: consider using a Cargo feature instead
    = help: or consider adding in `Cargo.toml` the `check-cfg` lint config for the lint:
             [lints.rust]
             unexpected_cfgs = { level = "warn", check-cfg = ['cfg(core_intrinsics)'] }
    = help: or consider adding `println!("cargo::rustc-check-cfg=cfg(core_intrinsics)");` to the top of the `build.rs`
    = note: see <https://doc.rust-lang.org/nightly/rustc/check-cfg/cargo-specifics.html> for more information about checking conditional configuration

warning: unexpected `cfg` condition name: `core_intrinsics`
   --> /home/runner/work/Root-My-GalaxyA075F-Payloads/Root-My-GalaxyA075F-Payloads/vendor/rustix/src/backend/linux_raw/io/errno.rs:246:11
    |
246 |     #[cfg(core_intrinsics)]
    |           ^^^^^^^^^^^^^^^
    |
    = help: consider using a Cargo feature instead
    = help: or consider adding in `Cargo.toml` the `check-cfg` lint config for the lint:
             [lints.rust]
             unexpected_cfgs = { level = "warn", check-cfg = ['cfg(core_intrinsics)'] }
    = help: or consider adding `println!("cargo::rustc-check-cfg=cfg(core_intrinsics)");` to the top of the `build.rs`
    = note: see <https://doc.rust-lang.org/nightly/rustc/check-cfg/cargo-specifics.html> for more information about checking conditional configuration

warning: unexpected `cfg` condition name: `linux_kernel`
 --> /home/runner/work/Root-My-GalaxyA075F-Payloads/Root-My-GalaxyA075F-Payloads/vendor/rustix/src/fs/mod.rs:7:7
  |
7 | #[cfg(linux_kernel)]
  |       ^^^^^^^^^^^^
  |
  = help: consider using a Cargo feature instead
  = help: or consider adding in `Cargo.toml` the `check-cfg` lint config for the lint:
           [lints.rust]
           unexpected_cfgs = { level = "warn", check-cfg = ['cfg(linux_kernel)'] }
  = help: or consider adding `println!("cargo::rustc-check-cfg=cfg(linux_kernel)");` to the top of the `build.rs`
  = note: see <https://doc.rust-lang.org/nightly/rustc/check-cfg/cargo-specifics.html> for more information about checking conditional configuration

warning: unexpected `cfg` condition name: `apple`
  --> /home/runner/work/Root-My-GalaxyA075F-Payloads/Root-My-GalaxyA075F-Payloads/vendor/rustix/src/fs/mod.rs:15:5
   |
15 |     apple,
   |     ^^^^^ help: found config with similar value: `target_vendor = "apple"`
   |
   = help: consider using a Cargo feature instead
   = help: or consider adding in `Cargo.toml` the `check-cfg` lint config for the lint:
            [lints.rust]
            unexpected_cfgs = { level = "warn", check-cfg = ['cfg(apple)'] }
   = help: or consider adding `println!("cargo::rustc-check-cfg=cfg(apple)");` to the top of the `build.rs`
   = note: see <https://doc.rust-lang.org/nightly/rustc/check-cfg/cargo-specifics.html> for more information about checking conditional configuration

warning: unexpected `cfg` condition name: `netbsdlike`
  --> /home/runner/work/Root-My-GalaxyA075F-Payloads/Root-My-GalaxyA075F-Payloads/vendor/rustix/src/fs/mod.rs:16:5
   |
16 |     netbsdlike,
   |     ^^^^^^^^^^
   |
   = help: consider using a Cargo feature instead
   = help: or consider adding in `Cargo.toml` the `check-cfg` lint config for the lint:
            [lints.rust]
            unexpected_cfgs = { level = "warn", check-cfg = ['cfg(netbsdlike)'] }
   = help: or consider adding `println!("cargo::rustc-check-cfg=cfg(netbsdlike)");` to the top of the `build.rs`
   = note: see <https://doc.rust-lang.org/nightly/rustc/check-cfg/cargo-specifics.html> for more information about checking conditional configuration

warning: unexpected `cfg` condition name: `solarish`
  --> /home/runner/work/Root-My-GalaxyA075F-Payloads/Root-My-GalaxyA075F-Payloads/vendor/rustix/src/fs/mod.rs:17:5
   |
17 |     solarish,
   |     ^^^^^^^^
   |
   = help: consider using a Cargo feature instead
   = help: or consider adding in `Cargo.toml` the `check-cfg` lint config for the lint:
            [lints.rust]
            unexpected_cfgs = { level = "warn", check-cfg = ['cfg(solarish)'] }
   = help: or consider adding `println!("cargo::rustc-check-cfg=cfg(solarish)");` to the top of the `build.rs`
   = note: see <https://doc.rust-lang.org/nightly/rustc/check-cfg/cargo-specifics.html> for more information about checking conditional configuration

warning: unexpected `cfg` condition name: `apple`
  --> /home/runner/work/Root-My-GalaxyA075F-Payloads/Root-My-GalaxyA075F-Payloads/vendor/rustix/src/fs/mod.rs:26:7
   |
26 | #[cfg(apple)]
   |       ^^^^^ help: found config with similar value: `target_vendor = "apple"`
   |
   = help: consider using a Cargo feature instead
   = help: or consider adding in `Cargo.toml` the `check-cfg` lint config for the lint:
            [lints.rust]
            unexpected_cfgs = { level = "warn", check-cfg = ['cfg(apple)'] }
   = help: or consider adding `println!("cargo::rustc-check-cfg=cfg(apple)");` to the top of the `build.rs`
   = note: see <https://doc.rust-lang.org/nightly/rustc/check-cfg/cargo-specifics.html> for more information about checking conditional configuration

warning: unexpected `cfg` condition name: `apple`
  --> /home/runner/work/Root-My-GalaxyA075F-Payloads/Root-My-GalaxyA075F-Payloads/vendor/rustix/src/fs/mod.rs:28:7
   |
28 | #[cfg(apple)]
   |       ^^^^^ help: found config with similar value: `target_vendor = "apple"`
   |
   = help: consider using a Cargo feature instead
   = help: or consider adding in `Cargo.toml` the `check-cfg` lint config for the lint:
            [lints.rust]
            unexpected_cfgs = { level = "warn", check-cfg = ['cfg(apple)'] }
   = help: or consider adding `println!("cargo::rustc-check-cfg=cfg(apple)");` to the top of the `build.rs`
   = note: see <https://doc.rust-lang.org/nightly/rustc/check-cfg/cargo-specifics.html> for more information about checking conditional configuration

warning: unexpected `cfg` condition name: `apple`
  --> /home/runner/work/Root-My-GalaxyA075F-Payloads/Root-My-GalaxyA075F-Payloads/vendor/rustix/src/fs/mod.rs:31:11
   |
31 | #[cfg(all(apple, feature = "alloc"))]
   |           ^^^^^ help: found config with similar value: `target_vendor = "apple"`
   |
   = help: consider using a Cargo feature instead
   = help: or consider adding in `Cargo.toml` the `check-cfg` lint config for the lint:
            [lints.rust]
            unexpected_cfgs = { level = "warn", check-cfg = ['cfg(apple)'] }
   = help: or consider adding `println!("cargo::rustc-check-cfg=cfg(apple)");` to the top of the `build.rs`
   = note: see <https://doc.rust-lang.org/nightly/rustc/check-cfg/cargo-specifics.html> for more information about checking conditional configuration

warning: unexpected `cfg` condition name: `linux_kernel`
  --> /home/runner/work/Root-My-GalaxyA075F-Payloads/Root-My-GalaxyA075F-Payloads/vendor/rustix/src/fs/mod.rs:35:7
   |
35 | #[cfg(linux_kernel)]
   |       ^^^^^^^^^^^^
   |
   = help: consider using a Cargo feature instead
   = help: or consider adding in `Cargo.toml` the `check-cfg` lint config for the lint:
            [lints.rust]
            unexpected_cfgs = { level = "warn", check-cfg = ['cfg(linux_kernel)'] }
   = help: or consider adding `println!("cargo::rustc-check-cfg=cfg(linux_kernel)");` to the top of the `build.rs`
   = note: see <https://doc.rust-lang.org/nightly/rustc/check-cfg/cargo-specifics.html> for more information about checking conditional configuration

warning: unexpected `cfg` condition name: `linux_kernel`
  --> /home/runner/work/Root-My-GalaxyA075F-Payloads/Root-My-GalaxyA075F-Payloads/vendor/rustix/src/fs/mod.rs:45:11
   |
45 | #[cfg(any(linux_kernel, target_os = "freebsd"))]
   |           ^^^^^^^^^^^^
   |
   = help: consider using a Cargo feature instead
   = help: or consider adding in `Cargo.toml` the `check-cfg` lint config for the lint:
            [lints.rust]
            unexpected_cfgs = { level = "warn", check-cfg = ['cfg(linux_kernel)'] }
   = help: or consider adding `println!("cargo::rustc-check-cfg=cfg(linux_kernel)");` to the top of the `build.rs`
   = note: see <https://doc.rust-lang.org/nightly/rustc/check-cfg/cargo-specifics.html> for more information about checking conditional configuration

warning: unexpected `cfg` condition name: `linux_kernel`
  --> /home/runner/work/Root-My-GalaxyA075F-Payloads/Root-My-GalaxyA075F-Payloads/vendor/rustix/src/fs/mod.rs:47:7
   |
47 | #[cfg(linux_kernel)]
   |       ^^^^^^^^^^^^
   |
   = help: consider using a Cargo feature instead
   = help: or consider adding in `Cargo.toml` the `check-cfg` lint config for the lint:
            [lints.rust]
            unexpected_cfgs = { level = "warn", check-cfg = ['cfg(linux_kernel)'] }
   = help: or consider adding `println!("cargo::rustc-check-cfg=cfg(linux_kernel)");` to the top of the `build.rs`
   = note: see <https://doc.rust-lang.org/nightly/rustc/check-cfg/cargo-specifics.html> for more information about checking conditional configuration

warning: unexpected `cfg` condition name: `linux_kernel`
  --> /home/runner/work/Root-My-GalaxyA075F-Payloads/Root-My-GalaxyA075F-Payloads/vendor/rustix/src/fs/mod.rs:50:7
   |
50 | #[cfg(linux_kernel)]
   |       ^^^^^^^^^^^^
   |
   = help: consider using a Cargo feature instead
   = help: or consider adding in `Cargo.toml` the `check-cfg` lint config for the lint:
            [lints.rust]
            unexpected_cfgs = { level = "warn", check-cfg = ['cfg(linux_kernel)'] }
   = help: or consider adding `println!("cargo::rustc-check-cfg=cfg(linux_kernel)");` to the top of the `build.rs`
   = note: see <https://doc.rust-lang.org/nightly/rustc/check-cfg/cargo-specifics.html> for more information about checking conditional configuration

warning: unexpected `cfg` condition name: `linux_kernel`
  --> /home/runner/work/Root-My-GalaxyA075F-Payloads/Root-My-GalaxyA075F-Payloads/vendor/rustix/src/fs/mod.rs:52:7
   |
52 | #[cfg(linux_kernel)]
   |       ^^^^^^^^^^^^
   |
   = help: consider using a Cargo feature instead
   = help: or consider adding in `Cargo.toml` the `check-cfg` lint config for the lint:
            [lints.rust]
            unexpected_cfgs = { level = "warn", check-cfg = ['cfg(linux_kernel)'] }
   = help: or consider adding `println!("cargo::rustc-check-cfg=cfg(linux_kernel)");` to the top of the `build.rs`
   = note: see <https://doc.rust-lang.org/nightly/rustc/check-cfg/cargo-specifics.html> for more information about checking conditional configuration

warning: unexpected `cfg` condition name: `linux_kernel`
  --> /home/runner/work/Root-My-GalaxyA075F-Payloads/Root-My-GalaxyA075F-Payloads/vendor/rustix/src/fs/mod.rs:57:7
   |
57 | #[cfg(linux_kernel)]
   |       ^^^^^^^^^^^^
   |
   = help: consider using a Cargo feature instead
   = help: or consider adding in `Cargo.toml` the `check-cfg` lint config for the lint:
            [lints.rust]
            unexpected_cfgs = { level = "warn", check-cfg = ['cfg(linux_kernel)'] }
   = help: or consider adding `println!("cargo::rustc-check-cfg=cfg(linux_kernel)");` to the top of the `build.rs`
   = note: see <https://doc.rust-lang.org/nightly/rustc/check-cfg/cargo-specifics.html> for more information about checking conditional configuration

warning: unexpected `cfg` condition name: `apple`
  --> /home/runner/work/Root-My-GalaxyA075F-Payloads/Root-My-GalaxyA075F-Payloads/vendor/rustix/src/fs/mod.rs:66:11
   |
66 | #[cfg(any(apple, linux_kernel, target_os = "hurd"))]
   |           ^^^^^ help: found config with similar value: `target_vendor = "apple"`
   |
   = help: consider using a Cargo feature instead
   = help: or consider adding in `Cargo.toml` the `check-cfg` lint config for the lint:
            [lints.rust]
            unexpected_cfgs = { level = "warn", check-cfg = ['cfg(apple)'] }
   = help: or consider adding `println!("cargo::rustc-check-cfg=cfg(apple)");` to the top of the `build.rs`
   = note: see <https://doc.rust-lang.org/nightly/rustc/check-cfg/cargo-specifics.html> for more information about checking conditional configuration

warning: unexpected `cfg` condition name: `linux_kernel`
  --> /home/runner/work/Root-My-GalaxyA075F-Payloads/Root-My-GalaxyA075F-Payloads/vendor/rustix/src/fs/mod.rs:66:18
   |
66 | #[cfg(any(apple, linux_kernel, target_os = "hurd"))]
   |                  ^^^^^^^^^^^^
   |
   = help: consider using a Cargo feature instead
   = help: or consider adding in `Cargo.toml` the `check-cfg` lint config for the lint:
            [lints.rust]
            unexpected_cfgs = { level = "warn", check-cfg = ['cfg(linux_kernel)'] }
   = help: or consider adding `println!("cargo::rustc-check-cfg=cfg(linux_kernel)");` to the top of the `build.rs`
   = note: see <https://doc.rust-lang.org/nightly/rustc/check-cfg/cargo-specifics.html> for more information about checking conditional configuration

warning: unexpected `cfg` condition name: `linux_kernel`
  --> /home/runner/work/Root-My-GalaxyA075F-Payloads/Root-My-GalaxyA075F-Payloads/vendor/rustix/src/fs/mod.rs:69:7
   |
69 | #[cfg(linux_kernel)]
   |       ^^^^^^^^^^^^
   |
   = help: consider using a Cargo feature instead
   = help: or consider adding in `Cargo.toml` the `check-cfg` lint config for the lint:
            [lints.rust]
            unexpected_cfgs = { level = "warn", check-cfg = ['cfg(linux_kernel)'] }
   = help: or consider adding `println!("cargo::rustc-check-cfg=cfg(linux_kernel)");` to the top of the `build.rs`
   = note: see <https://doc.rust-lang.org/nightly/rustc/check-cfg/cargo-specifics.html> for more information about checking conditional configuration

warning: unexpected `cfg` condition name: `linux_kernel`
  --> /home/runner/work/Root-My-GalaxyA075F-Payloads/Root-My-GalaxyA075F-Payloads/vendor/rustix/src/fs/mod.rs:75:7
   |
75 | #[cfg(linux_kernel)]
   |       ^^^^^^^^^^^^
   |
   = help: consider using a Cargo feature instead
   = help: or consider adding in `Cargo.toml` the `check-cfg` lint config for the lint:
            [lints.rust]
            unexpected_cfgs = { level = "warn", check-cfg = ['cfg(linux_kernel)'] }
   = help: or consider adding `println!("cargo::rustc-check-cfg=cfg(linux_kernel)");` to the top of the `build.rs`
   = note: see <https://doc.rust-lang.org/nightly/rustc/check-cfg/cargo-specifics.html> for more information about checking conditional configuration

warning: unexpected `cfg` condition name: `apple`
  --> /home/runner/work/Root-My-GalaxyA075F-Payloads/Root-My-GalaxyA075F-Payloads/vendor/rustix/src/fs/mod.rs:83:5
   |
83 |     apple,
   |     ^^^^^ help: found config with similar value: `target_vendor = "apple"`
   |
   = help: consider using a Cargo feature instead
   = help: or consider adding in `Cargo.toml` the `check-cfg` lint config for the lint:
            [lints.rust]
            unexpected_cfgs = { level = "warn", check-cfg = ['cfg(apple)'] }
   = help: or consider adding `println!("cargo::rustc-check-cfg=cfg(apple)");` to the top of the `build.rs`
   = note: see <https://doc.rust-lang.org/nightly/rustc/check-cfg/cargo-specifics.html> for more information about checking conditional configuration

warning: unexpected `cfg` condition name: `netbsdlike`
  --> /home/runner/work/Root-My-GalaxyA075F-Payloads/Root-My-GalaxyA075F-Payloads/vendor/rustix/src/fs/mod.rs:84:5
   |
84 |     netbsdlike,
   |     ^^^^^^^^^^
   |
   = help: consider using a Cargo feature instead
   = help: or consider adding in `Cargo.toml` the `check-cfg` lint config for the lint:
            [lints.rust]
            unexpected_cfgs = { level = "warn", check-cfg = ['cfg(netbsdlike)'] }
   = help: or consider adding `println!("cargo::rustc-check-cfg=cfg(netbsdlike)");` to the top of the `build.rs`
   = note: see <https://doc.rust-lang.org/nightly/rustc/check-cfg/cargo-specifics.html> for more information about checking conditional configuration

warning: unexpected `cfg` condition name: `solarish`
  --> /home/runner/work/Root-My-GalaxyA075F-Payloads/Root-My-GalaxyA075F-Payloads/vendor/rustix/src/fs/mod.rs:85:5
   |
85 |     solarish,
   |     ^^^^^^^^
   |
   = help: consider using a Cargo feature instead
   = help: or consider adding in `Cargo.toml` the `check-cfg` lint config for the lint:
            [lints.rust]
            unexpected_cfgs = { level = "warn", check-cfg = ['cfg(solarish)'] }
   = help: or consider adding `println!("cargo::rustc-check-cfg=cfg(solarish)");` to the top of the `build.rs`
   = note: see <https://doc.rust-lang.org/nightly/rustc/check-cfg/cargo-specifics.html> for more information about checking conditional configuration

warning: unexpected `cfg` condition name: `apple`
  --> /home/runner/work/Root-My-GalaxyA075F-Payloads/Root-My-GalaxyA075F-Payloads/vendor/rustix/src/fs/mod.rs:94:7
   |
94 | #[cfg(apple)]
   |       ^^^^^ help: found config with similar value: `target_vendor = "apple"`
   |
   = help: consider using a Cargo feature instead
   = help: or consider adding in `Cargo.toml` the `check-cfg` lint config for the lint:
            [lints.rust]
            unexpected_cfgs = { level = "warn", check-cfg = ['cfg(apple)'] }
   = help: or consider adding `println!("cargo::rustc-check-cfg=cfg(apple)");` to the top of the `build.rs`
   = note: see <https://doc.rust-lang.org/nightly/rustc/check-cfg/cargo-specifics.html> for more information about checking conditional configuration

warning: unexpected `cfg` condition name: `apple`
  --> /home/runner/work/Root-My-GalaxyA075F-Payloads/Root-My-GalaxyA075F-Payloads/vendor/rustix/src/fs/mod.rs:96:7
   |
96 | #[cfg(apple)]
   |       ^^^^^ help: found config with similar value: `target_vendor = "apple"`
   |
   = help: consider using a Cargo feature instead
   = help: or consider adding in `Cargo.toml` the `check-cfg` lint config for the lint:
            [lints.rust]
            unexpected_cfgs = { level = "warn", check-cfg = ['cfg(apple)'] }
   = help: or consider adding `println!("cargo::rustc-check-cfg=cfg(apple)");` to the top of the `build.rs`
   = note: see <https://doc.rust-lang.org/nightly/rustc/check-cfg/cargo-specifics.html> for more information about checking conditional configuration

warning: unexpected `cfg` condition name: `apple`
  --> /home/runner/work/Root-My-GalaxyA075F-Payloads/Root-My-GalaxyA075F-Payloads/vendor/rustix/src/fs/mod.rs:99:11
   |
99 | #[cfg(all(apple, feature = "alloc"))]
   |           ^^^^^ help: found config with similar value: `target_vendor = "apple"`
   |
   = help: consider using a Cargo feature instead
   = help: or consider adding in `Cargo.toml` the `check-cfg` lint config for the lint:
            [lints.rust]
            unexpected_cfgs = { level = "warn", check-cfg = ['cfg(apple)'] }
   = help: or consider adding `println!("cargo::rustc-check-cfg=cfg(apple)");` to the top of the `build.rs`
   = note: see <https://doc.rust-lang.org/nightly/rustc/check-cfg/cargo-specifics.html> for more information about checking conditional configuration

warning: unexpected `cfg` condition name: `linux_kernel`
   --> /home/runner/work/Root-My-GalaxyA075F-Payloads/Root-My-GalaxyA075F-Payloads/vendor/rustix/src/fs/mod.rs:103:7
    |
103 | #[cfg(linux_kernel)]
    |       ^^^^^^^^^^^^
    |
    = help: consider using a Cargo feature instead
    = help: or consider adding in `Cargo.toml` the `check-cfg` lint config for the lint:
             [lints.rust]
             unexpected_cfgs = { level = "warn", check-cfg = ['cfg(linux_kernel)'] }
    = help: or consider adding `println!("cargo::rustc-check-cfg=cfg(linux_kernel)");` to the top of the `build.rs`
    = note: see <https://doc.rust-lang.org/nightly/rustc/check-cfg/cargo-specifics.html> for more information about checking conditional configuration

warning: unexpected `cfg` condition name: `linux_kernel`
   --> /home/runner/work/Root-My-GalaxyA075F-Payloads/Root-My-GalaxyA075F-Payloads/vendor/rustix/src/fs/mod.rs:113:11
    |
113 | #[cfg(any(linux_kernel, target_os = "freebsd"))]
    |           ^^^^^^^^^^^^
    |
    = help: consider using a Cargo feature instead
    = help: or consider adding in `Cargo.toml` the `check-cfg` lint config for the lint:
             [lints.rust]
             unexpected_cfgs = { level = "warn", check-cfg = ['cfg(linux_kernel)'] }
    = help: or consider adding `println!("cargo::rustc-check-cfg=cfg(linux_kernel)");` to the top of the `build.rs`
    = note: see <https://doc.rust-lang.org/nightly/rustc/check-cfg/cargo-specifics.html> for more information about checking conditional configuration

warning: unexpected `cfg` condition name: `linux_kernel`
   --> /home/runner/work/Root-My-GalaxyA075F-Payloads/Root-My-GalaxyA075F-Payloads/vendor/rustix/src/fs/mod.rs:115:7
    |
115 | #[cfg(linux_kernel)]
    |       ^^^^^^^^^^^^
    |
    = help: consider using a Cargo feature instead
    = help: or consider adding in `Cargo.toml` the `check-cfg` lint config for the lint:
             [lints.rust]
             unexpected_cfgs = { level = "warn", check-cfg = ['cfg(linux_kernel)'] }
    = help: or consider adding `println!("cargo::rustc-check-cfg=cfg(linux_kernel)");` to the top of the `build.rs`
    = note: see <https://doc.rust-lang.org/nightly/rustc/check-cfg/cargo-specifics.html> for more information about checking conditional configuration

warning: unexpected `cfg` condition name: `linux_kernel`
   --> /home/runner/work/Root-My-GalaxyA075F-Payloads/Root-My-GalaxyA075F-Payloads/vendor/rustix/src/fs/mod.rs:118:7
    |
118 | #[cfg(linux_kernel)]
    |       ^^^^^^^^^^^^
    |
    = help: consider using a Cargo feature instead
    = help: or consider adding in `Cargo.toml` the `check-cfg` lint config for the lint:
             [lints.rust]
             unexpected_cfgs = { level = "warn", check-cfg = ['cfg(linux_kernel)'] }
    = help: or consider adding `println!("cargo::rustc-check-cfg=cfg(linux_kernel)");` to the top of the `build.rs`
    = note: see <https://doc.rust-lang.org/nightly/rustc/check-cfg/cargo-specifics.html> for more information about checking conditional configuration

warning: unexpected `cfg` condition name: `linux_kernel`
   --> /home/runner/work/Root-My-GalaxyA075F-Payloads/Root-My-GalaxyA075F-Payloads/vendor/rustix/src/fs/mod.rs:120:7
    |
120 | #[cfg(linux_kernel)]
    |       ^^^^^^^^^^^^
    |
    = help: consider using a Cargo feature instead
    = help: or consider adding in `Cargo.toml` the `check-cfg` lint config for the lint:
             [lints.rust]
             unexpected_cfgs = { level = "warn", check-cfg = ['cfg(linux_kernel)'] }
    = help: or consider adding `println!("cargo::rustc-check-cfg=cfg(linux_kernel)");` to the top of the `build.rs`
    = note: see <https://doc.rust-lang.org/nightly/rustc/check-cfg/cargo-specifics.html> for more information about checking conditional configuration

warning: unexpected `cfg` condition name: `linux_kernel`
   --> /home/runner/work/Root-My-GalaxyA075F-Payloads/Root-My-GalaxyA075F-Payloads/vendor/rustix/src/fs/mod.rs:125:7
    |
125 | #[cfg(linux_kernel)]
    |       ^^^^^^^^^^^^
    |
    = help: consider using a Cargo feature instead
    = help: or consider adding in `Cargo.toml` the `check-cfg` lint config for the lint:
             [lints.rust]
             unexpected_cfgs = { level = "warn", check-cfg = ['cfg(linux_kernel)'] }
    = help: or consider adding `println!("cargo::rustc-check-cfg=cfg(linux_kernel)");` to the top of the `build.rs`
    = note: see <https://doc.rust-lang.org/nightly/rustc/check-cfg/cargo-specifics.html> for more information about checking conditional configuration

warning: unexpected `cfg` condition name: `apple`
   --> /home/runner/work/Root-My-GalaxyA075F-Payloads/Root-My-GalaxyA075F-Payloads/vendor/rustix/src/fs/mod.rs:134:11
    |
134 | #[cfg(any(apple, linux_kernel, target_os = "hurd"))]
    |           ^^^^^ help: found config with similar value: `target_vendor = "apple"`
    |
    = help: consider using a Cargo feature instead
    = help: or consider adding in `Cargo.toml` the `check-cfg` lint config for the lint:
             [lints.rust]
             unexpected_cfgs = { level = "warn", check-cfg = ['cfg(apple)'] }
    = help: or consider adding `println!("cargo::rustc-check-cfg=cfg(apple)");` to the top of the `build.rs`
    = note: see <https://doc.rust-lang.org/nightly/rustc/check-cfg/cargo-specifics.html> for more information about checking conditional configuration

warning: unexpected `cfg` condition name: `linux_kernel`
   --> /home/runner/work/Root-My-GalaxyA075F-Payloads/Root-My-GalaxyA075F-Payloads/vendor/rustix/src/fs/mod.rs:134:18
    |
134 | #[cfg(any(apple, linux_kernel, target_os = "hurd"))]
    |                  ^^^^^^^^^^^^
    |
    = help: consider using a Cargo feature instead
    = help: or consider adding in `Cargo.toml` the `check-cfg` lint config for the lint:
             [lints.rust]
             unexpected_cfgs = { level = "warn", check-cfg = ['cfg(linux_kernel)'] }
    = help: or consider adding `println!("cargo::rustc-check-cfg=cfg(linux_kernel)");` to the top of the `build.rs`
    = note: see <https://doc.rust-lang.org/nightly/rustc/check-cfg/cargo-specifics.html> for more information about checking conditional configuration

warning: unexpected `cfg` condition name: `wasi_ext`
   --> /home/runner/work/Root-My-GalaxyA075F-Payloads/Root-My-GalaxyA075F-Payloads/vendor/rustix/src/fs/mod.rs:142:11
    |
142 | #[cfg(all(wasi_ext, target_os = "wasi"))]
    |           ^^^^^^^^
    |
    = help: consider using a Cargo feature instead
    = help: or consider adding in `Cargo.toml` the `check-cfg` lint config for the lint:
             [lints.rust]
             unexpected_cfgs = { level = "warn", check-cfg = ['cfg(wasi_ext)'] }
    = help: or consider adding `println!("cargo::rustc-check-cfg=cfg(wasi_ext)");` to the top of the `build.rs`
    = note: see <https://doc.rust-lang.org/nightly/rustc/check-cfg/cargo-specifics.html> for more information about checking conditional configuration

warning: unexpected `cfg` condition name: `solarish`
 --> /home/runner/work/Root-My-GalaxyA075F-Payloads/Root-My-GalaxyA075F-Payloads/vendor/rustix/src/fs/abs.rs:7:5
  |
7 |     solarish,
  |     ^^^^^^^^
  |
  = help: consider using a Cargo feature instead
  = help: or consider adding in `Cargo.toml` the `check-cfg` lint config for the lint:
           [lints.rust]
           unexpected_cfgs = { level = "warn", check-cfg = ['cfg(solarish)'] }
  = help: or consider adding `println!("cargo::rustc-check-cfg=cfg(solarish)");` to the top of the `build.rs`
  = note: see <https://doc.rust-lang.org/nightly/rustc/check-cfg/cargo-specifics.html> for more information about checking conditional configuration

warning: unexpected `cfg` condition name: `solarish`
   --> /home/runner/work/Root-My-GalaxyA075F-Payloads/Root-My-GalaxyA075F-Payloads/vendor/rustix/src/fs/abs.rs:256:5
    |
256 |     solarish,
    |     ^^^^^^^^
    |
    = help: consider using a Cargo feature instead
    = help: or consider adding in `Cargo.toml` the `check-cfg` lint config for the lint:
             [lints.rust]
             unexpected_cfgs = { level = "warn", check-cfg = ['cfg(solarish)'] }
    = help: or consider adding `println!("cargo::rustc-check-cfg=cfg(solarish)");` to the top of the `build.rs`
    = note: see <https://doc.rust-lang.org/nightly/rustc/check-cfg/cargo-specifics.html> for more information about checking conditional configuration

warning: unexpected `cfg` condition name: `apple`
  --> /home/runner/work/Root-My-GalaxyA075F-Payloads/Root-My-GalaxyA075F-Payloads/vendor/rustix/src/fs/at.rs:14:7
   |
14 | #[cfg(apple)]
   |       ^^^^^ help: found config with similar value: `target_vendor = "apple"`
   |
   = help: consider using a Cargo feature instead
   = help: or consider adding in `Cargo.toml` the `check-cfg` lint config for the lint:
            [lints.rust]
            unexpected_cfgs = { level = "warn", check-cfg = ['cfg(apple)'] }
   = help: or consider adding `println!("cargo::rustc-check-cfg=cfg(apple)");` to the top of the `build.rs`
   = note: see <https://doc.rust-lang.org/nightly/rustc/check-cfg/cargo-specifics.html> for more information about checking conditional configuration

warning: unexpected `cfg` condition name: `linux_kernel`
  --> /home/runner/work/Root-My-GalaxyA075F-Payloads/Root-My-GalaxyA075F-Payloads/vendor/rustix/src/fs/at.rs:16:7
   |
16 | #[cfg(linux_kernel)]
   |       ^^^^^^^^^^^^
   |
   = help: consider using a Cargo feature instead
   = help: or consider adding in `Cargo.toml` the `check-cfg` lint config for the lint:
            [lints.rust]
            unexpected_cfgs = { level = "warn", check-cfg = ['cfg(linux_kernel)'] }
   = help: or consider adding `println!("cargo::rustc-check-cfg=cfg(linux_kernel)");` to the top of the `build.rs`
   = note: see <https://doc.rust-lang.org/nightly/rustc/check-cfg/cargo-specifics.html> for more information about checking conditional configuration

warning: unexpected `cfg` condition name: `apple`
  --> /home/runner/work/Root-My-GalaxyA075F-Payloads/Root-My-GalaxyA075F-Payloads/vendor/rustix/src/fs/at.rs:20:15
   |
20 | #[cfg(not(any(apple, target_os = "espidf", target_os = "vita", target_os = "wasi")))]
   |               ^^^^^ help: found config with similar value: `target_vendor = "apple"`
   |
   = help: consider using a Cargo feature instead
   = help: or consider adding in `Cargo.toml` the `check-cfg` lint config for the lint:
            [lints.rust]
            unexpected_cfgs = { level = "warn", check-cfg = ['cfg(apple)'] }
   = help: or consider adding `println!("cargo::rustc-check-cfg=cfg(apple)");` to the top of the `build.rs`
   = note: see <https://doc.rust-lang.org/nightly/rustc/check-cfg/cargo-specifics.html> for more information about checking conditional configuration

warning: unexpected `cfg` condition name: `linux_kernel`
   --> /home/runner/work/Root-My-GalaxyA075F-Payloads/Root-My-GalaxyA075F-Payloads/vendor/rustix/src/fs/at.rs:274:7
    |
274 | #[cfg(linux_kernel)]
    |       ^^^^^^^^^^^^
    |
    = help: consider using a Cargo feature instead
    = help: or consider adding in `Cargo.toml` the `check-cfg` lint config for the lint:
             [lints.rust]
             unexpected_cfgs = { level = "warn", check-cfg = ['cfg(linux_kernel)'] }
    = help: or consider adding `println!("cargo::rustc-check-cfg=cfg(linux_kernel)");` to the top of the `build.rs`
    = note: see <https://doc.rust-lang.org/nightly/rustc/check-cfg/cargo-specifics.html> for more information about checking conditional configuration

warning: unexpected `cfg` condition name: `apple`
   --> /home/runner/work/Root-My-GalaxyA075F-Payloads/Root-My-GalaxyA075F-Payloads/vendor/rustix/src/fs/at.rs:415:7
    |
415 | #[cfg(apple)]
    |       ^^^^^ help: found config with similar value: `target_vendor = "apple"`
    |
    = help: consider using a Cargo feature instead
    = help: or consider adding in `Cargo.toml` the `check-cfg` lint config for the lint:
             [lints.rust]
             unexpected_cfgs = { level = "warn", check-cfg = ['cfg(apple)'] }
    = help: or consider adding `println!("cargo::rustc-check-cfg=cfg(apple)");` to the top of the `build.rs`
    = note: see <https://doc.rust-lang.org/nightly/rustc/check-cfg/cargo-specifics.html> for more information about checking conditional configuration

warning: unexpected `cfg` condition name: `apple`
   --> /home/runner/work/Root-My-GalaxyA075F-Payloads/Root-My-GalaxyA075F-Payloads/vendor/rustix/src/fs/at.rs:436:15
    |
436 | #[cfg(not(any(apple, target_os = "espidf", target_os = "vita", target_os = "wasi")))]
    |               ^^^^^ help: found config with similar value: `target_vendor = "apple"`
    |
    = help: consider using a Cargo feature instead
    = help: or consider adding in `Cargo.toml` the `check-cfg` lint config for the lint:
             [lints.rust]
             unexpected_cfgs = { level = "warn", check-cfg = ['cfg(apple)'] }
    = help: or consider adding `println!("cargo::rustc-check-cfg=cfg(apple)");` to the top of the `build.rs`
    = note: see <https://doc.rust-lang.org/nightly/rustc/check-cfg/cargo-specifics.html> for more information about checking conditional configuration

warning: unexpected `cfg` condition name: `linux_kernel`
  --> /home/runner/work/Root-My-GalaxyA075F-Payloads/Root-My-GalaxyA075F-Payloads/vendor/rustix/src/fs/fcntl.rs:60:11
   |
60 | #[cfg(any(linux_kernel, target_os = "freebsd", target_os = "fuchsia"))]
   |           ^^^^^^^^^^^^
   |
   = help: consider using a Cargo feature instead
   = help: or consider adding in `Cargo.toml` the `check-cfg` lint config for the lint:
            [lints.rust]
            unexpected_cfgs = { level = "warn", check-cfg = ['cfg(linux_kernel)'] }
   = help: or consider adding `println!("cargo::rustc-check-cfg=cfg(linux_kernel)");` to the top of the `build.rs`
   = note: see <https://doc.rust-lang.org/nightly/rustc/check-cfg/cargo-specifics.html> for more information about checking conditional configuration

warning: unexpected `cfg` condition name: `linux_kernel`
  --> /home/runner/work/Root-My-GalaxyA075F-Payloads/Root-My-GalaxyA075F-Payloads/vendor/rustix/src/fs/fcntl.rs:67:11
   |
67 | #[cfg(any(linux_kernel, target_os = "freebsd", target_os = "fuchsia"))]
   |           ^^^^^^^^^^^^
   |
   = help: consider using a Cargo feature instead
   = help: or consider adding in `Cargo.toml` the `check-cfg` lint config for the lint:
            [lints.rust]
            unexpected_cfgs = { level = "warn", check-cfg = ['cfg(linux_kernel)'] }
   = help: or consider adding `println!("cargo::rustc-check-cfg=cfg(linux_kernel)");` to the top of the `build.rs`
   = note: see <https://doc.rust-lang.org/nightly/rustc/check-cfg/cargo-specifics.html> for more information about checking conditional configuration

warning: unexpected `cfg` condition name: `linux_kernel`
  --> /home/runner/work/Root-My-GalaxyA075F-Payloads/Root-My-GalaxyA075F-Payloads/vendor/rustix/src/fs/fcntl.rs:76:11
   |
76 | #[cfg(any(linux_kernel, target_os = "freebsd", target_os = "fuchsia"))]
   |           ^^^^^^^^^^^^
   |
   = help: consider using a Cargo feature instead
   = help: or consider adding in `Cargo.toml` the `check-cfg` lint config for the lint:
            [lints.rust]
            unexpected_cfgs = { level = "warn", check-cfg = ['cfg(linux_kernel)'] }
   = help: or consider adding `println!("cargo::rustc-check-cfg=cfg(linux_kernel)");` to the top of the `build.rs`
   = note: see <https://doc.rust-lang.org/nightly/rustc/check-cfg/cargo-specifics.html> for more information about checking conditional configuration

warning: unexpected `cfg` condition name: `netbsdlike`
  --> /home/runner/work/Root-My-GalaxyA075F-Payloads/Root-My-GalaxyA075F-Payloads/vendor/rustix/src/fs/fd.rs:11:5
   |
11 |     netbsdlike,
   |     ^^^^^^^^^^
   |
   = help: consider using a Cargo feature instead
   = help: or consider adding in `Cargo.toml` the `check-cfg` lint config for the lint:
            [lints.rust]
            unexpected_cfgs = { level = "warn", check-cfg = ['cfg(netbsdlike)'] }
   = help: or consider adding `println!("cargo::rustc-check-cfg=cfg(netbsdlike)");` to the top of the `build.rs`
   = note: see <https://doc.rust-lang.org/nightly/rustc/check-cfg/cargo-specifics.html> for more information about checking conditional configuration

warning: unexpected `cfg` condition name: `solarish`
  --> /home/runner/work/Root-My-GalaxyA075F-Payloads/Root-My-GalaxyA075F-Payloads/vendor/rustix/src/fs/fd.rs:12:5
   |
12 |     solarish,
   |     ^^^^^^^^
   |
   = help: consider using a Cargo feature instead
   = help: or consider adding in `Cargo.toml` the `check-cfg` lint config for the lint:
            [lints.rust]
            unexpected_cfgs = { level = "warn", check-cfg = ['cfg(solarish)'] }
   = help: or consider adding `println!("cargo::rustc-check-cfg=cfg(solarish)");` to the top of the `build.rs`
   = note: see <https://doc.rust-lang.org/nightly/rustc/check-cfg/cargo-specifics.html> for more information about checking conditional configuration

warning: unexpected `cfg` condition name: `linux_kernel`
  --> /home/runner/work/Root-My-GalaxyA075F-Payloads/Root-My-GalaxyA075F-Payloads/vendor/rustix/src/fs/fd.rs:27:7
   |
27 | #[cfg(linux_kernel)]
   |       ^^^^^^^^^^^^
   |
   = help: consider using a Cargo feature instead
   = help: or consider adding in `Cargo.toml` the `check-cfg` lint config for the lint:
            [lints.rust]
            unexpected_cfgs = { level = "warn", check-cfg = ['cfg(linux_kernel)'] }
   = help: or consider adding `println!("cargo::rustc-check-cfg=cfg(linux_kernel)");` to the top of the `build.rs`
   = note: see <https://doc.rust-lang.org/nightly/rustc/check-cfg/cargo-specifics.html> for more information about checking conditional configuration

warning: unexpected `cfg` condition name: `solarish`
  --> /home/runner/work/Root-My-GalaxyA075F-Payloads/Root-My-GalaxyA075F-Payloads/vendor/rustix/src/fs/fd.rs:31:5
   |
31 |     solarish,
   |     ^^^^^^^^
   |
   = help: consider using a Cargo feature instead
   = help: or consider adding in `Cargo.toml` the `check-cfg` lint config for the lint:
            [lints.rust]
            unexpected_cfgs = { level = "warn", check-cfg = ['cfg(solarish)'] }
   = help: or consider adding `println!("cargo::rustc-check-cfg=cfg(solarish)");` to the top of the `build.rs`
   = note: see <https://doc.rust-lang.org/nightly/rustc/check-cfg/cargo-specifics.html> for more information about checking conditional configuration

warning: unexpected `cfg` condition name: `linux_kernel`
  --> /home/runner/work/Root-My-GalaxyA075F-Payloads/Root-My-GalaxyA075F-Payloads/vendor/rustix/src/fs/fd.rs:77:7
   |
77 | #[cfg(linux_kernel)]
   |       ^^^^^^^^^^^^
   |
   = help: consider using a Cargo feature instead
   = help: or consider adding in `Cargo.toml` the `check-cfg` lint config for the lint:
            [lints.rust]
            unexpected_cfgs = { level = "warn", check-cfg = ['cfg(linux_kernel)'] }
   = help: or consider adding `println!("cargo::rustc-check-cfg=cfg(linux_kernel)");` to the top of the `build.rs`
   = note: see <https://doc.rust-lang.org/nightly/rustc/check-cfg/cargo-specifics.html> for more information about checking conditional configuration

warning: unexpected `cfg` condition name: `linux_kernel`
  --> /home/runner/work/Root-My-GalaxyA075F-Payloads/Root-My-GalaxyA075F-Payloads/vendor/rustix/src/fs/fd.rs:85:7
   |
85 | #[cfg(linux_kernel)]
   |       ^^^^^^^^^^^^
   |
   = help: consider using a Cargo feature instead
   = help: or consider adding in `Cargo.toml` the `check-cfg` lint config for the lint:
            [lints.rust]
            unexpected_cfgs = { level = "warn", check-cfg = ['cfg(linux_kernel)'] }
   = help: or consider adding `println!("cargo::rustc-check-cfg=cfg(linux_kernel)");` to the top of the `build.rs`
   = note: see <https://doc.rust-lang.org/nightly/rustc/check-cfg/cargo-specifics.html> for more information about checking conditional configuration

warning: unexpected `cfg` condition name: `solarish`
   --> /home/runner/work/Root-My-GalaxyA075F-Payloads/Root-My-GalaxyA075F-Payloads/vendor/rustix/src/fs/fd.rs:179:5
    |
179 |     solarish,
    |     ^^^^^^^^
    |
    = help: consider using a Cargo feature instead
    = help: or consider adding in `Cargo.toml` the `check-cfg` lint config for the lint:
             [lints.rust]
             unexpected_cfgs = { level = "warn", check-cfg = ['cfg(solarish)'] }
    = help: or consider adding `println!("cargo::rustc-check-cfg=cfg(solarish)");` to the top of the `build.rs`
    = note: see <https://doc.rust-lang.org/nightly/rustc/check-cfg/cargo-specifics.html> for more information about checking conditional configuration

warning: unexpected `cfg` condition name: `netbsdlike`
   --> /home/runner/work/Root-My-GalaxyA075F-Payloads/Root-My-GalaxyA075F-Payloads/vendor/rustix/src/fs/fd.rs:243:5
    |
243 |     netbsdlike,
    |     ^^^^^^^^^^
    |
    = help: consider using a Cargo feature instead
    = help: or consider adding in `Cargo.toml` the `check-cfg` lint config for the lint:
             [lints.rust]
             unexpected_cfgs = { level = "warn", check-cfg = ['cfg(netbsdlike)'] }
    = help: or consider adding `println!("cargo::rustc-check-cfg=cfg(netbsdlike)");` to the top of the `build.rs`
    = note: see <https://doc.rust-lang.org/nightly/rustc/check-cfg/cargo-specifics.html> for more information about checking conditional configuration

warning: unexpected `cfg` condition name: `solarish`
   --> /home/runner/work/Root-My-GalaxyA075F-Payloads/Root-My-GalaxyA075F-Payloads/vendor/rustix/src/fs/fd.rs:244:5
    |
244 |     solarish,
    |     ^^^^^^^^
    |
    = help: consider using a Cargo feature instead
    = help: or consider adding in `Cargo.toml` the `check-cfg` lint config for the lint:
             [lints.rust]
             unexpected_cfgs = { level = "warn", check-cfg = ['cfg(solarish)'] }
    = help: or consider adding `println!("cargo::rustc-check-cfg=cfg(solarish)");` to the top of the `build.rs`
    = note: see <https://doc.rust-lang.org/nightly/rustc/check-cfg/cargo-specifics.html> for more information about checking conditional configuration

warning: unexpected `cfg` condition name: `apple`
   --> /home/runner/work/Root-My-GalaxyA075F-Payloads/Root-My-GalaxyA075F-Payloads/vendor/rustix/src/fs/fd.rs:315:5
    |
315 |     apple,
    |     ^^^^^ help: found config with similar value: `target_vendor = "apple"`
    |
    = help: consider using a Cargo feature instead
    = help: or consider adding in `Cargo.toml` the `check-cfg` lint config for the lint:
             [lints.rust]
             unexpected_cfgs = { level = "warn", check-cfg = ['cfg(apple)'] }
    = help: or consider adding `println!("cargo::rustc-check-cfg=cfg(apple)");` to the top of the `build.rs`
    = note: see <https://doc.rust-lang.org/nightly/rustc/check-cfg/cargo-specifics.html> for more information about checking conditional configuration

warning: unexpected `cfg` condition name: `linux_kernel`
   --> /home/runner/work/Root-My-GalaxyA075F-Payloads/Root-My-GalaxyA075F-Payloads/vendor/rustix/src/fs/fd.rs:363:7
    |
363 | #[cfg(linux_kernel)]
    |       ^^^^^^^^^^^^
    |
    = help: consider using a Cargo feature instead
    = help: or consider adding in `Cargo.toml` the `check-cfg` lint config for the lint:
             [lints.rust]
             unexpected_cfgs = { level = "warn", check-cfg = ['cfg(linux_kernel)'] }
    = help: or consider adding `println!("cargo::rustc-check-cfg=cfg(linux_kernel)");` to the top of the `build.rs`
    = note: see <https://doc.rust-lang.org/nightly/rustc/check-cfg/cargo-specifics.html> for more information about checking conditional configuration

warning: unexpected `cfg` condition name: `linux_kernel`
   --> /home/runner/work/Root-My-GalaxyA075F-Payloads/Root-My-GalaxyA075F-Payloads/vendor/rustix/src/fs/fd.rs:272:15
    |
272 |     #[cfg(any(linux_kernel, target_os = "emscripten", target_os = "fuchsia"))]
    |               ^^^^^^^^^^^^
    |
    = help: consider using a Cargo feature instead
    = help: or consider adding in `Cargo.toml` the `check-cfg` lint config for the lint:
             [lints.rust]
             unexpected_cfgs = { level = "warn", check-cfg = ['cfg(linux_kernel)'] }
    = help: or consider adding `println!("cargo::rustc-check-cfg=cfg(linux_kernel)");` to the top of the `build.rs`
    = note: see <https://doc.rust-lang.org/nightly/rustc/check-cfg/cargo-specifics.html> for more information about checking conditional configuration

warning: unexpected `cfg` condition name: `linux_kernel`
 --> /home/runner/work/Root-My-GalaxyA075F-Payloads/Root-My-GalaxyA075F-Payloads/vendor/rustix/src/fs/ioctl.rs:5:7
  |
5 | #[cfg(linux_kernel)]
  |       ^^^^^^^^^^^^
  |
  = help: consider using a Cargo feature instead
  = help: or consider adding in `Cargo.toml` the `check-cfg` lint config for the lint:
           [lints.rust]
           unexpected_cfgs = { level = "warn", check-cfg = ['cfg(linux_kernel)'] }
  = help: or consider adding `println!("cargo::rustc-check-cfg=cfg(linux_kernel)");` to the top of the `build.rs`
  = note: see <https://doc.rust-lang.org/nightly/rustc/check-cfg/cargo-specifics.html> for more information about checking conditional configuration

warning: unexpected `cfg` condition name: `linux_kernel`
  --> /home/runner/work/Root-My-GalaxyA075F-Payloads/Root-My-GalaxyA075F-Payloads/vendor/rustix/src/fs/ioctl.rs:14:11
   |
14 | #[cfg(all(linux_kernel, not(any(target_arch = "sparc", target_arch = "sparc64"))))]
   |           ^^^^^^^^^^^^
   |
   = help: consider using a Cargo feature instead
   = help: or consider adding in `Cargo.toml` the `check-cfg` lint config for the lint:
            [lints.rust]
            unexpected_cfgs = { level = "warn", check-cfg = ['cfg(linux_kernel)'] }
   = help: or consider adding `println!("cargo::rustc-check-cfg=cfg(linux_kernel)");` to the top of the `build.rs`
   = note: see <https://doc.rust-lang.org/nightly/rustc/check-cfg/cargo-specifics.html> for more information about checking conditional configuration

warning: unexpected `cfg` condition name: `linux_kernel`
  --> /home/runner/work/Root-My-GalaxyA075F-Payloads/Root-My-GalaxyA075F-Payloads/vendor/rustix/src/fs/ioctl.rs:22:7
   |
22 | #[cfg(linux_kernel)]
   |       ^^^^^^^^^^^^
   |
   = help: consider using a Cargo feature instead
   = help: or consider adding in `Cargo.toml` the `check-cfg` lint config for the lint:
            [lints.rust]
            unexpected_cfgs = { level = "warn", check-cfg = ['cfg(linux_kernel)'] }
   = help: or consider adding `println!("cargo::rustc-check-cfg=cfg(linux_kernel)");` to the top of the `build.rs`
   = note: see <https://doc.rust-lang.org/nightly/rustc/check-cfg/cargo-specifics.html> for more information about checking conditional configuration

warning: unexpected `cfg` condition name: `linux_kernel`
  --> /home/runner/work/Root-My-GalaxyA075F-Payloads/Root-My-GalaxyA075F-Payloads/vendor/rustix/src/fs/ioctl.rs:34:7
   |
34 | #[cfg(linux_kernel)]
   |       ^^^^^^^^^^^^
   |
   = help: consider using a Cargo feature instead
   = help: or consider adding in `Cargo.toml` the `check-cfg` lint config for the lint:
            [lints.rust]
            unexpected_cfgs = { level = "warn", check-cfg = ['cfg(linux_kernel)'] }
   = help: or consider adding `println!("cargo::rustc-check-cfg=cfg(linux_kernel)");` to the top of the `build.rs`
   = note: see <https://doc.rust-lang.org/nightly/rustc/check-cfg/cargo-specifics.html> for more information about checking conditional configuration

warning: unexpected `cfg` condition name: `linux_kernel`
  --> /home/runner/work/Root-My-GalaxyA075F-Payloads/Root-My-GalaxyA075F-Payloads/vendor/rustix/src/fs/ioctl.rs:53:11
   |
53 | #[cfg(all(linux_kernel, not(any(target_arch = "sparc", target_arch = "sparc64"))))]
   |           ^^^^^^^^^^^^
   |
   = help: consider using a Cargo feature instead
   = help: or consider adding in `Cargo.toml` the `check-cfg` lint config for the lint:
            [lints.rust]
            unexpected_cfgs = { level = "warn", check-cfg = ['cfg(linux_kernel)'] }
   = help: or consider adding `println!("cargo::rustc-check-cfg=cfg(linux_kernel)");` to the top of the `build.rs`
   = note: see <https://doc.rust-lang.org/nightly/rustc/check-cfg/cargo-specifics.html> for more information about checking conditional configuration

warning: unexpected `cfg` condition name: `linux_kernel`
  --> /home/runner/work/Root-My-GalaxyA075F-Payloads/Root-My-GalaxyA075F-Payloads/vendor/rustix/src/fs/ioctl.rs:61:7
   |
61 | #[cfg(linux_kernel)]
   |       ^^^^^^^^^^^^
   |
   = help: consider using a Cargo feature instead
   = help: or consider adding in `Cargo.toml` the `check-cfg` lint config for the lint:
            [lints.rust]
            unexpected_cfgs = { level = "warn", check-cfg = ['cfg(linux_kernel)'] }
   = help: or consider adding `println!("cargo::rustc-check-cfg=cfg(linux_kernel)");` to the top of the `build.rs`
   = note: see <https://doc.rust-lang.org/nightly/rustc/check-cfg/cargo-specifics.html> for more information about checking conditional configuration

warning: unexpected `cfg` condition name: `linux_kernel`
  --> /home/runner/work/Root-My-GalaxyA075F-Payloads/Root-My-GalaxyA075F-Payloads/vendor/rustix/src/fs/ioctl.rs:74:11
   |
74 | #[cfg(all(linux_kernel, not(any(target_arch = "sparc", target_arch = "sparc64"))))]
   |           ^^^^^^^^^^^^
   |
   = help: consider using a Cargo feature instead
   = help: or consider adding in `Cargo.toml` the `check-cfg` lint config for the lint:
            [lints.rust]
            unexpected_cfgs = { level = "warn", check-cfg = ['cfg(linux_kernel)'] }
   = help: or consider adding `println!("cargo::rustc-check-cfg=cfg(linux_kernel)");` to the top of the `build.rs`
   = note: see <https://doc.rust-lang.org/nightly/rustc/check-cfg/cargo-specifics.html> for more information about checking conditional configuration

warning: unexpected `cfg` condition name: `linux_kernel`
  --> /home/runner/work/Root-My-GalaxyA075F-Payloads/Root-My-GalaxyA075F-Payloads/vendor/rustix/src/fs/ioctl.rs:77:11
   |
77 | #[cfg(all(linux_kernel, not(any(target_arch = "sparc", target_arch = "sparc64"))))]
   |           ^^^^^^^^^^^^
   |
   = help: consider using a Cargo feature instead
   = help: or consider adding in `Cargo.toml` the `check-cfg` lint config for the lint:
            [lints.rust]
            unexpected_cfgs = { level = "warn", check-cfg = ['cfg(linux_kernel)'] }
   = help: or consider adding `println!("cargo::rustc-check-cfg=cfg(linux_kernel)");` to the top of the `build.rs`
   = note: see <https://doc.rust-lang.org/nightly/rustc/check-cfg/cargo-specifics.html> for more information about checking conditional configuration

warning: unexpected `cfg` condition name: `linux_kernel`
  --> /home/runner/work/Root-My-GalaxyA075F-Payloads/Root-My-GalaxyA075F-Payloads/vendor/rustix/src/fs/ioctl.rs:96:7
   |
96 | #[cfg(linux_kernel)]
   |       ^^^^^^^^^^^^
   |
   = help: consider using a Cargo feature instead
   = help: or consider adding in `Cargo.toml` the `check-cfg` lint config for the lint:
            [lints.rust]
            unexpected_cfgs = { level = "warn", check-cfg = ['cfg(linux_kernel)'] }
   = help: or consider adding `println!("cargo::rustc-check-cfg=cfg(linux_kernel)");` to the top of the `build.rs`
   = note: see <https://doc.rust-lang.org/nightly/rustc/check-cfg/cargo-specifics.html> for more information about checking conditional configuration

warning: unexpected `cfg` condition name: `linux_kernel`
   --> /home/runner/work/Root-My-GalaxyA075F-Payloads/Root-My-GalaxyA075F-Payloads/vendor/rustix/src/fs/ioctl.rs:134:7
    |
134 | #[cfg(linux_kernel)]
    |       ^^^^^^^^^^^^
    |
    = help: consider using a Cargo feature instead
    = help: or consider adding in `Cargo.toml` the `check-cfg` lint config for the lint:
             [lints.rust]
             unexpected_cfgs = { level = "warn", check-cfg = ['cfg(linux_kernel)'] }
    = help: or consider adding `println!("cargo::rustc-check-cfg=cfg(linux_kernel)");` to the top of the `build.rs`
    = note: see <https://doc.rust-lang.org/nightly/rustc/check-cfg/cargo-specifics.html> for more information about checking conditional configuration

warning: unexpected `cfg` condition name: `linux_kernel`
   --> /home/runner/work/Root-My-GalaxyA075F-Payloads/Root-My-GalaxyA075F-Payloads/vendor/rustix/src/fs/ioctl.rs:151:7
    |
151 | #[cfg(linux_kernel)]
    |       ^^^^^^^^^^^^
    |
    = help: consider using a Cargo feature instead
    = help: or consider adding in `Cargo.toml` the `check-cfg` lint config for the lint:
             [lints.rust]
             unexpected_cfgs = { level = "warn", check-cfg = ['cfg(linux_kernel)'] }
    = help: or consider adding `println!("cargo::rustc-check-cfg=cfg(linux_kernel)");` to the top of the `build.rs`
    = note: see <https://doc.rust-lang.org/nightly/rustc/check-cfg/cargo-specifics.html> for more information about checking conditional configuration

warning: unexpected `cfg` condition name: `staged_api`
  --> /home/runner/work/Root-My-GalaxyA075F-Payloads/Root-My-GalaxyA075F-Payloads/vendor/rustix/src/fs/seek_from.rs:14:12
   |
14 | #[cfg_attr(staged_api, stable(feature = "rust1", since = "1.0.0"))]
   |            ^^^^^^^^^^
   |
   = help: consider using a Cargo feature instead
   = help: or consider adding in `Cargo.toml` the `check-cfg` lint config for the lint:
            [lints.rust]
            unexpected_cfgs = { level = "warn", check-cfg = ['cfg(staged_api)'] }
   = help: or consider adding `println!("cargo::rustc-check-cfg=cfg(staged_api)");` to the top of the `build.rs`
   = note: see <https://doc.rust-lang.org/nightly/rustc/check-cfg/cargo-specifics.html> for more information about checking conditional configuration

warning: unexpected `cfg` condition name: `staged_api`
  --> /home/runner/work/Root-My-GalaxyA075F-Payloads/Root-My-GalaxyA075F-Payloads/vendor/rustix/src/fs/seek_from.rs:17:16
   |
17 |     #[cfg_attr(staged_api, stable(feature = "rust1", since = "1.0.0"))]
   |                ^^^^^^^^^^
   |
   = help: consider using a Cargo feature instead
   = help: or consider adding in `Cargo.toml` the `check-cfg` lint config for the lint:
            [lints.rust]
            unexpected_cfgs = { level = "warn", check-cfg = ['cfg(staged_api)'] }
   = help: or consider adding `println!("cargo::rustc-check-cfg=cfg(staged_api)");` to the top of the `build.rs`
   = note: see <https://doc.rust-lang.org/nightly/rustc/check-cfg/cargo-specifics.html> for more information about checking conditional configuration

warning: unexpected `cfg` condition name: `staged_api`
  --> /home/runner/work/Root-My-GalaxyA075F-Payloads/Root-My-GalaxyA075F-Payloads/vendor/rustix/src/fs/seek_from.rs:18:22
   |
18 |     Start(#[cfg_attr(staged_api, stable(feature = "rust1", since = "1.0.0"))] u64),
   |                      ^^^^^^^^^^
   |
   = help: consider using a Cargo feature instead
   = help: or consider adding in `Cargo.toml` the `check-cfg` lint config for the lint:
            [lints.rust]
            unexpected_cfgs = { level = "warn", check-cfg = ['cfg(staged_api)'] }
   = help: or consider adding `println!("cargo::rustc-check-cfg=cfg(staged_api)");` to the top of the `build.rs`
   = note: see <https://doc.rust-lang.org/nightly/rustc/check-cfg/cargo-specifics.html> for more information about checking conditional configuration

warning: unexpected `cfg` condition name: `staged_api`
  --> /home/runner/work/Root-My-GalaxyA075F-Payloads/Root-My-GalaxyA075F-Payloads/vendor/rustix/src/fs/seek_from.rs:25:16
   |
25 |     #[cfg_attr(staged_api, stable(feature = "rust1", since = "1.0.0"))]
   |                ^^^^^^^^^^
   |
   = help: consider using a Cargo feature instead
   = help: or consider adding in `Cargo.toml` the `check-cfg` lint config for the lint:
            [lints.rust]
            unexpected_cfgs = { level = "warn", check-cfg = ['cfg(staged_api)'] }
   = help: or consider adding `println!("cargo::rustc-check-cfg=cfg(staged_api)");` to the top of the `build.rs`
   = note: see <https://doc.rust-lang.org/nightly/rustc/check-cfg/cargo-specifics.html> for more information about checking conditional configuration

warning: unexpected `cfg` condition name: `staged_api`
  --> /home/runner/work/Root-My-GalaxyA075F-Payloads/Root-My-GalaxyA075F-Payloads/vendor/rustix/src/fs/seek_from.rs:26:20
   |
26 |     End(#[cfg_attr(staged_api, stable(feature = "rust1", since = "1.0.0"))] i64),
   |                    ^^^^^^^^^^
   |
   = help: consider using a Cargo feature instead
   = help: or consider adding in `Cargo.toml` the `check-cfg` lint config for the lint:
            [lints.rust]
            unexpected_cfgs = { level = "warn", check-cfg = ['cfg(staged_api)'] }
   = help: or consider adding `println!("cargo::rustc-check-cfg=cfg(staged_api)");` to the top of the `build.rs`
   = note: see <https://doc.rust-lang.org/nightly/rustc/check-cfg/cargo-specifics.html> for more information about checking conditional configuration

warning: unexpected `cfg` condition name: `staged_api`
  --> /home/runner/work/Root-My-GalaxyA075F-Payloads/Root-My-GalaxyA075F-Payloads/vendor/rustix/src/fs/seek_from.rs:33:16
   |
33 |     #[cfg_attr(staged_api, stable(feature = "rust1", since = "1.0.0"))]
   |                ^^^^^^^^^^
   |
   = help: consider using a Cargo feature instead
   = help: or consider adding in `Cargo.toml` the `check-cfg` lint config for the lint:
            [lints.rust]
            unexpected_cfgs = { level = "warn", check-cfg = ['cfg(staged_api)'] }
   = help: or consider adding `println!("cargo::rustc-check-cfg=cfg(staged_api)");` to the top of the `build.rs`
   = note: see <https://doc.rust-lang.org/nightly/rustc/check-cfg/cargo-specifics.html> for more information about checking conditional configuration

warning: unexpected `cfg` condition name: `staged_api`
  --> /home/runner/work/Root-My-GalaxyA075F-Payloads/Root-My-GalaxyA075F-Payloads/vendor/rustix/src/fs/seek_from.rs:34:24
   |
34 |     Current(#[cfg_attr(staged_api, stable(feature = "rust1", since = "1.0.0"))] i64),
   |                        ^^^^^^^^^^
   |
   = help: consider using a Cargo feature instead
   = help: or consider adding in `Cargo.toml` the `check-cfg` lint config for the lint:
            [lints.rust]
            unexpected_cfgs = { level = "warn", check-cfg = ['cfg(staged_api)'] }
   = help: or consider adding `println!("cargo::rustc-check-cfg=cfg(staged_api)");` to the top of the `build.rs`
   = note: see <https://doc.rust-lang.org/nightly/rustc/check-cfg/cargo-specifics.html> for more information about checking conditional configuration

warning: unexpected `cfg` condition name: `apple`
  --> /home/runner/work/Root-My-GalaxyA075F-Payloads/Root-My-GalaxyA075F-Payloads/vendor/rustix/src/fs/seek_from.rs:43:15
   |
43 |     #[cfg(any(apple, freebsdlike, linux_kernel, solarish))]
   |               ^^^^^ help: found config with similar value: `target_vendor = "apple"`
   |
   = help: consider using a Cargo feature instead
   = help: or consider adding in `Cargo.toml` the `check-cfg` lint config for the lint:
            [lints.rust]
            unexpected_cfgs = { level = "warn", check-cfg = ['cfg(apple)'] }
   = help: or consider adding `println!("cargo::rustc-check-cfg=cfg(apple)");` to the top of the `build.rs`
   = note: see <https://doc.rust-lang.org/nightly/rustc/check-cfg/cargo-specifics.html> for more information about checking conditional configuration

warning: unexpected `cfg` condition name: `freebsdlike`
  --> /home/runner/work/Root-My-GalaxyA075F-Payloads/Root-My-GalaxyA075F-Payloads/vendor/rustix/src/fs/seek_from.rs:43:22
   |
43 |     #[cfg(any(apple, freebsdlike, linux_kernel, solarish))]
   |                      ^^^^^^^^^^^
   |
   = help: consider using a Cargo feature instead
   = help: or consider adding in `Cargo.toml` the `check-cfg` lint config for the lint:
            [lints.rust]
            unexpected_cfgs = { level = "warn", check-cfg = ['cfg(freebsdlike)'] }
   = help: or consider adding `println!("cargo::rustc-check-cfg=cfg(freebsdlike)");` to the top of the `build.rs`
   = note: see <https://doc.rust-lang.org/nightly/rustc/check-cfg/cargo-specifics.html> for more information about checking conditional configuration

warning: unexpected `cfg` condition name: `linux_kernel`
  --> /home/runner/work/Root-My-GalaxyA075F-Payloads/Root-My-GalaxyA075F-Payloads/vendor/rustix/src/fs/seek_from.rs:43:35
   |
43 |     #[cfg(any(apple, freebsdlike, linux_kernel, solarish))]
   |                                   ^^^^^^^^^^^^
   |
   = help: consider using a Cargo feature instead
   = help: or consider adding in `Cargo.toml` the `check-cfg` lint config for the lint:
            [lints.rust]
            unexpected_cfgs = { level = "warn", check-cfg = ['cfg(linux_kernel)'] }
   = help: or consider adding `println!("cargo::rustc-check-cfg=cfg(linux_kernel)");` to the top of the `build.rs`
   = note: see <https://doc.rust-lang.org/nightly/rustc/check-cfg/cargo-specifics.html> for more information about checking conditional configuration

warning: unexpected `cfg` condition name: `solarish`
  --> /home/runner/work/Root-My-GalaxyA075F-Payloads/Root-My-GalaxyA075F-Payloads/vendor/rustix/src/fs/seek_from.rs:43:49
   |
43 |     #[cfg(any(apple, freebsdlike, linux_kernel, solarish))]
   |                                                 ^^^^^^^^
   |
   = help: consider using a Cargo feature instead
   = help: or consider adding in `Cargo.toml` the `check-cfg` lint config for the lint:
            [lints.rust]
            unexpected_cfgs = { level = "warn", check-cfg = ['cfg(solarish)'] }
   = help: or consider adding `println!("cargo::rustc-check-cfg=cfg(solarish)");` to the top of the `build.rs`
   = note: see <https://doc.rust-lang.org/nightly/rustc/check-cfg/cargo-specifics.html> for more information about checking conditional configuration

warning: unexpected `cfg` condition name: `apple`
  --> /home/runner/work/Root-My-GalaxyA075F-Payloads/Root-My-GalaxyA075F-Payloads/vendor/rustix/src/fs/seek_from.rs:51:15
   |
51 |     #[cfg(any(apple, freebsdlike, linux_kernel, solarish))]
   |               ^^^^^ help: found config with similar value: `target_vendor = "apple"`
   |
   = help: consider using a Cargo feature instead
   = help: or consider adding in `Cargo.toml` the `check-cfg` lint config for the lint:
            [lints.rust]
            unexpected_cfgs = { level = "warn", check-cfg = ['cfg(apple)'] }
   = help: or consider adding `println!("cargo::rustc-check-cfg=cfg(apple)");` to the top of the `build.rs`
   = note: see <https://doc.rust-lang.org/nightly/rustc/check-cfg/cargo-specifics.html> for more information about checking conditional configuration

warning: unexpected `cfg` condition name: `freebsdlike`
  --> /home/runner/work/Root-My-GalaxyA075F-Payloads/Root-My-GalaxyA075F-Payloads/vendor/rustix/src/fs/seek_from.rs:51:22
   |
51 |     #[cfg(any(apple, freebsdlike, linux_kernel, solarish))]
   |                      ^^^^^^^^^^^
   |
   = help: consider using a Cargo feature instead
   = help: or consider adding in `Cargo.toml` the `check-cfg` lint config for the lint:
            [lints.rust]
            unexpected_cfgs = { level = "warn", check-cfg = ['cfg(freebsdlike)'] }
   = help: or consider adding `println!("cargo::rustc-check-cfg=cfg(freebsdlike)");` to the top of the `build.rs`
   = note: see <https://doc.rust-lang.org/nightly/rustc/check-cfg/cargo-specifics.html> for more information about checking conditional configuration

warning: unexpected `cfg` condition name: `linux_kernel`
  --> /home/runner/work/Root-My-GalaxyA075F-Payloads/Root-My-GalaxyA075F-Payloads/vendor/rustix/src/fs/seek_from.rs:51:35
   |
51 |     #[cfg(any(apple, freebsdlike, linux_kernel, solarish))]
   |                                   ^^^^^^^^^^^^
   |
   = help: consider using a Cargo feature instead
   = help: or consider adding in `Cargo.toml` the `check-cfg` lint config for the lint:
            [lints.rust]
            unexpected_cfgs = { level = "warn", check-cfg = ['cfg(linux_kernel)'] }
   = help: or consider adding `println!("cargo::rustc-check-cfg=cfg(linux_kernel)");` to the top of the `build.rs`
   = note: see <https://doc.rust-lang.org/nightly/rustc/check-cfg/cargo-specifics.html> for more information about checking conditional configuration

warning: unexpected `cfg` condition name: `solarish`
  --> /home/runner/work/Root-My-GalaxyA075F-Payloads/Root-My-GalaxyA075F-Payloads/vendor/rustix/src/fs/seek_from.rs:51:49
   |
51 |     #[cfg(any(apple, freebsdlike, linux_kernel, solarish))]
   |                                                 ^^^^^^^^
   |
   = help: consider using a Cargo feature instead
   = help: or consider adding in `Cargo.toml` the `check-cfg` lint config for the lint:
            [lints.rust]
            unexpected_cfgs = { level = "warn", check-cfg = ['cfg(solarish)'] }
   = help: or consider adding `println!("cargo::rustc-check-cfg=cfg(solarish)");` to the top of the `build.rs`
   = note: see <https://doc.rust-lang.org/nightly/rustc/check-cfg/cargo-specifics.html> for more information about checking conditional configuration

warning: unexpected `cfg` condition name: `apple`
  --> /home/runner/work/Root-My-GalaxyA075F-Payloads/Root-My-GalaxyA075F-Payloads/vendor/rustix/src/io/ioctl.rs:19:7
   |
19 | #[cfg(apple)]
   |       ^^^^^ help: found config with similar value: `target_vendor = "apple"`
   |
   = help: consider using a Cargo feature instead
   = help: or consider adding in `Cargo.toml` the `check-cfg` lint config for the lint:
            [lints.rust]
            unexpected_cfgs = { level = "warn", check-cfg = ['cfg(apple)'] }
   = help: or consider adding `println!("cargo::rustc-check-cfg=cfg(apple)");` to the top of the `build.rs`
   = note: see <https://doc.rust-lang.org/nightly/rustc/check-cfg/cargo-specifics.html> for more information about checking conditional configuration

warning: unexpected `cfg` condition name: `linux_kernel`
  --> /home/runner/work/Root-My-GalaxyA075F-Payloads/Root-My-GalaxyA075F-Payloads/vendor/rustix/src/io/read_write.rs:14:7
   |
14 | #[cfg(linux_kernel)]
   |       ^^^^^^^^^^^^
   |
   = help: consider using a Cargo feature instead
   = help: or consider adding in `Cargo.toml` the `check-cfg` lint config for the lint:
            [lints.rust]
            unexpected_cfgs = { level = "warn", check-cfg = ['cfg(linux_kernel)'] }
   = help: or consider adding `println!("cargo::rustc-check-cfg=cfg(linux_kernel)");` to the top of the `build.rs`
   = note: see <https://doc.rust-lang.org/nightly/rustc/check-cfg/cargo-specifics.html> for more information about checking conditional configuration

warning: unexpected `cfg` condition name: `linux_kernel`
   --> /home/runner/work/Root-My-GalaxyA075F-Payloads/Root-My-GalaxyA075F-Payloads/vendor/rustix/src/io/read_write.rs:286:7
    |
286 | #[cfg(linux_kernel)]
    |       ^^^^^^^^^^^^
    |
    = help: consider using a Cargo feature instead
    = help: or consider adding in `Cargo.toml` the `check-cfg` lint config for the lint:
             [lints.rust]
             unexpected_cfgs = { level = "warn", check-cfg = ['cfg(linux_kernel)'] }
    = help: or consider adding `println!("cargo::rustc-check-cfg=cfg(linux_kernel)");` to the top of the `build.rs`
    = note: see <https://doc.rust-lang.org/nightly/rustc/check-cfg/cargo-specifics.html> for more information about checking conditional configuration

warning: unexpected `cfg` condition name: `linux_kernel`
   --> /home/runner/work/Root-My-GalaxyA075F-Payloads/Root-My-GalaxyA075F-Payloads/vendor/rustix/src/io/read_write.rs:305:7
    |
305 | #[cfg(linux_kernel)]
    |       ^^^^^^^^^^^^
    |
    = help: consider using a Cargo feature instead
    = help: or consider adding in `Cargo.toml` the `check-cfg` lint config for the lint:
             [lints.rust]
             unexpected_cfgs = { level = "warn", check-cfg = ['cfg(linux_kernel)'] }
    = help: or consider adding `println!("cargo::rustc-check-cfg=cfg(linux_kernel)");` to the top of the `build.rs`
    = note: see <https://doc.rust-lang.org/nightly/rustc/check-cfg/cargo-specifics.html> for more information about checking conditional configuration

warning: unexpected `cfg` condition name: `linux_kernel`
  --> /home/runner/work/Root-My-GalaxyA075F-Payloads/Root-My-GalaxyA075F-Payloads/vendor/rustix/src/ioctl/mod.rs:21:11
   |
21 | #[cfg(any(linux_kernel, bsd))]
   |           ^^^^^^^^^^^^
   |
   = help: consider using a Cargo feature instead
   = help: or consider adding in `Cargo.toml` the `check-cfg` lint config for the lint:
            [lints.rust]
            unexpected_cfgs = { level = "warn", check-cfg = ['cfg(linux_kernel)'] }
   = help: or consider adding `println!("cargo::rustc-check-cfg=cfg(linux_kernel)");` to the top of the `build.rs`
   = note: see <https://doc.rust-lang.org/nightly/rustc/check-cfg/cargo-specifics.html> for more information about checking conditional configuration

warning: unexpected `cfg` condition name: `bsd`
  --> /home/runner/work/Root-My-GalaxyA075F-Payloads/Root-My-GalaxyA075F-Payloads/vendor/rustix/src/ioctl/mod.rs:21:25
   |
21 | #[cfg(any(linux_kernel, bsd))]
   |                         ^^^
   |
   = help: consider using a Cargo feature instead
   = help: or consider adding in `Cargo.toml` the `check-cfg` lint config for the lint:
            [lints.rust]
            unexpected_cfgs = { level = "warn", check-cfg = ['cfg(bsd)'] }
   = help: or consider adding `println!("cargo::rustc-check-cfg=cfg(bsd)");` to the top of the `build.rs`
   = note: see <https://doc.rust-lang.org/nightly/rustc/check-cfg/cargo-specifics.html> for more information about checking conditional configuration

warning: unexpected `cfg` condition name: `linux_kernel`
  --> /home/runner/work/Root-My-GalaxyA075F-Payloads/Root-My-GalaxyA075F-Payloads/vendor/rustix/src/ioctl/mod.rs:28:7
   |
28 | #[cfg(linux_kernel)]
   |       ^^^^^^^^^^^^
   |
   = help: consider using a Cargo feature instead
   = help: or consider adding in `Cargo.toml` the `check-cfg` lint config for the lint:
            [lints.rust]
            unexpected_cfgs = { level = "warn", check-cfg = ['cfg(linux_kernel)'] }
   = help: or consider adding `println!("cargo::rustc-check-cfg=cfg(linux_kernel)");` to the top of the `build.rs`
   = note: see <https://doc.rust-lang.org/nightly/rustc/check-cfg/cargo-specifics.html> for more information about checking conditional configuration

warning: unexpected `cfg` condition name: `bsd`
  --> /home/runner/work/Root-My-GalaxyA075F-Payloads/Root-My-GalaxyA075F-Payloads/vendor/rustix/src/ioctl/mod.rs:31:7
   |
31 | #[cfg(bsd)]
   |       ^^^
   |
   = help: consider using a Cargo feature instead
   = help: or consider adding in `Cargo.toml` the `check-cfg` lint config for the lint:
            [lints.rust]
            unexpected_cfgs = { level = "warn", check-cfg = ['cfg(bsd)'] }
   = help: or consider adding `println!("cargo::rustc-check-cfg=cfg(bsd)");` to the top of the `build.rs`
   = note: see <https://doc.rust-lang.org/nightly/rustc/check-cfg/cargo-specifics.html> for more information about checking conditional configuration

warning: unexpected `cfg` condition name: `linux_kernel`
  --> /home/runner/work/Root-My-GalaxyA075F-Payloads/Root-My-GalaxyA075F-Payloads/vendor/rustix/src/ioctl/mod.rs:34:7
   |
34 | #[cfg(linux_kernel)]
   |       ^^^^^^^^^^^^
   |
   = help: consider using a Cargo feature instead
   = help: or consider adding in `Cargo.toml` the `check-cfg` lint config for the lint:
            [lints.rust]
            unexpected_cfgs = { level = "warn", check-cfg = ['cfg(linux_kernel)'] }
   = help: or consider adding `println!("cargo::rustc-check-cfg=cfg(linux_kernel)");` to the top of the `build.rs`
   = note: see <https://doc.rust-lang.org/nightly/rustc/check-cfg/cargo-specifics.html> for more information about checking conditional configuration

warning: unexpected `cfg` condition name: `bsd`
  --> /home/runner/work/Root-My-GalaxyA075F-Payloads/Root-My-GalaxyA075F-Payloads/vendor/rustix/src/ioctl/mod.rs:37:7
   |
37 | #[cfg(bsd)]
   |       ^^^
   |
   = help: consider using a Cargo feature instead
   = help: or consider adding in `Cargo.toml` the `check-cfg` lint config for the lint:
            [lints.rust]
            unexpected_cfgs = { level = "warn", check-cfg = ['cfg(bsd)'] }
   = help: or consider adding `println!("cargo::rustc-check-cfg=cfg(bsd)");` to the top of the `build.rs`
   = note: see <https://doc.rust-lang.org/nightly/rustc/check-cfg/cargo-specifics.html> for more information about checking conditional configuration

warning: unexpected `cfg` condition name: `linux_raw`
   --> /home/runner/work/Root-My-GalaxyA075F-Payloads/Root-My-GalaxyA075F-Payloads/vendor/rustix/src/ioctl/mod.rs:306:7
    |
306 | #[cfg(linux_raw)]
    |       ^^^^^^^^^
    |
    = help: consider using a Cargo feature instead
    = help: or consider adding in `Cargo.toml` the `check-cfg` lint config for the lint:
             [lints.rust]
             unexpected_cfgs = { level = "warn", check-cfg = ['cfg(linux_raw)'] }
    = help: or consider adding `println!("cargo::rustc-check-cfg=cfg(linux_raw)");` to the top of the `build.rs`
    = note: see <https://doc.rust-lang.org/nightly/rustc/check-cfg/cargo-specifics.html> for more information about checking conditional configuration

warning: unexpected `cfg` condition name: `linux_raw`
   --> /home/runner/work/Root-My-GalaxyA075F-Payloads/Root-My-GalaxyA075F-Payloads/vendor/rustix/src/ioctl/mod.rs:311:9
    |
311 |     not(linux_raw),
    |         ^^^^^^^^^
    |
    = help: consider using a Cargo feature instead
    = help: or consider adding in `Cargo.toml` the `check-cfg` lint config for the lint:
             [lints.rust]
             unexpected_cfgs = { level = "warn", check-cfg = ['cfg(linux_raw)'] }
    = help: or consider adding `println!("cargo::rustc-check-cfg=cfg(linux_raw)");` to the top of the `build.rs`
    = note: see <https://doc.rust-lang.org/nightly/rustc/check-cfg/cargo-specifics.html> for more information about checking conditional configuration

warning: unexpected `cfg` condition name: `linux_raw`
   --> /home/runner/work/Root-My-GalaxyA075F-Payloads/Root-My-GalaxyA075F-Payloads/vendor/rustix/src/ioctl/mod.rs:319:9
    |
319 |     not(linux_raw),
    |         ^^^^^^^^^
    |
    = help: consider using a Cargo feature instead
    = help: or consider adding in `Cargo.toml` the `check-cfg` lint config for the lint:
             [lints.rust]
             unexpected_cfgs = { level = "warn", check-cfg = ['cfg(linux_raw)'] }
    = help: or consider adding `println!("cargo::rustc-check-cfg=cfg(linux_raw)");` to the top of the `build.rs`
    = note: see <https://doc.rust-lang.org/nightly/rustc/check-cfg/cargo-specifics.html> for more information about checking conditional configuration

warning: unexpected `cfg` condition name: `linux_raw`
   --> /home/runner/work/Root-My-GalaxyA075F-Payloads/Root-My-GalaxyA075F-Payloads/vendor/rustix/src/ioctl/mod.rs:327:15
    |
327 | #[cfg(all(not(linux_raw), target_os = "android"))]
    |               ^^^^^^^^^
    |
    = help: consider using a Cargo feature instead
    = help: or consider adding in `Cargo.toml` the `check-cfg` lint config for the lint:
             [lints.rust]
             unexpected_cfgs = { level = "warn", check-cfg = ['cfg(linux_raw)'] }
    = help: or consider adding `println!("cargo::rustc-check-cfg=cfg(linux_raw)");` to the top of the `build.rs`
    = note: see <https://doc.rust-lang.org/nightly/rustc/check-cfg/cargo-specifics.html> for more information about checking conditional configuration

warning: unexpected `cfg` condition name: `bsd`
   --> /home/runner/work/Root-My-GalaxyA075F-Payloads/Root-My-GalaxyA075F-Payloads/vendor/rustix/src/ioctl/mod.rs:332:5
    |
332 |     bsd,
    |     ^^^
    |
    = help: consider using a Cargo feature instead
    = help: or consider adding in `Cargo.toml` the `check-cfg` lint config for the lint:
             [lints.rust]
             unexpected_cfgs = { level = "warn", check-cfg = ['cfg(bsd)'] }
    = help: or consider adding `println!("cargo::rustc-check-cfg=cfg(bsd)");` to the top of the `build.rs`
    = note: see <https://doc.rust-lang.org/nightly/rustc/check-cfg/cargo-specifics.html> for more information about checking conditional configuration

warning: unexpected `cfg` condition name: `solarish`
   --> /home/runner/work/Root-My-GalaxyA075F-Payloads/Root-My-GalaxyA075F-Payloads/vendor/rustix/src/ioctl/mod.rs:343:5
    |
343 |     solarish,
    |     ^^^^^^^^
    |
    = help: consider using a Cargo feature instead
    = help: or consider adding in `Cargo.toml` the `check-cfg` lint config for the lint:
             [lints.rust]
             unexpected_cfgs = { level = "warn", check-cfg = ['cfg(solarish)'] }
    = help: or consider adding `println!("cargo::rustc-check-cfg=cfg(solarish)");` to the top of the `build.rs`
    = note: see <https://doc.rust-lang.org/nightly/rustc/check-cfg/cargo-specifics.html> for more information about checking conditional configuration

warning: unexpected `cfg` condition name: `linux_kernel`
   --> /home/runner/work/Root-My-GalaxyA075F-Payloads/Root-My-GalaxyA075F-Payloads/vendor/rustix/src/ioctl/patterns.rs:216:11
    |
216 | #[cfg(any(linux_kernel, bsd))]
    |           ^^^^^^^^^^^^
    |
    = help: consider using a Cargo feature instead
    = help: or consider adding in `Cargo.toml` the `check-cfg` lint config for the lint:
             [lints.rust]
             unexpected_cfgs = { level = "warn", check-cfg = ['cfg(linux_kernel)'] }
    = help: or consider adding `println!("cargo::rustc-check-cfg=cfg(linux_kernel)");` to the top of the `build.rs`
    = note: see <https://doc.rust-lang.org/nightly/rustc/check-cfg/cargo-specifics.html> for more information about checking conditional configuration

warning: unexpected `cfg` condition name: `bsd`
   --> /home/runner/work/Root-My-GalaxyA075F-Payloads/Root-My-GalaxyA075F-Payloads/vendor/rustix/src/ioctl/patterns.rs:216:25
    |
216 | #[cfg(any(linux_kernel, bsd))]
    |                         ^^^
    |
    = help: consider using a Cargo feature instead
    = help: or consider adding in `Cargo.toml` the `check-cfg` lint config for the lint:
             [lints.rust]
             unexpected_cfgs = { level = "warn", check-cfg = ['cfg(bsd)'] }
    = help: or consider adding `println!("cargo::rustc-check-cfg=cfg(bsd)");` to the top of the `build.rs`
    = note: see <https://doc.rust-lang.org/nightly/rustc/check-cfg/cargo-specifics.html> for more information about checking conditional configuration

warning: unexpected `cfg` condition name: `linux_kernel`
   --> /home/runner/work/Root-My-GalaxyA075F-Payloads/Root-My-GalaxyA075F-Payloads/vendor/rustix/src/ioctl/patterns.rs:219:11
    |
219 | #[cfg(any(linux_kernel, bsd))]
    |           ^^^^^^^^^^^^
    |
    = help: consider using a Cargo feature instead
    = help: or consider adding in `Cargo.toml` the `check-cfg` lint config for the lint:
             [lints.rust]
             unexpected_cfgs = { level = "warn", check-cfg = ['cfg(linux_kernel)'] }
    = help: or consider adding `println!("cargo::rustc-check-cfg=cfg(linux_kernel)");` to the top of the `build.rs`
    = note: see <https://doc.rust-lang.org/nightly/rustc/check-cfg/cargo-specifics.html> for more information about checking conditional configuration

warning: unexpected `cfg` condition name: `bsd`
   --> /home/runner/work/Root-My-GalaxyA075F-Payloads/Root-My-GalaxyA075F-Payloads/vendor/rustix/src/ioctl/patterns.rs:219:25
    |
219 | #[cfg(any(linux_kernel, bsd))]
    |                         ^^^
    |
    = help: consider using a Cargo feature instead
    = help: or consider adding in `Cargo.toml` the `check-cfg` lint config for the lint:
             [lints.rust]
             unexpected_cfgs = { level = "warn", check-cfg = ['cfg(bsd)'] }
    = help: or consider adding `println!("cargo::rustc-check-cfg=cfg(bsd)");` to the top of the `build.rs`
    = note: see <https://doc.rust-lang.org/nightly/rustc/check-cfg/cargo-specifics.html> for more information about checking conditional configuration

warning: unexpected `cfg` condition name: `linux_kernel`
   --> /home/runner/work/Root-My-GalaxyA075F-Payloads/Root-My-GalaxyA075F-Payloads/vendor/rustix/src/ioctl/patterns.rs:227:11
    |
227 | #[cfg(any(linux_kernel, bsd))]
    |           ^^^^^^^^^^^^
    |
    = help: consider using a Cargo feature instead
    = help: or consider adding in `Cargo.toml` the `check-cfg` lint config for the lint:
             [lints.rust]
             unexpected_cfgs = { level = "warn", check-cfg = ['cfg(linux_kernel)'] }
    = help: or consider adding `println!("cargo::rustc-check-cfg=cfg(linux_kernel)");` to the top of the `build.rs`
    = note: see <https://doc.rust-lang.org/nightly/rustc/check-cfg/cargo-specifics.html> for more information about checking conditional configuration

warning: unexpected `cfg` condition name: `bsd`
   --> /home/runner/work/Root-My-GalaxyA075F-Payloads/Root-My-GalaxyA075F-Payloads/vendor/rustix/src/ioctl/patterns.rs:227:25
    |
227 | #[cfg(any(linux_kernel, bsd))]
    |                         ^^^
    |
    = help: consider using a Cargo feature instead
    = help: or consider adding in `Cargo.toml` the `check-cfg` lint config for the lint:
             [lints.rust]
             unexpected_cfgs = { level = "warn", check-cfg = ['cfg(bsd)'] }
    = help: or consider adding `println!("cargo::rustc-check-cfg=cfg(bsd)");` to the top of the `build.rs`
    = note: see <https://doc.rust-lang.org/nightly/rustc/check-cfg/cargo-specifics.html> for more information about checking conditional configuration

warning: unexpected `cfg` condition name: `linux_kernel`
   --> /home/runner/work/Root-My-GalaxyA075F-Payloads/Root-My-GalaxyA075F-Payloads/vendor/rustix/src/ioctl/patterns.rs:230:11
    |
230 | #[cfg(any(linux_kernel, bsd))]
    |           ^^^^^^^^^^^^
    |
    = help: consider using a Cargo feature instead
    = help: or consider adding in `Cargo.toml` the `check-cfg` lint config for the lint:
             [lints.rust]
             unexpected_cfgs = { level = "warn", check-cfg = ['cfg(linux_kernel)'] }
    = help: or consider adding `println!("cargo::rustc-check-cfg=cfg(linux_kernel)");` to the top of the `build.rs`
    = note: see <https://doc.rust-lang.org/nightly/rustc/check-cfg/cargo-specifics.html> for more information about checking conditional configuration

warning: unexpected `cfg` condition name: `bsd`
   --> /home/runner/work/Root-My-GalaxyA075F-Payloads/Root-My-GalaxyA075F-Payloads/vendor/rustix/src/ioctl/patterns.rs:230:25
    |
230 | #[cfg(any(linux_kernel, bsd))]
    |                         ^^^
    |
    = help: consider using a Cargo feature instead
    = help: or consider adding in `Cargo.toml` the `check-cfg` lint config for the lint:
             [lints.rust]
             unexpected_cfgs = { level = "warn", check-cfg = ['cfg(bsd)'] }
    = help: or consider adding `println!("cargo::rustc-check-cfg=cfg(bsd)");` to the top of the `build.rs`
    = note: see <https://doc.rust-lang.org/nightly/rustc/check-cfg/cargo-specifics.html> for more information about checking conditional configuration

warning: unexpected `cfg` condition name: `linux_kernel`
   --> /home/runner/work/Root-My-GalaxyA075F-Payloads/Root-My-GalaxyA075F-Payloads/vendor/rustix/src/ioctl/patterns.rs:238:11
    |
238 | #[cfg(any(linux_kernel, bsd))]
    |           ^^^^^^^^^^^^
    |
    = help: consider using a Cargo feature instead
    = help: or consider adding in `Cargo.toml` the `check-cfg` lint config for the lint:
             [lints.rust]
             unexpected_cfgs = { level = "warn", check-cfg = ['cfg(linux_kernel)'] }
    = help: or consider adding `println!("cargo::rustc-check-cfg=cfg(linux_kernel)");` to the top of the `build.rs`
    = note: see <https://doc.rust-lang.org/nightly/rustc/check-cfg/cargo-specifics.html> for more information about checking conditional configuration

warning: unexpected `cfg` condition name: `bsd`
   --> /home/runner/work/Root-My-GalaxyA075F-Payloads/Root-My-GalaxyA075F-Payloads/vendor/rustix/src/ioctl/patterns.rs:238:25
    |
238 | #[cfg(any(linux_kernel, bsd))]
    |                         ^^^
    |
    = help: consider using a Cargo feature instead
    = help: or consider adding in `Cargo.toml` the `check-cfg` lint config for the lint:
             [lints.rust]
             unexpected_cfgs = { level = "warn", check-cfg = ['cfg(bsd)'] }
    = help: or consider adding `println!("cargo::rustc-check-cfg=cfg(bsd)");` to the top of the `build.rs`
    = note: see <https://doc.rust-lang.org/nightly/rustc/check-cfg/cargo-specifics.html> for more information about checking conditional configuration

warning: unexpected `cfg` condition name: `linux_kernel`
   --> /home/runner/work/Root-My-GalaxyA075F-Payloads/Root-My-GalaxyA075F-Payloads/vendor/rustix/src/ioctl/patterns.rs:241:11
    |
241 | #[cfg(any(linux_kernel, bsd))]
    |           ^^^^^^^^^^^^
    |
    = help: consider using a Cargo feature instead
    = help: or consider adding in `Cargo.toml` the `check-cfg` lint config for the lint:
             [lints.rust]
             unexpected_cfgs = { level = "warn", check-cfg = ['cfg(linux_kernel)'] }
    = help: or consider adding `println!("cargo::rustc-check-cfg=cfg(linux_kernel)");` to the top of the `build.rs`
    = note: see <https://doc.rust-lang.org/nightly/rustc/check-cfg/cargo-specifics.html> for more information about checking conditional configuration

warning: unexpected `cfg` condition name: `bsd`
   --> /home/runner/work/Root-My-GalaxyA075F-Payloads/Root-My-GalaxyA075F-Payloads/vendor/rustix/src/ioctl/patterns.rs:241:25
    |
241 | #[cfg(any(linux_kernel, bsd))]
    |                         ^^^
    |
    = help: consider using a Cargo feature instead
    = help: or consider adding in `Cargo.toml` the `check-cfg` lint config for the lint:
             [lints.rust]
             unexpected_cfgs = { level = "warn", check-cfg = ['cfg(bsd)'] }
    = help: or consider adding `println!("cargo::rustc-check-cfg=cfg(bsd)");` to the top of the `build.rs`
    = note: see <https://doc.rust-lang.org/nightly/rustc/check-cfg/cargo-specifics.html> for more information about checking conditional configuration

warning: unexpected `cfg` condition name: `linux_kernel`
   --> /home/runner/work/Root-My-GalaxyA075F-Payloads/Root-My-GalaxyA075F-Payloads/vendor/rustix/src/ioctl/patterns.rs:250:11
    |
250 | #[cfg(any(linux_kernel, bsd))]
    |           ^^^^^^^^^^^^
    |
    = help: consider using a Cargo feature instead
    = help: or consider adding in `Cargo.toml` the `check-cfg` lint config for the lint:
             [lints.rust]
             unexpected_cfgs = { level = "warn", check-cfg = ['cfg(linux_kernel)'] }
    = help: or consider adding `println!("cargo::rustc-check-cfg=cfg(linux_kernel)");` to the top of the `build.rs`
    = note: see <https://doc.rust-lang.org/nightly/rustc/check-cfg/cargo-specifics.html> for more information about checking conditional configuration

warning: unexpected `cfg` condition name: `bsd`
   --> /home/runner/work/Root-My-GalaxyA075F-Payloads/Root-My-GalaxyA075F-Payloads/vendor/rustix/src/ioctl/patterns.rs:250:25
    |
250 | #[cfg(any(linux_kernel, bsd))]
    |                         ^^^
    |
    = help: consider using a Cargo feature instead
    = help: or consider adding in `Cargo.toml` the `check-cfg` lint config for the lint:
             [lints.rust]
             unexpected_cfgs = { level = "warn", check-cfg = ['cfg(bsd)'] }
    = help: or consider adding `println!("cargo::rustc-check-cfg=cfg(bsd)");` to the top of the `build.rs`
    = note: see <https://doc.rust-lang.org/nightly/rustc/check-cfg/cargo-specifics.html> for more information about checking conditional configuration

warning: unexpected `cfg` condition name: `linux_kernel`
   --> /home/runner/work/Root-My-GalaxyA075F-Payloads/Root-My-GalaxyA075F-Payloads/vendor/rustix/src/ioctl/patterns.rs:253:11
    |
253 | #[cfg(any(linux_kernel, bsd))]
    |           ^^^^^^^^^^^^
    |
    = help: consider using a Cargo feature instead
    = help: or consider adding in `Cargo.toml` the `check-cfg` lint config for the lint:
             [lints.rust]
             unexpected_cfgs = { level = "warn", check-cfg = ['cfg(linux_kernel)'] }
    = help: or consider adding `println!("cargo::rustc-check-cfg=cfg(linux_kernel)");` to the top of the `build.rs`
    = note: see <https://doc.rust-lang.org/nightly/rustc/check-cfg/cargo-specifics.html> for more information about checking conditional configuration

warning: unexpected `cfg` condition name: `bsd`
   --> /home/runner/work/Root-My-GalaxyA075F-Payloads/Root-My-GalaxyA075F-Payloads/vendor/rustix/src/ioctl/patterns.rs:253:25
    |
253 | #[cfg(any(linux_kernel, bsd))]
    |                         ^^^
    |
    = help: consider using a Cargo feature instead
    = help: or consider adding in `Cargo.toml` the `check-cfg` lint config for the lint:
             [lints.rust]
             unexpected_cfgs = { level = "warn", check-cfg = ['cfg(bsd)'] }
    = help: or consider adding `println!("cargo::rustc-check-cfg=cfg(bsd)");` to the top of the `build.rs`
    = note: see <https://doc.rust-lang.org/nightly/rustc/check-cfg/cargo-specifics.html> for more information about checking conditional configuration

warning: unexpected `cfg` condition name: `linux_kernel`
   --> /home/runner/work/Root-My-GalaxyA075F-Payloads/Root-My-GalaxyA075F-Payloads/vendor/rustix/src/ioctl/mod.rs:212:15
    |
212 |     #[cfg(any(linux_kernel, bsd))]
    |               ^^^^^^^^^^^^
    |
    = help: consider using a Cargo feature instead
    = help: or consider adding in `Cargo.toml` the `check-cfg` lint config for the lint:
             [lints.rust]
             unexpected_cfgs = { level = "warn", check-cfg = ['cfg(linux_kernel)'] }
    = help: or consider adding `println!("cargo::rustc-check-cfg=cfg(linux_kernel)");` to the top of the `build.rs`
    = note: see <https://doc.rust-lang.org/nightly/rustc/check-cfg/cargo-specifics.html> for more information about checking conditional configuration

warning: unexpected `cfg` condition name: `bsd`
   --> /home/runner/work/Root-My-GalaxyA075F-Payloads/Root-My-GalaxyA075F-Payloads/vendor/rustix/src/ioctl/mod.rs:212:29
    |
212 |     #[cfg(any(linux_kernel, bsd))]
    |                             ^^^
    |
    = help: consider using a Cargo feature instead
    = help: or consider adding in `Cargo.toml` the `check-cfg` lint config for the lint:
             [lints.rust]
             unexpected_cfgs = { level = "warn", check-cfg = ['cfg(bsd)'] }
    = help: or consider adding `println!("cargo::rustc-check-cfg=cfg(bsd)");` to the top of the `build.rs`
    = note: see <https://doc.rust-lang.org/nightly/rustc/check-cfg/cargo-specifics.html> for more information about checking conditional configuration

warning: unexpected `cfg` condition name: `linux_kernel`
   --> /home/runner/work/Root-My-GalaxyA075F-Payloads/Root-My-GalaxyA075F-Payloads/vendor/rustix/src/ioctl/mod.rs:237:15
    |
237 |     #[cfg(any(linux_kernel, bsd))]
    |               ^^^^^^^^^^^^
    |
    = help: consider using a Cargo feature instead
    = help: or consider adding in `Cargo.toml` the `check-cfg` lint config for the lint:
             [lints.rust]
             unexpected_cfgs = { level = "warn", check-cfg = ['cfg(linux_kernel)'] }
    = help: or consider adding `println!("cargo::rustc-check-cfg=cfg(linux_kernel)");` to the top of the `build.rs`
    = note: see <https://doc.rust-lang.org/nightly/rustc/check-cfg/cargo-specifics.html> for more information about checking conditional configuration

warning: unexpected `cfg` condition name: `bsd`
   --> /home/runner/work/Root-My-GalaxyA075F-Payloads/Root-My-GalaxyA075F-Payloads/vendor/rustix/src/ioctl/mod.rs:237:29
    |
237 |     #[cfg(any(linux_kernel, bsd))]
    |                             ^^^
    |
    = help: consider using a Cargo feature instead
    = help: or consider adding in `Cargo.toml` the `check-cfg` lint config for the lint:
             [lints.rust]
             unexpected_cfgs = { level = "warn", check-cfg = ['cfg(bsd)'] }
    = help: or consider adding `println!("cargo::rustc-check-cfg=cfg(bsd)");` to the top of the `build.rs`
    = note: see <https://doc.rust-lang.org/nightly/rustc/check-cfg/cargo-specifics.html> for more information about checking conditional configuration

warning: unexpected `cfg` condition name: `linux_kernel`
   --> /home/runner/work/Root-My-GalaxyA075F-Payloads/Root-My-GalaxyA075F-Payloads/vendor/rustix/src/ioctl/mod.rs:247:15
    |
247 |     #[cfg(any(linux_kernel, bsd))]
    |               ^^^^^^^^^^^^
    |
    = help: consider using a Cargo feature instead
    = help: or consider adding in `Cargo.toml` the `check-cfg` lint config for the lint:
             [lints.rust]
             unexpected_cfgs = { level = "warn", check-cfg = ['cfg(linux_kernel)'] }
    = help: or consider adding `println!("cargo::rustc-check-cfg=cfg(linux_kernel)");` to the top of the `build.rs`
    = note: see <https://doc.rust-lang.org/nightly/rustc/check-cfg/cargo-specifics.html> for more information about checking conditional configuration

warning: unexpected `cfg` condition name: `bsd`
   --> /home/runner/work/Root-My-GalaxyA075F-Payloads/Root-My-GalaxyA075F-Payloads/vendor/rustix/src/ioctl/mod.rs:247:29
    |
247 |     #[cfg(any(linux_kernel, bsd))]
    |                             ^^^
    |
    = help: consider using a Cargo feature instead
    = help: or consider adding in `Cargo.toml` the `check-cfg` lint config for the lint:
             [lints.rust]
             unexpected_cfgs = { level = "warn", check-cfg = ['cfg(bsd)'] }
    = help: or consider adding `println!("cargo::rustc-check-cfg=cfg(bsd)");` to the top of the `build.rs`
    = note: see <https://doc.rust-lang.org/nightly/rustc/check-cfg/cargo-specifics.html> for more information about checking conditional configuration

warning: unexpected `cfg` condition name: `linux_kernel`
   --> /home/runner/work/Root-My-GalaxyA075F-Payloads/Root-My-GalaxyA075F-Payloads/vendor/rustix/src/ioctl/mod.rs:257:15
    |
257 |     #[cfg(any(linux_kernel, bsd))]
    |               ^^^^^^^^^^^^
    |
    = help: consider using a Cargo feature instead
    = help: or consider adding in `Cargo.toml` the `check-cfg` lint config for the lint:
             [lints.rust]
             unexpected_cfgs = { level = "warn", check-cfg = ['cfg(linux_kernel)'] }
    = help: or consider adding `println!("cargo::rustc-check-cfg=cfg(linux_kernel)");` to the top of the `build.rs`
    = note: see <https://doc.rust-lang.org/nightly/rustc/check-cfg/cargo-specifics.html> for more information about checking conditional configuration

warning: unexpected `cfg` condition name: `bsd`
   --> /home/runner/work/Root-My-GalaxyA075F-Payloads/Root-My-GalaxyA075F-Payloads/vendor/rustix/src/ioctl/mod.rs:257:29
    |
257 |     #[cfg(any(linux_kernel, bsd))]
    |                             ^^^
    |
    = help: consider using a Cargo feature instead
    = help: or consider adding in `Cargo.toml` the `check-cfg` lint config for the lint:
             [lints.rust]
             unexpected_cfgs = { level = "warn", check-cfg = ['cfg(bsd)'] }
    = help: or consider adding `println!("cargo::rustc-check-cfg=cfg(bsd)");` to the top of the `build.rs`
    = note: see <https://doc.rust-lang.org/nightly/rustc/check-cfg/cargo-specifics.html> for more information about checking conditional configuration

warning: unexpected `cfg` condition name: `linux_kernel`
   --> /home/runner/work/Root-My-GalaxyA075F-Payloads/Root-My-GalaxyA075F-Payloads/vendor/rustix/src/ioctl/mod.rs:267:15
    |
267 |     #[cfg(any(linux_kernel, bsd))]
    |               ^^^^^^^^^^^^
    |
    = help: consider using a Cargo feature instead
    = help: or consider adding in `Cargo.toml` the `check-cfg` lint config for the lint:
             [lints.rust]
             unexpected_cfgs = { level = "warn", check-cfg = ['cfg(linux_kernel)'] }
    = help: or consider adding `println!("cargo::rustc-check-cfg=cfg(linux_kernel)");` to the top of the `build.rs`
    = note: see <https://doc.rust-lang.org/nightly/rustc/check-cfg/cargo-specifics.html> for more information about checking conditional configuration

warning: unexpected `cfg` condition name: `bsd`
   --> /home/runner/work/Root-My-GalaxyA075F-Payloads/Root-My-GalaxyA075F-Payloads/vendor/rustix/src/ioctl/mod.rs:267:29
    |
267 |     #[cfg(any(linux_kernel, bsd))]
    |                             ^^^
    |
    = help: consider using a Cargo feature instead
    = help: or consider adding in `Cargo.toml` the `check-cfg` lint config for the lint:
             [lints.rust]
             unexpected_cfgs = { level = "warn", check-cfg = ['cfg(bsd)'] }
    = help: or consider adding `println!("cargo::rustc-check-cfg=cfg(bsd)");` to the top of the `build.rs`
    = note: see <https://doc.rust-lang.org/nightly/rustc/check-cfg/cargo-specifics.html> for more information about checking conditional configuration

warning: unexpected `cfg` condition name: `linux_kernel`
  --> /home/runner/work/Root-My-GalaxyA075F-Payloads/Root-My-GalaxyA075F-Payloads/vendor/rustix/src/process/mod.rs:14:7
   |
14 | #[cfg(linux_kernel)]
   |       ^^^^^^^^^^^^
   |
   = help: consider using a Cargo feature instead
   = help: or consider adding in `Cargo.toml` the `check-cfg` lint config for the lint:
            [lints.rust]
            unexpected_cfgs = { level = "warn", check-cfg = ['cfg(linux_kernel)'] }
   = help: or consider adding `println!("cargo::rustc-check-cfg=cfg(linux_kernel)");` to the top of the `build.rs`
   = note: see <https://doc.rust-lang.org/nightly/rustc/check-cfg/cargo-specifics.html> for more information about checking conditional configuration

warning: unexpected `cfg` condition name: `linux_kernel`
  --> /home/runner/work/Root-My-GalaxyA075F-Payloads/Root-My-GalaxyA075F-Payloads/vendor/rustix/src/process/mod.rs:16:7
   |
16 | #[cfg(linux_kernel)]
   |       ^^^^^^^^^^^^
   |
   = help: consider using a Cargo feature instead
   = help: or consider adding in `Cargo.toml` the `check-cfg` lint config for the lint:
            [lints.rust]
            unexpected_cfgs = { level = "warn", check-cfg = ['cfg(linux_kernel)'] }
   = help: or consider adding `println!("cargo::rustc-check-cfg=cfg(linux_kernel)");` to the top of the `build.rs`
   = note: see <https://doc.rust-lang.org/nightly/rustc/check-cfg/cargo-specifics.html> for more information about checking conditional configuration

warning: unexpected `cfg` condition name: `linux_kernel`
  --> /home/runner/work/Root-My-GalaxyA075F-Payloads/Root-My-GalaxyA075F-Payloads/vendor/rustix/src/process/mod.rs:18:7
   |
18 | #[cfg(linux_kernel)]
   |       ^^^^^^^^^^^^
   |
   = help: consider using a Cargo feature instead
   = help: or consider adding in `Cargo.toml` the `check-cfg` lint config for the lint:
            [lints.rust]
            unexpected_cfgs = { level = "warn", check-cfg = ['cfg(linux_kernel)'] }
   = help: or consider adding `println!("cargo::rustc-check-cfg=cfg(linux_kernel)");` to the top of the `build.rs`
   = note: see <https://doc.rust-lang.org/nightly/rustc/check-cfg/cargo-specifics.html> for more information about checking conditional configuration

warning: unexpected `cfg` condition name: `linux_kernel`
  --> /home/runner/work/Root-My-GalaxyA075F-Payloads/Root-My-GalaxyA075F-Payloads/vendor/rustix/src/process/mod.rs:20:7
   |
20 | #[cfg(linux_kernel)]
   |       ^^^^^^^^^^^^
   |
   = help: consider using a Cargo feature instead
   = help: or consider adding in `Cargo.toml` the `check-cfg` lint config for the lint:
            [lints.rust]
            unexpected_cfgs = { level = "warn", check-cfg = ['cfg(linux_kernel)'] }
   = help: or consider adding `println!("cargo::rustc-check-cfg=cfg(linux_kernel)");` to the top of the `build.rs`
   = note: see <https://doc.rust-lang.org/nightly/rustc/check-cfg/cargo-specifics.html> for more information about checking conditional configuration

warning: unexpected `cfg` condition name: `freebsdlike`
  --> /home/runner/work/Root-My-GalaxyA075F-Payloads/Root-My-GalaxyA075F-Payloads/vendor/rustix/src/process/mod.rs:25:7
   |
25 | #[cfg(freebsdlike)]
   |       ^^^^^^^^^^^
   |
   = help: consider using a Cargo feature instead
   = help: or consider adding in `Cargo.toml` the `check-cfg` lint config for the lint:
            [lints.rust]
            unexpected_cfgs = { level = "warn", check-cfg = ['cfg(freebsdlike)'] }
   = help: or consider adding `println!("cargo::rustc-check-cfg=cfg(freebsdlike)");` to the top of the `build.rs`
   = note: see <https://doc.rust-lang.org/nightly/rustc/check-cfg/cargo-specifics.html> for more information about checking conditional configuration

warning: unexpected `cfg` condition name: `freebsdlike`
  --> /home/runner/work/Root-My-GalaxyA075F-Payloads/Root-My-GalaxyA075F-Payloads/vendor/rustix/src/process/mod.rs:35:11
   |
35 | #[cfg(any(freebsdlike, linux_kernel, target_os = "fuchsia"))]
   |           ^^^^^^^^^^^
   |
   = help: consider using a Cargo feature instead
   = help: or consider adding in `Cargo.toml` the `check-cfg` lint config for the lint:
            [lints.rust]
            unexpected_cfgs = { level = "warn", check-cfg = ['cfg(freebsdlike)'] }
   = help: or consider adding `println!("cargo::rustc-check-cfg=cfg(freebsdlike)");` to the top of the `build.rs`
   = note: see <https://doc.rust-lang.org/nightly/rustc/check-cfg/cargo-specifics.html> for more information about checking conditional configuration

warning: unexpected `cfg` condition name: `linux_kernel`
  --> /home/runner/work/Root-My-GalaxyA075F-Payloads/Root-My-GalaxyA075F-Payloads/vendor/rustix/src/process/mod.rs:35:24
   |
35 | #[cfg(any(freebsdlike, linux_kernel, target_os = "fuchsia"))]
   |                        ^^^^^^^^^^^^
   |
   = help: consider using a Cargo feature instead
   = help: or consider adding in `Cargo.toml` the `check-cfg` lint config for the lint:
            [lints.rust]
            unexpected_cfgs = { level = "warn", check-cfg = ['cfg(linux_kernel)'] }
   = help: or consider adding `println!("cargo::rustc-check-cfg=cfg(linux_kernel)");` to the top of the `build.rs`
   = note: see <https://doc.rust-lang.org/nightly/rustc/check-cfg/cargo-specifics.html> for more information about checking conditional configuration

warning: unexpected `cfg` condition name: `linux_kernel`
  --> /home/runner/work/Root-My-GalaxyA075F-Payloads/Root-My-GalaxyA075F-Payloads/vendor/rustix/src/process/mod.rs:54:7
   |
54 | #[cfg(linux_kernel)]
   |       ^^^^^^^^^^^^
   |
   = help: consider using a Cargo feature instead
   = help: or consider adding in `Cargo.toml` the `check-cfg` lint config for the lint:
            [lints.rust]
            unexpected_cfgs = { level = "warn", check-cfg = ['cfg(linux_kernel)'] }
   = help: or consider adding `println!("cargo::rustc-check-cfg=cfg(linux_kernel)");` to the top of the `build.rs`
   = note: see <https://doc.rust-lang.org/nightly/rustc/check-cfg/cargo-specifics.html> for more information about checking conditional configuration

warning: unexpected `cfg` condition name: `linux_kernel`
  --> /home/runner/work/Root-My-GalaxyA075F-Payloads/Root-My-GalaxyA075F-Payloads/vendor/rustix/src/process/mod.rs:56:7
   |
56 | #[cfg(linux_kernel)]
   |       ^^^^^^^^^^^^
   |
   = help: consider using a Cargo feature instead
   = help: or consider adding in `Cargo.toml` the `check-cfg` lint config for the lint:
            [lints.rust]
            unexpected_cfgs = { level = "warn", check-cfg = ['cfg(linux_kernel)'] }
   = help: or consider adding `println!("cargo::rustc-check-cfg=cfg(linux_kernel)");` to the top of the `build.rs`
   = note: see <https://doc.rust-lang.org/nightly/rustc/check-cfg/cargo-specifics.html> for more information about checking conditional configuration

warning: unexpected `cfg` condition name: `linux_kernel`
  --> /home/runner/work/Root-My-GalaxyA075F-Payloads/Root-My-GalaxyA075F-Payloads/vendor/rustix/src/process/mod.rs:58:7
   |
58 | #[cfg(linux_kernel)]
   |       ^^^^^^^^^^^^
   |
   = help: consider using a Cargo feature instead
   = help: or consider adding in `Cargo.toml` the `check-cfg` lint config for the lint:
            [lints.rust]
            unexpected_cfgs = { level = "warn", check-cfg = ['cfg(linux_kernel)'] }
   = help: or consider adding `println!("cargo::rustc-check-cfg=cfg(linux_kernel)");` to the top of the `build.rs`
   = note: see <https://doc.rust-lang.org/nightly/rustc/check-cfg/cargo-specifics.html> for more information about checking conditional configuration

warning: unexpected `cfg` condition name: `linux_kernel`
  --> /home/runner/work/Root-My-GalaxyA075F-Payloads/Root-My-GalaxyA075F-Payloads/vendor/rustix/src/process/mod.rs:60:7
   |
60 | #[cfg(linux_kernel)]
   |       ^^^^^^^^^^^^
   |
   = help: consider using a Cargo feature instead
   = help: or consider adding in `Cargo.toml` the `check-cfg` lint config for the lint:
            [lints.rust]
            unexpected_cfgs = { level = "warn", check-cfg = ['cfg(linux_kernel)'] }
   = help: or consider adding `println!("cargo::rustc-check-cfg=cfg(linux_kernel)");` to the top of the `build.rs`
   = note: see <https://doc.rust-lang.org/nightly/rustc/check-cfg/cargo-specifics.html> for more information about checking conditional configuration

warning: unexpected `cfg` condition name: `freebsdlike`
  --> /home/runner/work/Root-My-GalaxyA075F-Payloads/Root-My-GalaxyA075F-Payloads/vendor/rustix/src/process/mod.rs:64:7
   |
64 | #[cfg(freebsdlike)]
   |       ^^^^^^^^^^^
   |
   = help: consider using a Cargo feature instead
   = help: or consider adding in `Cargo.toml` the `check-cfg` lint config for the lint:
            [lints.rust]
            unexpected_cfgs = { level = "warn", check-cfg = ['cfg(freebsdlike)'] }
   = help: or consider adding `println!("cargo::rustc-check-cfg=cfg(freebsdlike)");` to the top of the `build.rs`
   = note: see <https://doc.rust-lang.org/nightly/rustc/check-cfg/cargo-specifics.html> for more information about checking conditional configuration

warning: unexpected `cfg` condition name: `freebsdlike`
  --> /home/runner/work/Root-My-GalaxyA075F-Payloads/Root-My-GalaxyA075F-Payloads/vendor/rustix/src/process/mod.rs:74:11
   |
74 | #[cfg(any(freebsdlike, linux_kernel, target_os = "fuchsia"))]
   |           ^^^^^^^^^^^
   |
   = help: consider using a Cargo feature instead
   = help: or consider adding in `Cargo.toml` the `check-cfg` lint config for the lint:
            [lints.rust]
            unexpected_cfgs = { level = "warn", check-cfg = ['cfg(freebsdlike)'] }
   = help: or consider adding `println!("cargo::rustc-check-cfg=cfg(freebsdlike)");` to the top of the `build.rs`
   = note: see <https://doc.rust-lang.org/nightly/rustc/check-cfg/cargo-specifics.html> for more information about checking conditional configuration

warning: unexpected `cfg` condition name: `linux_kernel`
  --> /home/runner/work/Root-My-GalaxyA075F-Payloads/Root-My-GalaxyA075F-Payloads/vendor/rustix/src/process/mod.rs:74:24
   |
74 | #[cfg(any(freebsdlike, linux_kernel, target_os = "fuchsia"))]
   |                        ^^^^^^^^^^^^
   |
   = help: consider using a Cargo feature instead
   = help: or consider adding in `Cargo.toml` the `check-cfg` lint config for the lint:
            [lints.rust]
            unexpected_cfgs = { level = "warn", check-cfg = ['cfg(linux_kernel)'] }
   = help: or consider adding `println!("cargo::rustc-check-cfg=cfg(linux_kernel)");` to the top of the `build.rs`
   = note: see <https://doc.rust-lang.org/nightly/rustc/check-cfg/cargo-specifics.html> for more information about checking conditional configuration

warning: unexpected `cfg` condition name: `doc_cfg`
  --> /home/runner/work/Root-My-GalaxyA075F-Payloads/Root-My-GalaxyA075F-Payloads/vendor/rustix/src/process/chdir.rs:24:12
   |
24 | #[cfg_attr(doc_cfg, doc(cfg(feature = "fs")))]
   |            ^^^^^^^
   |
   = help: consider using a Cargo feature instead
   = help: or consider adding in `Cargo.toml` the `check-cfg` lint config for the lint:
            [lints.rust]
            unexpected_cfgs = { level = "warn", check-cfg = ['cfg(doc_cfg)'] }
   = help: or consider adding `println!("cargo::rustc-check-cfg=cfg(doc_cfg)");` to the top of the `build.rs`
   = note: see <https://doc.rust-lang.org/nightly/rustc/check-cfg/cargo-specifics.html> for more information about checking conditional configuration

warning: unexpected `cfg` condition name: `doc_cfg`
  --> /home/runner/work/Root-My-GalaxyA075F-Payloads/Root-My-GalaxyA075F-Payloads/vendor/rustix/src/process/chdir.rs:55:12
   |
55 | #[cfg_attr(doc_cfg, doc(cfg(feature = "fs")))]
   |            ^^^^^^^
   |
   = help: consider using a Cargo feature instead
   = help: or consider adding in `Cargo.toml` the `check-cfg` lint config for the lint:
            [lints.rust]
            unexpected_cfgs = { level = "warn", check-cfg = ['cfg(doc_cfg)'] }
   = help: or consider adding `println!("cargo::rustc-check-cfg=cfg(doc_cfg)");` to the top of the `build.rs`
   = note: see <https://doc.rust-lang.org/nightly/rustc/check-cfg/cargo-specifics.html> for more information about checking conditional configuration

warning: unexpected `cfg` condition name: `doc_cfg`
 --> /home/runner/work/Root-My-GalaxyA075F-Payloads/Root-My-GalaxyA075F-Payloads/vendor/rustix/src/process/chroot.rs:2:12
  |
2 | #[cfg_attr(doc_cfg, doc(cfg(feature = "fs")))]
  |            ^^^^^^^
  |
  = help: consider using a Cargo feature instead
  = help: or consider adding in `Cargo.toml` the `check-cfg` lint config for the lint:
           [lints.rust]
           unexpected_cfgs = { level = "warn", check-cfg = ['cfg(doc_cfg)'] }
  = help: or consider adding `println!("cargo::rustc-check-cfg=cfg(doc_cfg)");` to the top of the `build.rs`
  = note: see <https://doc.rust-lang.org/nightly/rustc/check-cfg/cargo-specifics.html> for more information about checking conditional configuration

warning: unexpected `cfg` condition name: `doc_cfg`
  --> /home/runner/work/Root-My-GalaxyA075F-Payloads/Root-My-GalaxyA075F-Payloads/vendor/rustix/src/process/chroot.rs:12:12
   |
12 | #[cfg_attr(doc_cfg, doc(cfg(feature = "fs")))]
   |            ^^^^^^^
   |
   = help: consider using a Cargo feature instead
   = help: or consider adding in `Cargo.toml` the `check-cfg` lint config for the lint:
            [lints.rust]
            unexpected_cfgs = { level = "warn", check-cfg = ['cfg(doc_cfg)'] }
   = help: or consider adding `println!("cargo::rustc-check-cfg=cfg(doc_cfg)");` to the top of the `build.rs`
   = note: see <https://doc.rust-lang.org/nightly/rustc/check-cfg/cargo-specifics.html> for more information about checking conditional configuration

warning: unexpected `cfg` condition name: `linux_kernel`
  --> /home/runner/work/Root-My-GalaxyA075F-Payloads/Root-My-GalaxyA075F-Payloads/vendor/rustix/src/process/id.rs:13:7
   |
13 | #[cfg(linux_kernel)]
   |       ^^^^^^^^^^^^
   |
   = help: consider using a Cargo feature instead
   = help: or consider adding in `Cargo.toml` the `check-cfg` lint config for the lint:
            [lints.rust]
            unexpected_cfgs = { level = "warn", check-cfg = ['cfg(linux_kernel)'] }
   = help: or consider adding `println!("cargo::rustc-check-cfg=cfg(linux_kernel)");` to the top of the `build.rs`
   = note: see <https://doc.rust-lang.org/nightly/rustc/check-cfg/cargo-specifics.html> for more information about checking conditional configuration

warning: unexpected `cfg` condition name: `linux_kernel`
  --> /home/runner/work/Root-My-GalaxyA075F-Payloads/Root-My-GalaxyA075F-Payloads/vendor/rustix/src/process/id.rs:29:7
   |
29 | #[cfg(linux_kernel)]
   |       ^^^^^^^^^^^^
   |
   = help: consider using a Cargo feature instead
   = help: or consider adding in `Cargo.toml` the `check-cfg` lint config for the lint:
            [lints.rust]
            unexpected_cfgs = { level = "warn", check-cfg = ['cfg(linux_kernel)'] }
   = help: or consider adding `println!("cargo::rustc-check-cfg=cfg(linux_kernel)");` to the top of the `build.rs`
   = note: see <https://doc.rust-lang.org/nightly/rustc/check-cfg/cargo-specifics.html> for more information about checking conditional configuration

warning: unexpected `cfg` condition name: `linux_kernel`
  --> /home/runner/work/Root-My-GalaxyA075F-Payloads/Root-My-GalaxyA075F-Payloads/vendor/rustix/src/process/id.rs:34:7
   |
34 | #[cfg(linux_kernel)]
   |       ^^^^^^^^^^^^
   |
   = help: consider using a Cargo feature instead
   = help: or consider adding in `Cargo.toml` the `check-cfg` lint config for the lint:
            [lints.rust]
            unexpected_cfgs = { level = "warn", check-cfg = ['cfg(linux_kernel)'] }
   = help: or consider adding `println!("cargo::rustc-check-cfg=cfg(linux_kernel)");` to the top of the `build.rs`
   = note: see <https://doc.rust-lang.org/nightly/rustc/check-cfg/cargo-specifics.html> for more information about checking conditional configuration

warning: unexpected `cfg` condition name: `linux_kernel`
 --> /home/runner/work/Root-My-GalaxyA075F-Payloads/Root-My-GalaxyA075F-Payloads/vendor/rustix/src/process/membarrier.rs:8:7
  |
8 | #[cfg(linux_kernel)]
  |       ^^^^^^^^^^^^
  |
  = help: consider using a Cargo feature instead
  = help: or consider adding in `Cargo.toml` the `check-cfg` lint config for the lint:
           [lints.rust]
           unexpected_cfgs = { level = "warn", check-cfg = ['cfg(linux_kernel)'] }
  = help: or consider adding `println!("cargo::rustc-check-cfg=cfg(linux_kernel)");` to the top of the `build.rs`
  = note: see <https://doc.rust-lang.org/nightly/rustc/check-cfg/cargo-specifics.html> for more information about checking conditional configuration

warning: unexpected `cfg` condition name: `linux_kernel`
  --> /home/runner/work/Root-My-GalaxyA075F-Payloads/Root-My-GalaxyA075F-Payloads/vendor/rustix/src/process/membarrier.rs:43:7
   |
43 | #[cfg(linux_kernel)]
   |       ^^^^^^^^^^^^
   |
   = help: consider using a Cargo feature instead
   = help: or consider adding in `Cargo.toml` the `check-cfg` lint config for the lint:
            [lints.rust]
            unexpected_cfgs = { level = "warn", check-cfg = ['cfg(linux_kernel)'] }
   = help: or consider adding `println!("cargo::rustc-check-cfg=cfg(linux_kernel)");` to the top of the `build.rs`
   = note: see <https://doc.rust-lang.org/nightly/rustc/check-cfg/cargo-specifics.html> for more information about checking conditional configuration

warning: unexpected `cfg` condition name: `linux_kernel`
 --> /home/runner/work/Root-My-GalaxyA075F-Payloads/Root-My-GalaxyA075F-Payloads/vendor/rustix/src/process/rlimit.rs:1:7
  |
1 | #[cfg(linux_kernel)]
  |       ^^^^^^^^^^^^
  |
  = help: consider using a Cargo feature instead
  = help: or consider adding in `Cargo.toml` the `check-cfg` lint config for the lint:
           [lints.rust]
           unexpected_cfgs = { level = "warn", check-cfg = ['cfg(linux_kernel)'] }
  = help: or consider adding `println!("cargo::rustc-check-cfg=cfg(linux_kernel)");` to the top of the `build.rs`
  = note: see <https://doc.rust-lang.org/nightly/rustc/check-cfg/cargo-specifics.html> for more information about checking conditional configuration

warning: unexpected `cfg` condition name: `linux_kernel`
  --> /home/runner/work/Root-My-GalaxyA075F-Payloads/Root-My-GalaxyA075F-Payloads/vendor/rustix/src/process/rlimit.rs:49:7
   |
49 | #[cfg(linux_kernel)]
   |       ^^^^^^^^^^^^
   |
   = help: consider using a Cargo feature instead
   = help: or consider adding in `Cargo.toml` the `check-cfg` lint config for the lint:
            [lints.rust]
            unexpected_cfgs = { level = "warn", check-cfg = ['cfg(linux_kernel)'] }
   = help: or consider adding `println!("cargo::rustc-check-cfg=cfg(linux_kernel)");` to the top of the `build.rs`
   = note: see <https://doc.rust-lang.org/nightly/rustc/check-cfg/cargo-specifics.html> for more information about checking conditional configuration

warning: unexpected `cfg` condition name: `linux_kernel`
   --> /home/runner/work/Root-My-GalaxyA075F-Payloads/Root-My-GalaxyA075F-Payloads/vendor/rustix/src/process/sched.rs:157:11
    |
157 | #[cfg(any(linux_kernel, target_os = "dragonfly"))]
    |           ^^^^^^^^^^^^
    |
    = help: consider using a Cargo feature instead
    = help: or consider adding in `Cargo.toml` the `check-cfg` lint config for the lint:
             [lints.rust]
             unexpected_cfgs = { level = "warn", check-cfg = ['cfg(linux_kernel)'] }
    = help: or consider adding `println!("cargo::rustc-check-cfg=cfg(linux_kernel)");` to the top of the `build.rs`
    = note: see <https://doc.rust-lang.org/nightly/rustc/check-cfg/cargo-specifics.html> for more information about checking conditional configuration

warning: unexpected `cfg` condition name: `linux_kernel`
  --> /home/runner/work/Root-My-GalaxyA075F-Payloads/Root-My-GalaxyA075F-Payloads/vendor/rustix/src/process/sched.rs:59:11
   |
59 |     #[cfg(linux_kernel)]
   |           ^^^^^^^^^^^^
   |
   = help: consider using a Cargo feature instead
   = help: or consider adding in `Cargo.toml` the `check-cfg` lint config for the lint:
            [lints.rust]
            unexpected_cfgs = { level = "warn", check-cfg = ['cfg(linux_kernel)'] }
   = help: or consider adding `println!("cargo::rustc-check-cfg=cfg(linux_kernel)");` to the top of the `build.rs`
   = note: see <https://doc.rust-lang.org/nightly/rustc/check-cfg/cargo-specifics.html> for more information about checking conditional configuration

warning: unexpected `cfg` condition name: `doc_cfg`
  --> /home/runner/work/Root-My-GalaxyA075F-Payloads/Root-My-GalaxyA075F-Payloads/vendor/rustix/src/process/umask.rs:17:12
   |
17 | #[cfg_attr(doc_cfg, doc(cfg(feature = "fs")))]
   |            ^^^^^^^
   |
   = help: consider using a Cargo feature instead
   = help: or consider adding in `Cargo.toml` the `check-cfg` lint config for the lint:
            [lints.rust]
            unexpected_cfgs = { level = "warn", check-cfg = ['cfg(doc_cfg)'] }
   = help: or consider adding `println!("cargo::rustc-check-cfg=cfg(doc_cfg)");` to the top of the `build.rs`
   = note: see <https://doc.rust-lang.org/nightly/rustc/check-cfg/cargo-specifics.html> for more information about checking conditional configuration

warning: unexpected `cfg` condition name: `linux_kernel`
 --> /home/runner/work/Root-My-GalaxyA075F-Payloads/Root-My-GalaxyA075F-Payloads/vendor/rustix/src/process/wait.rs:5:7
  |
5 | #[cfg(linux_kernel)]
  |       ^^^^^^^^^^^^
  |
  = help: consider using a Cargo feature instead
  = help: or consider adding in `Cargo.toml` the `check-cfg` lint config for the lint:
           [lints.rust]
           unexpected_cfgs = { level = "warn", check-cfg = ['cfg(linux_kernel)'] }
  = help: or consider adding `println!("cargo::rustc-check-cfg=cfg(linux_kernel)");` to the top of the `build.rs`
  = note: see <https://doc.rust-lang.org/nightly/rustc/check-cfg/cargo-specifics.html> for more information about checking conditional configuration

warning: unexpected `cfg` condition name: `linux_raw`
 --> /home/runner/work/Root-My-GalaxyA075F-Payloads/Root-My-GalaxyA075F-Payloads/vendor/rustix/src/process/wait.rs:8:7
  |
8 | #[cfg(linux_raw)]
  |       ^^^^^^^^^
  |
  = help: consider using a Cargo feature instead
  = help: or consider adding in `Cargo.toml` the `check-cfg` lint config for the lint:
           [lints.rust]
           unexpected_cfgs = { level = "warn", check-cfg = ['cfg(linux_raw)'] }
  = help: or consider adding `println!("cargo::rustc-check-cfg=cfg(linux_raw)");` to the top of the `build.rs`
  = note: see <https://doc.rust-lang.org/nightly/rustc/check-cfg/cargo-specifics.html> for more information about checking conditional configuration

warning: unexpected `cfg` condition name: `linux_kernel`
   --> /home/runner/work/Root-My-GalaxyA075F-Payloads/Root-My-GalaxyA075F-Payloads/vendor/rustix/src/process/wait.rs:269:11
    |
269 |     #[cfg(linux_kernel)]
    |           ^^^^^^^^^^^^
    |
    = help: consider using a Cargo feature instead
    = help: or consider adding in `Cargo.toml` the `check-cfg` lint config for the lint:
             [lints.rust]
             unexpected_cfgs = { level = "warn", check-cfg = ['cfg(linux_kernel)'] }
    = help: or consider adding `println!("cargo::rustc-check-cfg=cfg(linux_kernel)");` to the top of the `build.rs`
    = note: see <https://doc.rust-lang.org/nightly/rustc/check-cfg/cargo-specifics.html> for more information about checking conditional configuration

warning: unexpected `cfg` condition name: `linux_kernel`
   --> /home/runner/work/Root-My-GalaxyA075F-Payloads/Root-My-GalaxyA075F-Payloads/vendor/rustix/src/process/wait.rs:275:15
    |
275 |     #[cfg(not(linux_kernel))]
    |               ^^^^^^^^^^^^
    |
    = help: consider using a Cargo feature instead
    = help: or consider adding in `Cargo.toml` the `check-cfg` lint config for the lint:
             [lints.rust]
             unexpected_cfgs = { level = "warn", check-cfg = ['cfg(linux_kernel)'] }
    = help: or consider adding `println!("cargo::rustc-check-cfg=cfg(linux_kernel)");` to the top of the `build.rs`
    = note: see <https://doc.rust-lang.org/nightly/rustc/check-cfg/cargo-specifics.html> for more information about checking conditional configuration

warning: unexpected `cfg` condition name: `linux_raw`
   --> /home/runner/work/Root-My-GalaxyA075F-Payloads/Root-My-GalaxyA075F-Payloads/vendor/rustix/src/process/wait.rs:230:11
    |
230 |     #[cfg(linux_raw)]
    |           ^^^^^^^^^
    |
    = help: consider using a Cargo feature instead
    = help: or consider adding in `Cargo.toml` the `check-cfg` lint config for the lint:
             [lints.rust]
             unexpected_cfgs = { level = "warn", check-cfg = ['cfg(linux_raw)'] }
    = help: or consider adding `println!("cargo::rustc-check-cfg=cfg(linux_raw)");` to the top of the `build.rs`
    = note: see <https://doc.rust-lang.org/nightly/rustc/check-cfg/cargo-specifics.html> for more information about checking conditional configuration

warning: unexpected `cfg` condition name: `linux_raw`
   --> /home/runner/work/Root-My-GalaxyA075F-Payloads/Root-My-GalaxyA075F-Payloads/vendor/rustix/src/process/wait.rs:235:15
    |
235 |     #[cfg(not(linux_raw))]
    |               ^^^^^^^^^
    |
    = help: consider using a Cargo feature instead
    = help: or consider adding in `Cargo.toml` the `check-cfg` lint config for the lint:
             [lints.rust]
             unexpected_cfgs = { level = "warn", check-cfg = ['cfg(linux_raw)'] }
    = help: or consider adding `println!("cargo::rustc-check-cfg=cfg(linux_raw)");` to the top of the `build.rs`
    = note: see <https://doc.rust-lang.org/nightly/rustc/check-cfg/cargo-specifics.html> for more information about checking conditional configuration

warning: unexpected `cfg` condition name: `linux_kernel`
  --> /home/runner/work/Root-My-GalaxyA075F-Payloads/Root-My-GalaxyA075F-Payloads/vendor/rustix/src/system.rs:10:7
   |
10 | #[cfg(linux_kernel)]
   |       ^^^^^^^^^^^^
   |
   = help: consider using a Cargo feature instead
   = help: or consider adding in `Cargo.toml` the `check-cfg` lint config for the lint:
            [lints.rust]
            unexpected_cfgs = { level = "warn", check-cfg = ['cfg(linux_kernel)'] }
   = help: or consider adding `println!("cargo::rustc-check-cfg=cfg(linux_kernel)");` to the top of the `build.rs`
   = note: see <https://doc.rust-lang.org/nightly/rustc/check-cfg/cargo-specifics.html> for more information about checking conditional configuration

warning: unexpected `cfg` condition name: `linux_kernel`
  --> /home/runner/work/Root-My-GalaxyA075F-Payloads/Root-My-GalaxyA075F-Payloads/vendor/rustix/src/system.rs:17:7
   |
17 | #[cfg(linux_kernel)]
   |       ^^^^^^^^^^^^
   |
   = help: consider using a Cargo feature instead
   = help: or consider adding in `Cargo.toml` the `check-cfg` lint config for the lint:
            [lints.rust]
            unexpected_cfgs = { level = "warn", check-cfg = ['cfg(linux_kernel)'] }
   = help: or consider adding `println!("cargo::rustc-check-cfg=cfg(linux_kernel)");` to the top of the `build.rs`
   = note: see <https://doc.rust-lang.org/nightly/rustc/check-cfg/cargo-specifics.html> for more information about checking conditional configuration

warning: unexpected `cfg` condition name: `linux_kernel`
  --> /home/runner/work/Root-My-GalaxyA075F-Payloads/Root-My-GalaxyA075F-Payloads/vendor/rustix/src/system.rs:20:7
   |
20 | #[cfg(linux_kernel)]
   |       ^^^^^^^^^^^^
   |
   = help: consider using a Cargo feature instead
   = help: or consider adding in `Cargo.toml` the `check-cfg` lint config for the lint:
            [lints.rust]
            unexpected_cfgs = { level = "warn", check-cfg = ['cfg(linux_kernel)'] }
   = help: or consider adding `println!("cargo::rustc-check-cfg=cfg(linux_kernel)");` to the top of the `build.rs`
   = note: see <https://doc.rust-lang.org/nightly/rustc/check-cfg/cargo-specifics.html> for more information about checking conditional configuration

warning: unexpected `cfg` condition name: `linux_kernel`
  --> /home/runner/work/Root-My-GalaxyA075F-Payloads/Root-My-GalaxyA075F-Payloads/vendor/rustix/src/system.rs:22:7
   |
22 | #[cfg(linux_kernel)]
   |       ^^^^^^^^^^^^
   |
   = help: consider using a Cargo feature instead
   = help: or consider adding in `Cargo.toml` the `check-cfg` lint config for the lint:
            [lints.rust]
            unexpected_cfgs = { level = "warn", check-cfg = ['cfg(linux_kernel)'] }
   = help: or consider adding `println!("cargo::rustc-check-cfg=cfg(linux_kernel)");` to the top of the `build.rs`
   = note: see <https://doc.rust-lang.org/nightly/rustc/check-cfg/cargo-specifics.html> for more information about checking conditional configuration

warning: unexpected `cfg` condition name: `linux_kernel`
   --> /home/runner/work/Root-My-GalaxyA075F-Payloads/Root-My-GalaxyA075F-Payloads/vendor/rustix/src/system.rs:147:7
    |
147 | #[cfg(linux_kernel)]
    |       ^^^^^^^^^^^^
    |
    = help: consider using a Cargo feature instead
    = help: or consider adding in `Cargo.toml` the `check-cfg` lint config for the lint:
             [lints.rust]
             unexpected_cfgs = { level = "warn", check-cfg = ['cfg(linux_kernel)'] }
    = help: or consider adding `println!("cargo::rustc-check-cfg=cfg(linux_kernel)");` to the top of the `build.rs`
    = note: see <https://doc.rust-lang.org/nightly/rustc/check-cfg/cargo-specifics.html> for more information about checking conditional configuration

warning: unexpected `cfg` condition name: `linux_kernel`
   --> /home/runner/work/Root-My-GalaxyA075F-Payloads/Root-My-GalaxyA075F-Payloads/vendor/rustix/src/system.rs:172:7
    |
172 | #[cfg(linux_kernel)]
    |       ^^^^^^^^^^^^
    |
    = help: consider using a Cargo feature instead
    = help: or consider adding in `Cargo.toml` the `check-cfg` lint config for the lint:
             [lints.rust]
             unexpected_cfgs = { level = "warn", check-cfg = ['cfg(linux_kernel)'] }
    = help: or consider adding `println!("cargo::rustc-check-cfg=cfg(linux_kernel)");` to the top of the `build.rs`
    = note: see <https://doc.rust-lang.org/nightly/rustc/check-cfg/cargo-specifics.html> for more information about checking conditional configuration

warning: unexpected `cfg` condition name: `linux_kernel`
   --> /home/runner/work/Root-My-GalaxyA075F-Payloads/Root-My-GalaxyA075F-Payloads/vendor/rustix/src/system.rs:222:7
    |
222 | #[cfg(linux_kernel)]
    |       ^^^^^^^^^^^^
    |
    = help: consider using a Cargo feature instead
    = help: or consider adding in `Cargo.toml` the `check-cfg` lint config for the lint:
             [lints.rust]
             unexpected_cfgs = { level = "warn", check-cfg = ['cfg(linux_kernel)'] }
    = help: or consider adding `println!("cargo::rustc-check-cfg=cfg(linux_kernel)");` to the top of the `build.rs`
    = note: see <https://doc.rust-lang.org/nightly/rustc/check-cfg/cargo-specifics.html> for more information about checking conditional configuration

warning: unexpected `cfg` condition name: `linux_kernel`
   --> /home/runner/work/Root-My-GalaxyA075F-Payloads/Root-My-GalaxyA075F-Payloads/vendor/rustix/src/system.rs:234:7
    |
234 | #[cfg(linux_kernel)]
    |       ^^^^^^^^^^^^
    |
    = help: consider using a Cargo feature instead
    = help: or consider adding in `Cargo.toml` the `check-cfg` lint config for the lint:
             [lints.rust]
             unexpected_cfgs = { level = "warn", check-cfg = ['cfg(linux_kernel)'] }
    = help: or consider adding `println!("cargo::rustc-check-cfg=cfg(linux_kernel)");` to the top of the `build.rs`
    = note: see <https://doc.rust-lang.org/nightly/rustc/check-cfg/cargo-specifics.html> for more information about checking conditional configuration

warning: unexpected `cfg` condition name: `linux_kernel`
   --> /home/runner/work/Root-My-GalaxyA075F-Payloads/Root-My-GalaxyA075F-Payloads/vendor/rustix/src/system.rs:246:7
    |
246 | #[cfg(linux_kernel)]
    |       ^^^^^^^^^^^^
    |
    = help: consider using a Cargo feature instead
    = help: or consider adding in `Cargo.toml` the `check-cfg` lint config for the lint:
             [lints.rust]
             unexpected_cfgs = { level = "warn", check-cfg = ['cfg(linux_kernel)'] }
    = help: or consider adding `println!("cargo::rustc-check-cfg=cfg(linux_kernel)");` to the top of the `build.rs`
    = note: see <https://doc.rust-lang.org/nightly/rustc/check-cfg/cargo-specifics.html> for more information about checking conditional configuration

warning: unexpected `cfg` condition name: `linux_kernel`
   --> /home/runner/work/Root-My-GalaxyA075F-Payloads/Root-My-GalaxyA075F-Payloads/vendor/rustix/src/system.rs:258:7
    |
258 | #[cfg(linux_kernel)]
    |       ^^^^^^^^^^^^
    |
    = help: consider using a Cargo feature instead
    = help: or consider adding in `Cargo.toml` the `check-cfg` lint config for the lint:
             [lints.rust]
             unexpected_cfgs = { level = "warn", check-cfg = ['cfg(linux_kernel)'] }
    = help: or consider adding `println!("cargo::rustc-check-cfg=cfg(linux_kernel)");` to the top of the `build.rs`
    = note: see <https://doc.rust-lang.org/nightly/rustc/check-cfg/cargo-specifics.html> for more information about checking conditional configuration

warning: unexpected `cfg` condition name: `linux_kernel`
  --> /home/runner/work/Root-My-GalaxyA075F-Payloads/Root-My-GalaxyA075F-Payloads/vendor/rustix/src/system.rs:98:11
   |
98 |     #[cfg(linux_kernel)]
   |           ^^^^^^^^^^^^
   |
   = help: consider using a Cargo feature instead
   = help: or consider adding in `Cargo.toml` the `check-cfg` lint config for the lint:
            [lints.rust]
            unexpected_cfgs = { level = "warn", check-cfg = ['cfg(linux_kernel)'] }
   = help: or consider adding `println!("cargo::rustc-check-cfg=cfg(linux_kernel)");` to the top of the `build.rs`
   = note: see <https://doc.rust-lang.org/nightly/rustc/check-cfg/cargo-specifics.html> for more information about checking conditional configuration

warning: unexpected `cfg` condition name: `linux_kernel`
   --> /home/runner/work/Root-My-GalaxyA075F-Payloads/Root-My-GalaxyA075F-Payloads/vendor/rustix/src/system.rs:113:19
    |
113 |         #[cfg(not(linux_kernel))]
    |                   ^^^^^^^^^^^^
    |
    = help: consider using a Cargo feature instead
    = help: or consider adding in `Cargo.toml` the `check-cfg` lint config for the lint:
             [lints.rust]
             unexpected_cfgs = { level = "warn", check-cfg = ['cfg(linux_kernel)'] }
    = help: or consider adding `println!("cargo::rustc-check-cfg=cfg(linux_kernel)");` to the top of the `build.rs`
    = note: see <https://doc.rust-lang.org/nightly/rustc/check-cfg/cargo-specifics.html> for more information about checking conditional configuration

warning: unexpected `cfg` condition name: `linux_kernel`
   --> /home/runner/work/Root-My-GalaxyA075F-Payloads/Root-My-GalaxyA075F-Payloads/vendor/rustix/src/system.rs:125:15
    |
125 |         #[cfg(linux_kernel)]
    |               ^^^^^^^^^^^^
    |
    = help: consider using a Cargo feature instead
    = help: or consider adding in `Cargo.toml` the `check-cfg` lint config for the lint:
             [lints.rust]
             unexpected_cfgs = { level = "warn", check-cfg = ['cfg(linux_kernel)'] }
    = help: or consider adding `println!("cargo::rustc-check-cfg=cfg(linux_kernel)");` to the top of the `build.rs`
    = note: see <https://doc.rust-lang.org/nightly/rustc/check-cfg/cargo-specifics.html> for more information about checking conditional configuration

warning: unexpected `cfg` condition name: `linux_raw`
  --> /home/runner/work/Root-My-GalaxyA075F-Payloads/Root-My-GalaxyA075F-Payloads/vendor/rustix/src/runtime.rs:30:7
   |
30 | #[cfg(linux_raw)]
   |       ^^^^^^^^^
   |
   = help: consider using a Cargo feature instead
   = help: or consider adding in `Cargo.toml` the `check-cfg` lint config for the lint:
            [lints.rust]
            unexpected_cfgs = { level = "warn", check-cfg = ['cfg(linux_raw)'] }
   = help: or consider adding `println!("cargo::rustc-check-cfg=cfg(linux_raw)");` to the top of the `build.rs`
   = note: see <https://doc.rust-lang.org/nightly/rustc/check-cfg/cargo-specifics.html> for more information about checking conditional configuration

warning: unexpected `cfg` condition name: `linux_raw`
  --> /home/runner/work/Root-My-GalaxyA075F-Payloads/Root-My-GalaxyA075F-Payloads/vendor/rustix/src/runtime.rs:32:7
   |
32 | #[cfg(linux_raw)]
   |       ^^^^^^^^^
   |
   = help: consider using a Cargo feature instead
   = help: or consider adding in `Cargo.toml` the `check-cfg` lint config for the lint:
            [lints.rust]
            unexpected_cfgs = { level = "warn", check-cfg = ['cfg(linux_raw)'] }
   = help: or consider adding `println!("cargo::rustc-check-cfg=cfg(linux_raw)");` to the top of the `build.rs`
   = note: see <https://doc.rust-lang.org/nightly/rustc/check-cfg/cargo-specifics.html> for more information about checking conditional configuration

warning: unexpected `cfg` condition name: `linux_raw`
  --> /home/runner/work/Root-My-GalaxyA075F-Payloads/Root-My-GalaxyA075F-Payloads/vendor/rustix/src/runtime.rs:35:7
   |
35 | #[cfg(linux_raw)]
   |       ^^^^^^^^^
   |
   = help: consider using a Cargo feature instead
   = help: or consider adding in `Cargo.toml` the `check-cfg` lint config for the lint:
            [lints.rust]
            unexpected_cfgs = { level = "warn", check-cfg = ['cfg(linux_raw)'] }
   = help: or consider adding `println!("cargo::rustc-check-cfg=cfg(linux_raw)");` to the top of the `build.rs`
   = note: see <https://doc.rust-lang.org/nightly/rustc/check-cfg/cargo-specifics.html> for more information about checking conditional configuration

warning: unexpected `cfg` condition name: `linux_raw`
  --> /home/runner/work/Root-My-GalaxyA075F-Payloads/Root-My-GalaxyA075F-Payloads/vendor/rustix/src/runtime.rs:37:7
   |
37 | #[cfg(linux_raw)]
   |       ^^^^^^^^^
   |
   = help: consider using a Cargo feature instead
   = help: or consider adding in `Cargo.toml` the `check-cfg` lint config for the lint:
            [lints.rust]
            unexpected_cfgs = { level = "warn", check-cfg = ['cfg(linux_raw)'] }
   = help: or consider adding `println!("cargo::rustc-check-cfg=cfg(linux_raw)");` to the top of the `build.rs`
   = note: see <https://doc.rust-lang.org/nightly/rustc/check-cfg/cargo-specifics.html> for more information about checking conditional configuration

warning: unexpected `cfg` condition name: `linux_raw`
  --> /home/runner/work/Root-My-GalaxyA075F-Payloads/Root-My-GalaxyA075F-Payloads/vendor/rustix/src/runtime.rs:39:7
   |
39 | #[cfg(linux_raw)]
   |       ^^^^^^^^^
   |
   = help: consider using a Cargo feature instead
   = help: or consider adding in `Cargo.toml` the `check-cfg` lint config for the lint:
            [lints.rust]
            unexpected_cfgs = { level = "warn", check-cfg = ['cfg(linux_raw)'] }
   = help: or consider adding `println!("cargo::rustc-check-cfg=cfg(linux_raw)");` to the top of the `build.rs`
   = note: see <https://doc.rust-lang.org/nightly/rustc/check-cfg/cargo-specifics.html> for more information about checking conditional configuration

warning: unexpected `cfg` condition name: `linux_raw`
  --> /home/runner/work/Root-My-GalaxyA075F-Payloads/Root-My-GalaxyA075F-Payloads/vendor/rustix/src/runtime.rs:42:7
   |
42 | #[cfg(linux_raw)]
   |       ^^^^^^^^^
   |
   = help: consider using a Cargo feature instead
   = help: or consider adding in `Cargo.toml` the `check-cfg` lint config for the lint:
            [lints.rust]
            unexpected_cfgs = { level = "warn", check-cfg = ['cfg(linux_raw)'] }
   = help: or consider adding `println!("cargo::rustc-check-cfg=cfg(linux_raw)");` to the top of the `build.rs`
   = note: see <https://doc.rust-lang.org/nightly/rustc/check-cfg/cargo-specifics.html> for more information about checking conditional configuration

warning: unexpected `cfg` condition name: `linux_raw`
  --> /home/runner/work/Root-My-GalaxyA075F-Payloads/Root-My-GalaxyA075F-Payloads/vendor/rustix/src/runtime.rs:45:7
   |
45 | #[cfg(linux_raw)]
   |       ^^^^^^^^^
   |
   = help: consider using a Cargo feature instead
   = help: or consider adding in `Cargo.toml` the `check-cfg` lint config for the lint:
            [lints.rust]
            unexpected_cfgs = { level = "warn", check-cfg = ['cfg(linux_raw)'] }
   = help: or consider adding `println!("cargo::rustc-check-cfg=cfg(linux_raw)");` to the top of the `build.rs`
   = note: see <https://doc.rust-lang.org/nightly/rustc/check-cfg/cargo-specifics.html> for more information about checking conditional configuration

warning: unexpected `cfg` condition name: `linux_raw`
  --> /home/runner/work/Root-My-GalaxyA075F-Payloads/Root-My-GalaxyA075F-Payloads/vendor/rustix/src/runtime.rs:49:7
   |
49 | #[cfg(linux_raw)]
   |       ^^^^^^^^^
   |
   = help: consider using a Cargo feature instead
   = help: or consider adding in `Cargo.toml` the `check-cfg` lint config for the lint:
            [lints.rust]
            unexpected_cfgs = { level = "warn", check-cfg = ['cfg(linux_raw)'] }
   = help: or consider adding `println!("cargo::rustc-check-cfg=cfg(linux_raw)");` to the top of the `build.rs`
   = note: see <https://doc.rust-lang.org/nightly/rustc/check-cfg/cargo-specifics.html> for more information about checking conditional configuration

warning: unexpected `cfg` condition name: `linux_raw`
  --> /home/runner/work/Root-My-GalaxyA075F-Payloads/Root-My-GalaxyA075F-Payloads/vendor/rustix/src/runtime.rs:53:7
   |
53 | #[cfg(linux_raw)]
   |       ^^^^^^^^^
   |
   = help: consider using a Cargo feature instead
   = help: or consider adding in `Cargo.toml` the `check-cfg` lint config for the lint:
            [lints.rust]
            unexpected_cfgs = { level = "warn", check-cfg = ['cfg(linux_raw)'] }
   = help: or consider adding `println!("cargo::rustc-check-cfg=cfg(linux_raw)");` to the top of the `build.rs`
   = note: see <https://doc.rust-lang.org/nightly/rustc/check-cfg/cargo-specifics.html> for more information about checking conditional configuration

warning: unexpected `cfg` condition name: `linux_raw`
  --> /home/runner/work/Root-My-GalaxyA075F-Payloads/Root-My-GalaxyA075F-Payloads/vendor/rustix/src/runtime.rs:57:7
   |
57 | #[cfg(linux_raw)]
   |       ^^^^^^^^^
   |
   = help: consider using a Cargo feature instead
   = help: or consider adding in `Cargo.toml` the `check-cfg` lint config for the lint:
            [lints.rust]
            unexpected_cfgs = { level = "warn", check-cfg = ['cfg(linux_raw)'] }
   = help: or consider adding `println!("cargo::rustc-check-cfg=cfg(linux_raw)");` to the top of the `build.rs`
   = note: see <https://doc.rust-lang.org/nightly/rustc/check-cfg/cargo-specifics.html> for more information about checking conditional configuration

warning: unexpected `cfg` condition name: `linux_raw`
  --> /home/runner/work/Root-My-GalaxyA075F-Payloads/Root-My-GalaxyA075F-Payloads/vendor/rustix/src/runtime.rs:61:7
   |
61 | #[cfg(linux_raw)]
   |       ^^^^^^^^^
   |
   = help: consider using a Cargo feature instead
   = help: or consider adding in `Cargo.toml` the `check-cfg` lint config for the lint:
            [lints.rust]
            unexpected_cfgs = { level = "warn", check-cfg = ['cfg(linux_raw)'] }
   = help: or consider adding `println!("cargo::rustc-check-cfg=cfg(linux_raw)");` to the top of the `build.rs`
   = note: see <https://doc.rust-lang.org/nightly/rustc/check-cfg/cargo-specifics.html> for more information about checking conditional configuration

warning: unexpected `cfg` condition name: `linux_raw`
  --> /home/runner/work/Root-My-GalaxyA075F-Payloads/Root-My-GalaxyA075F-Payloads/vendor/rustix/src/runtime.rs:67:7
   |
67 | #[cfg(linux_raw)]
   |       ^^^^^^^^^
   |
   = help: consider using a Cargo feature instead
   = help: or consider adding in `Cargo.toml` the `check-cfg` lint config for the lint:
            [lints.rust]
            unexpected_cfgs = { level = "warn", check-cfg = ['cfg(linux_raw)'] }
   = help: or consider adding `println!("cargo::rustc-check-cfg=cfg(linux_raw)");` to the top of the `build.rs`
   = note: see <https://doc.rust-lang.org/nightly/rustc/check-cfg/cargo-specifics.html> for more information about checking conditional configuration

warning: unexpected `cfg` condition name: `linux_raw`
   --> /home/runner/work/Root-My-GalaxyA075F-Payloads/Root-My-GalaxyA075F-Payloads/vendor/rustix/src/runtime.rs:115:7
    |
115 | #[cfg(linux_raw)]
    |       ^^^^^^^^^
    |
    = help: consider using a Cargo feature instead
    = help: or consider adding in `Cargo.toml` the `check-cfg` lint config for the lint:
             [lints.rust]
             unexpected_cfgs = { level = "warn", check-cfg = ['cfg(linux_raw)'] }
    = help: or consider adding `println!("cargo::rustc-check-cfg=cfg(linux_raw)");` to the top of the `build.rs`
    = note: see <https://doc.rust-lang.org/nightly/rustc/check-cfg/cargo-specifics.html> for more information about checking conditional configuration

warning: unexpected `cfg` condition name: `linux_raw`
   --> /home/runner/work/Root-My-GalaxyA075F-Payloads/Root-My-GalaxyA075F-Payloads/vendor/rustix/src/runtime.rs:229:7
    |
229 | #[cfg(linux_raw)]
    |       ^^^^^^^^^
    |
    = help: consider using a Cargo feature instead
    = help: or consider adding in `Cargo.toml` the `check-cfg` lint config for the lint:
             [lints.rust]
             unexpected_cfgs = { level = "warn", check-cfg = ['cfg(linux_raw)'] }
    = help: or consider adding `println!("cargo::rustc-check-cfg=cfg(linux_raw)");` to the top of the `build.rs`
    = note: see <https://doc.rust-lang.org/nightly/rustc/check-cfg/cargo-specifics.html> for more information about checking conditional configuration

warning: unexpected `cfg` condition name: `doc_cfg`
   --> /home/runner/work/Root-My-GalaxyA075F-Payloads/Root-My-GalaxyA075F-Payloads/vendor/rustix/src/runtime.rs:341:12
    |
341 | #[cfg_attr(doc_cfg, doc(cfg(feature = "fs")))]
    |            ^^^^^^^
    |
    = help: consider using a Cargo feature instead
    = help: or consider adding in `Cargo.toml` the `check-cfg` lint config for the lint:
             [lints.rust]
             unexpected_cfgs = { level = "warn", check-cfg = ['cfg(doc_cfg)'] }
    = help: or consider adding `println!("cargo::rustc-check-cfg=cfg(doc_cfg)");` to the top of the `build.rs`
    = note: see <https://doc.rust-lang.org/nightly/rustc/check-cfg/cargo-specifics.html> for more information about checking conditional configuration

warning: unexpected `cfg` condition name: `linux_raw`
   --> /home/runner/work/Root-My-GalaxyA075F-Payloads/Root-My-GalaxyA075F-Payloads/vendor/rustix/src/runtime.rs:531:5
    |
531 |     linux_raw,
    |     ^^^^^^^^^
    |
    = help: consider using a Cargo feature instead
    = help: or consider adding in `Cargo.toml` the `check-cfg` lint config for the lint:
             [lints.rust]
             unexpected_cfgs = { level = "warn", check-cfg = ['cfg(linux_raw)'] }
    = help: or consider adding `println!("cargo::rustc-check-cfg=cfg(linux_raw)");` to the top of the `build.rs`
    = note: see <https://doc.rust-lang.org/nightly/rustc/check-cfg/cargo-specifics.html> for more information about checking conditional configuration

warning: unexpected `cfg` condition name: `linux_raw`
   --> /home/runner/work/Root-My-GalaxyA075F-Payloads/Root-My-GalaxyA075F-Payloads/vendor/rustix/src/runtime.rs:549:7
    |
549 | #[cfg(linux_raw)]
    |       ^^^^^^^^^
    |
    = help: consider using a Cargo feature instead
    = help: or consider adding in `Cargo.toml` the `check-cfg` lint config for the lint:
             [lints.rust]
             unexpected_cfgs = { level = "warn", check-cfg = ['cfg(linux_raw)'] }
    = help: or consider adding `println!("cargo::rustc-check-cfg=cfg(linux_raw)");` to the top of the `build.rs`
    = note: see <https://doc.rust-lang.org/nightly/rustc/check-cfg/cargo-specifics.html> for more information about checking conditional configuration

warning: unexpected `cfg` condition name: `linux_raw`
   --> /home/runner/work/Root-My-GalaxyA075F-Payloads/Root-My-GalaxyA075F-Payloads/vendor/rustix/src/runtime.rs:560:7
    |
560 | #[cfg(linux_raw)]
    |       ^^^^^^^^^
    |
    = help: consider using a Cargo feature instead
    = help: or consider adding in `Cargo.toml` the `check-cfg` lint config for the lint:
             [lints.rust]
             unexpected_cfgs = { level = "warn", check-cfg = ['cfg(linux_raw)'] }
    = help: or consider adding `println!("cargo::rustc-check-cfg=cfg(linux_raw)");` to the top of the `build.rs`
    = note: see <https://doc.rust-lang.org/nightly/rustc/check-cfg/cargo-specifics.html> for more information about checking conditional configuration

warning: unexpected `cfg` condition name: `linux_raw`
   --> /home/runner/work/Root-My-GalaxyA075F-Payloads/Root-My-GalaxyA075F-Payloads/vendor/rustix/src/runtime.rs:568:7
    |
568 | #[cfg(linux_raw)]
    |       ^^^^^^^^^
    |
    = help: consider using a Cargo feature instead
    = help: or consider adding in `Cargo.toml` the `check-cfg` lint config for the lint:
             [lints.rust]
             unexpected_cfgs = { level = "warn", check-cfg = ['cfg(linux_raw)'] }
    = help: or consider adding `println!("cargo::rustc-check-cfg=cfg(linux_raw)");` to the top of the `build.rs`
    = note: see <https://doc.rust-lang.org/nightly/rustc/check-cfg/cargo-specifics.html> for more information about checking conditional configuration

warning: unexpected `cfg` condition name: `bsd`
  --> /home/runner/work/Root-My-GalaxyA075F-Payloads/Root-My-GalaxyA075F-Payloads/vendor/rustix/src/signal.rs:49:9
   |
49 |         bsd,
   |         ^^^
   |
   = help: consider using a Cargo feature instead
   = help: or consider adding in `Cargo.toml` the `check-cfg` lint config for the lint:
            [lints.rust]
            unexpected_cfgs = { level = "warn", check-cfg = ['cfg(bsd)'] }
   = help: or consider adding `println!("cargo::rustc-check-cfg=cfg(bsd)");` to the top of the `build.rs`
   = note: see <https://doc.rust-lang.org/nightly/rustc/check-cfg/cargo-specifics.html> for more information about checking conditional configuration

warning: unexpected `cfg` condition name: `solarish`
  --> /home/runner/work/Root-My-GalaxyA075F-Payloads/Root-My-GalaxyA075F-Payloads/vendor/rustix/src/signal.rs:50:9
   |
50 |         solarish,
   |         ^^^^^^^^
   |
   = help: consider using a Cargo feature instead
   = help: or consider adding in `Cargo.toml` the `check-cfg` lint config for the lint:
            [lints.rust]
            unexpected_cfgs = { level = "warn", check-cfg = ['cfg(solarish)'] }
   = help: or consider adding `println!("cargo::rustc-check-cfg=cfg(solarish)");` to the top of the `build.rs`
   = note: see <https://doc.rust-lang.org/nightly/rustc/check-cfg/cargo-specifics.html> for more information about checking conditional configuration

warning: unexpected `cfg` condition name: `linux_kernel`
  --> /home/runner/work/Root-My-GalaxyA075F-Payloads/Root-My-GalaxyA075F-Payloads/vendor/rustix/src/signal.rs:57:13
   |
57 |             linux_kernel,
   |             ^^^^^^^^^^^^
   |
   = help: consider using a Cargo feature instead
   = help: or consider adding in `Cargo.toml` the `check-cfg` lint config for the lint:
            [lints.rust]
            unexpected_cfgs = { level = "warn", check-cfg = ['cfg(linux_kernel)'] }
   = help: or consider adding `println!("cargo::rustc-check-cfg=cfg(linux_kernel)");` to the top of the `build.rs`
   = note: see <https://doc.rust-lang.org/nightly/rustc/check-cfg/cargo-specifics.html> for more information about checking conditional configuration

warning: unexpected `cfg` condition name: `bsd`
   --> /home/runner/work/Root-My-GalaxyA075F-Payloads/Root-My-GalaxyA075F-Payloads/vendor/rustix/src/signal.rs:112:19
    |
112 |     #[cfg(not(any(bsd, target_os = "haiku", target_os = "hurd", target_os = "vita")))]
    |                   ^^^
    |
    = help: consider using a Cargo feature instead
    = help: or consider adding in `Cargo.toml` the `check-cfg` lint config for the lint:
             [lints.rust]
             unexpected_cfgs = { level = "warn", check-cfg = ['cfg(bsd)'] }
    = help: or consider adding `println!("cargo::rustc-check-cfg=cfg(bsd)");` to the top of the `build.rs`
    = note: see <https://doc.rust-lang.org/nightly/rustc/check-cfg/cargo-specifics.html> for more information about checking conditional configuration

warning: unexpected `cfg` condition name: `bsd`
   --> /home/runner/work/Root-My-GalaxyA075F-Payloads/Root-My-GalaxyA075F-Payloads/vendor/rustix/src/signal.rs:120:9
    |
120 |         bsd,
    |         ^^^
    |
    = help: consider using a Cargo feature instead
    = help: or consider adding in `Cargo.toml` the `check-cfg` lint config for the lint:
             [lints.rust]
             unexpected_cfgs = { level = "warn", check-cfg = ['cfg(bsd)'] }
    = help: or consider adding `println!("cargo::rustc-check-cfg=cfg(bsd)");` to the top of the `build.rs`
    = note: see <https://doc.rust-lang.org/nightly/rustc/check-cfg/cargo-specifics.html> for more information about checking conditional configuration

warning: unexpected `cfg` condition name: `solarish`
   --> /home/runner/work/Root-My-GalaxyA075F-Payloads/Root-My-GalaxyA075F-Payloads/vendor/rustix/src/signal.rs:121:9
    |
121 |         solarish,
    |         ^^^^^^^^
    |
    = help: consider using a Cargo feature instead
    = help: or consider adding in `Cargo.toml` the `check-cfg` lint config for the lint:
             [lints.rust]
             unexpected_cfgs = { level = "warn", check-cfg = ['cfg(solarish)'] }
    = help: or consider adding `println!("cargo::rustc-check-cfg=cfg(solarish)");` to the top of the `build.rs`
    = note: see <https://doc.rust-lang.org/nightly/rustc/check-cfg/cargo-specifics.html> for more information about checking conditional configuration

warning: unexpected `cfg` condition name: `linux_kernel`
   --> /home/runner/work/Root-My-GalaxyA075F-Payloads/Root-My-GalaxyA075F-Payloads/vendor/rustix/src/signal.rs:125:13
    |
125 |             linux_kernel,
    |             ^^^^^^^^^^^^
    |
    = help: consider using a Cargo feature instead
    = help: or consider adding in `Cargo.toml` the `check-cfg` lint config for the lint:
             [lints.rust]
             unexpected_cfgs = { level = "warn", check-cfg = ['cfg(linux_kernel)'] }
    = help: or consider adding `println!("cargo::rustc-check-cfg=cfg(linux_kernel)");` to the top of the `build.rs`
    = note: see <https://doc.rust-lang.org/nightly/rustc/check-cfg/cargo-specifics.html> for more information about checking conditional configuration

warning: unexpected `cfg` condition name: `bsd`
   --> /home/runner/work/Root-My-GalaxyA075F-Payloads/Root-My-GalaxyA075F-Payloads/vendor/rustix/src/signal.rs:138:11
    |
138 |     #[cfg(bsd)]
    |           ^^^
    |
    = help: consider using a Cargo feature instead
    = help: or consider adding in `Cargo.toml` the `check-cfg` lint config for the lint:
             [lints.rust]
             unexpected_cfgs = { level = "warn", check-cfg = ['cfg(bsd)'] }
    = help: or consider adding `println!("cargo::rustc-check-cfg=cfg(bsd)");` to the top of the `build.rs`
    = note: see <https://doc.rust-lang.org/nightly/rustc/check-cfg/cargo-specifics.html> for more information about checking conditional configuration

warning: unexpected `cfg` condition name: `bsd`
   --> /home/runner/work/Root-My-GalaxyA075F-Payloads/Root-My-GalaxyA075F-Payloads/vendor/rustix/src/signal.rs:171:17
    |
171 |                 bsd,
    |                 ^^^
    |
    = help: consider using a Cargo feature instead
    = help: or consider adding in `Cargo.toml` the `check-cfg` lint config for the lint:
             [lints.rust]
             unexpected_cfgs = { level = "warn", check-cfg = ['cfg(bsd)'] }
    = help: or consider adding `println!("cargo::rustc-check-cfg=cfg(bsd)");` to the top of the `build.rs`
    = note: see <https://doc.rust-lang.org/nightly/rustc/check-cfg/cargo-specifics.html> for more information about checking conditional configuration

warning: unexpected `cfg` condition name: `solarish`
   --> /home/runner/work/Root-My-GalaxyA075F-Payloads/Root-My-GalaxyA075F-Payloads/vendor/rustix/src/signal.rs:172:17
    |
172 |                 solarish,
    |                 ^^^^^^^^
    |
    = help: consider using a Cargo feature instead
    = help: or consider adding in `Cargo.toml` the `check-cfg` lint config for the lint:
             [lints.rust]
             unexpected_cfgs = { level = "warn", check-cfg = ['cfg(solarish)'] }
    = help: or consider adding `println!("cargo::rustc-check-cfg=cfg(solarish)");` to the top of the `build.rs`
    = note: see <https://doc.rust-lang.org/nightly/rustc/check-cfg/cargo-specifics.html> for more information about checking conditional configuration

warning: unexpected `cfg` condition name: `linux_kernel`
   --> /home/runner/work/Root-My-GalaxyA075F-Payloads/Root-My-GalaxyA075F-Payloads/vendor/rustix/src/signal.rs:179:21
    |
179 |                     linux_kernel,
    |                     ^^^^^^^^^^^^
    |
    = help: consider using a Cargo feature instead
    = help: or consider adding in `Cargo.toml` the `check-cfg` lint config for the lint:
             [lints.rust]
             unexpected_cfgs = { level = "warn", check-cfg = ['cfg(linux_kernel)'] }
    = help: or consider adding `println!("cargo::rustc-check-cfg=cfg(linux_kernel)");` to the top of the `build.rs`
    = note: see <https://doc.rust-lang.org/nightly/rustc/check-cfg/cargo-specifics.html> for more information about checking conditional configuration

warning: unexpected `cfg` condition name: `bsd`
   --> /home/runner/work/Root-My-GalaxyA075F-Payloads/Root-My-GalaxyA075F-Payloads/vendor/rustix/src/signal.rs:217:27
    |
217 |             #[cfg(not(any(bsd, target_os = "haiku", target_os = "hurd", target_os = "vita")))]
    |                           ^^^
    |
    = help: consider using a Cargo feature instead
    = help: or consider adding in `Cargo.toml` the `check-cfg` lint config for the lint:
             [lints.rust]
             unexpected_cfgs = { level = "warn", check-cfg = ['cfg(bsd)'] }
    = help: or consider adding `println!("cargo::rustc-check-cfg=cfg(bsd)");` to the top of the `build.rs`
    = note: see <https://doc.rust-lang.org/nightly/rustc/check-cfg/cargo-specifics.html> for more information about checking conditional configuration

warning: unexpected `cfg` condition name: `bsd`
   --> /home/runner/work/Root-My-GalaxyA075F-Payloads/Root-My-GalaxyA075F-Payloads/vendor/rustix/src/signal.rs:221:17
    |
221 |                 bsd,
    |                 ^^^
    |
    = help: consider using a Cargo feature instead
    = help: or consider adding in `Cargo.toml` the `check-cfg` lint config for the lint:
             [lints.rust]
             unexpected_cfgs = { level = "warn", check-cfg = ['cfg(bsd)'] }
    = help: or consider adding `println!("cargo::rustc-check-cfg=cfg(bsd)");` to the top of the `build.rs`
    = note: see <https://doc.rust-lang.org/nightly/rustc/check-cfg/cargo-specifics.html> for more information about checking conditional configuration

warning: unexpected `cfg` condition name: `solarish`
   --> /home/runner/work/Root-My-GalaxyA075F-Payloads/Root-My-GalaxyA075F-Payloads/vendor/rustix/src/signal.rs:222:17
    |
222 |                 solarish,
    |                 ^^^^^^^^
    |
    = help: consider using a Cargo feature instead
    = help: or consider adding in `Cargo.toml` the `check-cfg` lint config for the lint:
             [lints.rust]
             unexpected_cfgs = { level = "warn", check-cfg = ['cfg(solarish)'] }
    = help: or consider adding `println!("cargo::rustc-check-cfg=cfg(solarish)");` to the top of the `build.rs`
    = note: see <https://doc.rust-lang.org/nightly/rustc/check-cfg/cargo-specifics.html> for more information about checking conditional configuration

warning: unexpected `cfg` condition name: `linux_kernel`
   --> /home/runner/work/Root-My-GalaxyA075F-Payloads/Root-My-GalaxyA075F-Payloads/vendor/rustix/src/signal.rs:226:21
    |
226 |                     linux_kernel,
    |                     ^^^^^^^^^^^^
    |
    = help: consider using a Cargo feature instead
    = help: or consider adding in `Cargo.toml` the `check-cfg` lint config for the lint:
             [lints.rust]
             unexpected_cfgs = { level = "warn", check-cfg = ['cfg(linux_kernel)'] }
    = help: or consider adding `println!("cargo::rustc-check-cfg=cfg(linux_kernel)");` to the top of the `build.rs`
    = note: see <https://doc.rust-lang.org/nightly/rustc/check-cfg/cargo-specifics.html> for more information about checking conditional configuration

warning: unexpected `cfg` condition name: `bsd`
   --> /home/runner/work/Root-My-GalaxyA075F-Payloads/Root-My-GalaxyA075F-Payloads/vendor/rustix/src/signal.rs:238:19
    |
238 |             #[cfg(bsd)]
    |                   ^^^
    |
    = help: consider using a Cargo feature instead
    = help: or consider adding in `Cargo.toml` the `check-cfg` lint config for the lint:
             [lints.rust]
             unexpected_cfgs = { level = "warn", check-cfg = ['cfg(bsd)'] }
    = help: or consider adding `println!("cargo::rustc-check-cfg=cfg(bsd)");` to the top of the `build.rs`
    = note: see <https://doc.rust-lang.org/nightly/rustc/check-cfg/cargo-specifics.html> for more information about checking conditional configuration

warning: unexpected `cfg` condition name: `fix_y2038`
 --> /home/runner/work/Root-My-GalaxyA075F-Payloads/Root-My-GalaxyA075F-Payloads/vendor/rustix/src/timespec.rs:4:11
  |
4 | #[cfg(not(fix_y2038))]
  |           ^^^^^^^^^
  |
  = help: consider using a Cargo feature instead
  = help: or consider adding in `Cargo.toml` the `check-cfg` lint config for the lint:
           [lints.rust]
           unexpected_cfgs = { level = "warn", check-cfg = ['cfg(fix_y2038)'] }
  = help: or consider adding `println!("cargo::rustc-check-cfg=cfg(fix_y2038)");` to the top of the `build.rs`
  = note: see <https://doc.rust-lang.org/nightly/rustc/check-cfg/cargo-specifics.html> for more information about checking conditional configuration

warning: unexpected `cfg` condition name: `fix_y2038`
 --> /home/runner/work/Root-My-GalaxyA075F-Payloads/Root-My-GalaxyA075F-Payloads/vendor/rustix/src/timespec.rs:8:11
  |
8 | #[cfg(not(fix_y2038))]
  |           ^^^^^^^^^
  |
  = help: consider using a Cargo feature instead
  = help: or consider adding in `Cargo.toml` the `check-cfg` lint config for the lint:
           [lints.rust]
           unexpected_cfgs = { level = "warn", check-cfg = ['cfg(fix_y2038)'] }
  = help: or consider adding `println!("cargo::rustc-check-cfg=cfg(fix_y2038)");` to the top of the `build.rs`
  = note: see <https://doc.rust-lang.org/nightly/rustc/check-cfg/cargo-specifics.html> for more information about checking conditional configuration

warning: unexpected `cfg` condition name: `fix_y2038`
  --> /home/runner/work/Root-My-GalaxyA075F-Payloads/Root-My-GalaxyA075F-Payloads/vendor/rustix/src/timespec.rs:12:7
   |
12 | #[cfg(fix_y2038)]
   |       ^^^^^^^^^
   |
   = help: consider using a Cargo feature instead
   = help: or consider adding in `Cargo.toml` the `check-cfg` lint config for the lint:
            [lints.rust]
            unexpected_cfgs = { level = "warn", check-cfg = ['cfg(fix_y2038)'] }
   = help: or consider adding `println!("cargo::rustc-check-cfg=cfg(fix_y2038)");` to the top of the `build.rs`
   = note: see <https://doc.rust-lang.org/nightly/rustc/check-cfg/cargo-specifics.html> for more information about checking conditional configuration

warning: unexpected `cfg` condition name: `fix_y2038`
  --> /home/runner/work/Root-My-GalaxyA075F-Payloads/Root-My-GalaxyA075F-Payloads/vendor/rustix/src/timespec.rs:24:11
   |
24 | #[cfg(not(fix_y2038))]
   |           ^^^^^^^^^
   |
   = help: consider using a Cargo feature instead
   = help: or consider adding in `Cargo.toml` the `check-cfg` lint config for the lint:
            [lints.rust]
            unexpected_cfgs = { level = "warn", check-cfg = ['cfg(fix_y2038)'] }
   = help: or consider adding `println!("cargo::rustc-check-cfg=cfg(fix_y2038)");` to the top of the `build.rs`
   = note: see <https://doc.rust-lang.org/nightly/rustc/check-cfg/cargo-specifics.html> for more information about checking conditional configuration

warning: unexpected `cfg` condition name: `fix_y2038`
  --> /home/runner/work/Root-My-GalaxyA075F-Payloads/Root-My-GalaxyA075F-Payloads/vendor/rustix/src/timespec.rs:29:7
   |
29 | #[cfg(fix_y2038)]
   |       ^^^^^^^^^
   |
   = help: consider using a Cargo feature instead
   = help: or consider adding in `Cargo.toml` the `check-cfg` lint config for the lint:
            [lints.rust]
            unexpected_cfgs = { level = "warn", check-cfg = ['cfg(fix_y2038)'] }
   = help: or consider adding `println!("cargo::rustc-check-cfg=cfg(fix_y2038)");` to the top of the `build.rs`
   = note: see <https://doc.rust-lang.org/nightly/rustc/check-cfg/cargo-specifics.html> for more information about checking conditional configuration

warning: unexpected `cfg` condition name: `fix_y2038`
  --> /home/runner/work/Root-My-GalaxyA075F-Payloads/Root-My-GalaxyA075F-Payloads/vendor/rustix/src/timespec.rs:34:5
   |
34 |     fix_y2038,
   |     ^^^^^^^^^
   |
   = help: consider using a Cargo feature instead
   = help: or consider adding in `Cargo.toml` the `check-cfg` lint config for the lint:
            [lints.rust]
            unexpected_cfgs = { level = "warn", check-cfg = ['cfg(fix_y2038)'] }
   = help: or consider adding `println!("cargo::rustc-check-cfg=cfg(fix_y2038)");` to the top of the `build.rs`
   = note: see <https://doc.rust-lang.org/nightly/rustc/check-cfg/cargo-specifics.html> for more information about checking conditional configuration

warning: unexpected `cfg` condition name: `linux_raw`
  --> /home/runner/work/Root-My-GalaxyA075F-Payloads/Root-My-GalaxyA075F-Payloads/vendor/rustix/src/timespec.rs:35:5
   |
35 |     linux_raw,
   |     ^^^^^^^^^
   |
   = help: consider using a Cargo feature instead
   = help: or consider adding in `Cargo.toml` the `check-cfg` lint config for the lint:
            [lints.rust]
            unexpected_cfgs = { level = "warn", check-cfg = ['cfg(linux_raw)'] }
   = help: or consider adding `println!("cargo::rustc-check-cfg=cfg(linux_raw)");` to the top of the `build.rs`
   = note: see <https://doc.rust-lang.org/nightly/rustc/check-cfg/cargo-specifics.html> for more information about checking conditional configuration

warning: unexpected `cfg` condition name: `libc`
  --> /home/runner/work/Root-My-GalaxyA075F-Payloads/Root-My-GalaxyA075F-Payloads/vendor/rustix/src/timespec.rs:36:9
   |
36 |     all(libc, target_arch = "x86_64", target_pointer_width = "32")
   |         ^^^^ help: found config with similar value: `feature = "libc"`
   |
   = help: consider using a Cargo feature instead
   = help: or consider adding in `Cargo.toml` the `check-cfg` lint config for the lint:
            [lints.rust]
            unexpected_cfgs = { level = "warn", check-cfg = ['cfg(libc)'] }
   = help: or consider adding `println!("cargo::rustc-check-cfg=cfg(libc)");` to the top of the `build.rs`
   = note: see <https://doc.rust-lang.org/nightly/rustc/check-cfg/cargo-specifics.html> for more information about checking conditional configuration

warning: unexpected `cfg` condition name: `fix_y2038`
  --> /home/runner/work/Root-My-GalaxyA075F-Payloads/Root-My-GalaxyA075F-Payloads/vendor/rustix/src/timespec.rs:42:9
   |
42 |     not(fix_y2038),
   |         ^^^^^^^^^
   |
   = help: consider using a Cargo feature instead
   = help: or consider adding in `Cargo.toml` the `check-cfg` lint config for the lint:
            [lints.rust]
            unexpected_cfgs = { level = "warn", check-cfg = ['cfg(fix_y2038)'] }
   = help: or consider adding `println!("cargo::rustc-check-cfg=cfg(fix_y2038)");` to the top of the `build.rs`
   = note: see <https://doc.rust-lang.org/nightly/rustc/check-cfg/cargo-specifics.html> for more information about checking conditional configuration

warning: unexpected `cfg` condition name: `libc`
  --> /home/runner/work/Root-My-GalaxyA075F-Payloads/Root-My-GalaxyA075F-Payloads/vendor/rustix/src/timespec.rs:43:5
   |
43 |     libc,
   |     ^^^^ help: found config with similar value: `feature = "libc"`
   |
   = help: consider using a Cargo feature instead
   = help: or consider adding in `Cargo.toml` the `check-cfg` lint config for the lint:
            [lints.rust]
            unexpected_cfgs = { level = "warn", check-cfg = ['cfg(libc)'] }
   = help: or consider adding `println!("cargo::rustc-check-cfg=cfg(libc)");` to the top of the `build.rs`
   = note: see <https://doc.rust-lang.org/nightly/rustc/check-cfg/cargo-specifics.html> for more information about checking conditional configuration

warning: unexpected `cfg` condition name: `fix_y2038`
  --> /home/runner/work/Root-My-GalaxyA075F-Payloads/Root-My-GalaxyA075F-Payloads/vendor/rustix/src/timespec.rs:51:7
   |
51 | #[cfg(fix_y2038)]
   |       ^^^^^^^^^
   |
   = help: consider using a Cargo feature instead
   = help: or consider adding in `Cargo.toml` the `check-cfg` lint config for the lint:
            [lints.rust]
            unexpected_cfgs = { level = "warn", check-cfg = ['cfg(fix_y2038)'] }
   = help: or consider adding `println!("cargo::rustc-check-cfg=cfg(fix_y2038)");` to the top of the `build.rs`
   = note: see <https://doc.rust-lang.org/nightly/rustc/check-cfg/cargo-specifics.html> for more information about checking conditional configuration

warning: unexpected `cfg` condition name: `fix_y2038`
  --> /home/runner/work/Root-My-GalaxyA075F-Payloads/Root-My-GalaxyA075F-Payloads/vendor/rustix/src/timespec.rs:66:7
   |
66 | #[cfg(fix_y2038)]
   |       ^^^^^^^^^
   |
   = help: consider using a Cargo feature instead
   = help: or consider adding in `Cargo.toml` the `check-cfg` lint config for the lint:
            [lints.rust]
            unexpected_cfgs = { level = "warn", check-cfg = ['cfg(fix_y2038)'] }
   = help: or consider adding `println!("cargo::rustc-check-cfg=cfg(fix_y2038)");` to the top of the `build.rs`
   = note: see <https://doc.rust-lang.org/nightly/rustc/check-cfg/cargo-specifics.html> for more information about checking conditional configuration

warning: unexpected `cfg` condition name: `fix_y2038`
  --> /home/runner/work/Root-My-GalaxyA075F-Payloads/Root-My-GalaxyA075F-Payloads/vendor/rustix/src/timespec.rs:77:7
   |
77 | #[cfg(fix_y2038)]
   |       ^^^^^^^^^
   |
   = help: consider using a Cargo feature instead
   = help: or consider adding in `Cargo.toml` the `check-cfg` lint config for the lint:
            [lints.rust]
            unexpected_cfgs = { level = "warn", check-cfg = ['cfg(fix_y2038)'] }
   = help: or consider adding `println!("cargo::rustc-check-cfg=cfg(fix_y2038)");` to the top of the `build.rs`
   = note: see <https://doc.rust-lang.org/nightly/rustc/check-cfg/cargo-specifics.html> for more information about checking conditional configuration

warning: unexpected `cfg` condition name: `fix_y2038`
   --> /home/runner/work/Root-My-GalaxyA075F-Payloads/Root-My-GalaxyA075F-Payloads/vendor/rustix/src/timespec.rs:110:7
    |
110 | #[cfg(fix_y2038)]
    |       ^^^^^^^^^
    |
    = help: consider using a Cargo feature instead
    = help: or consider adding in `Cargo.toml` the `check-cfg` lint config for the lint:
             [lints.rust]
             unexpected_cfgs = { level = "warn", check-cfg = ['cfg(fix_y2038)'] }
    = help: or consider adding `println!("cargo::rustc-check-cfg=cfg(fix_y2038)");` to the top of the `build.rs`
    = note: see <https://doc.rust-lang.org/nightly/rustc/check-cfg/cargo-specifics.html> for more information about checking conditional configuration

warning: unnecessary `unsafe` block
   --> /home/runner/work/Root-My-GalaxyA075F-Payloads/Root-My-GalaxyA075F-Payloads/vendor/rustix/src/backend/linux_raw/vdso_wrappers.rs:441:5
    |
441 |     unsafe {
    |     ^^^^^^ unnecessary `unsafe` block
    |
    = note: `#[warn(unused_unsafe)]` (part of `#[warn(unused)]`) on by default

warning: unused variable: `vdso`
   --> /home/runner/work/Root-My-GalaxyA075F-Payloads/Root-My-GalaxyA075F-Payloads/vendor/rustix/src/backend/linux_raw/vdso_wrappers.rs:489:17
    |
489 |     if let Some(vdso) = vdso::Vdso::new() {
    |                 ^^^^ help: if this is intentional, prefix it with an underscore: `_vdso`
    |
    = note: `#[warn(unused_variables)]` (part of `#[warn(unused)]`) on by default

   Compiling digest v0.11.3
   Compiling iana-time-zone v0.1.65
   Compiling crossbeam v0.8.4
   Compiling rand v0.10.1
   Compiling rayon v1.12.0
warning: unused return value of `exec` that must be used
    --> /home/runner/work/Root-My-GalaxyA075F-Payloads/Root-My-GalaxyA075F-Payloads/vendor/rustix/src/process/prctl.rs:1186:5
     |
1186 |     std::process::Command::new("sh").exec();
     |     ^^^^^^^^^^^^^^^^^^^^^^^^^^^^^^^^^^^^^^^
     |
     = note: `#[warn(unused_must_use)]` (part of `#[warn(unused)]`) on by default
help: use `let _ = ...` to ignore the resulting value
     |
1186 |     let _ = std::process::Command::new("sh").exec();
     |     +++++++

   Compiling num_enum v0.7.6
   Compiling include-flate v0.3.3
   Compiling rust-embed-impl v8.11.0
   Compiling prop-rs v0.2.0 (/home/runner/work/Root-My-GalaxyA075F-Payloads/Root-My-GalaxyA075F-Payloads/vendor/ksu_props/crates/prop-rs)
   Compiling ignore v0.4.25
warning: `rustix` (lib) generated 270 warnings (run `cargo fix --lib -p rustix` to apply 1 suggestion)
   Compiling lz4 v1.28.1
   Compiling lzma-rust2 v0.15.7
   Compiling async-trait v0.1.89
   Compiling env_filter v0.1.4
   Compiling env_filter v1.0.1
   Compiling kernlog v0.3.1 (https://github.com/kstep/kernlog.rs#68caa7bf)
   Compiling memmap2 v0.9.10
   Compiling cpufeatures v0.3.0
   Compiling errno v0.2.8
   Compiling encoding_rs v0.8.35
   Compiling once_cell v1.21.4
   Compiling android_log-sys v0.3.2
   Compiling bitflags v1.3.2
   Compiling itoa v1.0.18
   Compiling regex-lite v0.1.9
   Compiling fastrand v2.4.1
   Compiling unicode-width v0.2.2
   Compiling bytemuck v1.25.0
   Compiling hex v0.4.3
   Compiling byteorder v1.5.0
   Compiling lazy_static v1.5.0
   Compiling sha256 v1.6.0
   Compiling adb_client v3.1.1 (/home/runner/work/Root-My-GalaxyA075F-Payloads/Root-My-GalaxyA075F-Payloads/vendor/adb_client/adb_client)
   Compiling android-bootimg v0.1.0 (https://github.com/5ec1cff/android_bootimg?rev=153423f6310fd4ae187e32da48e97b9fc613b783#153423f6)
   Compiling getopts v0.2.24
   Compiling java-properties v2.0.0 (/home/runner/work/Root-My-GalaxyA075F-Payloads/Root-My-GalaxyA075F-Payloads/vendor/java-properties)
   Compiling tempfile v3.27.0
warning: hiding a lifetime that's elided elsewhere is confusing
   --> /home/runner/work/Root-My-GalaxyA075F-Payloads/Root-My-GalaxyA075F-Payloads/vendor/java-properties/src/lib.rs:541:21
    |
541 | fn parse_line(line: &str) -> Option<ParsedLine> {
    |                     ^^^^            ^^^^^^^^^^ the same lifetime is hidden here
    |                     |
    |                     the lifetime is elided here
    |
    = help: the same lifetime is referred to in inconsistent ways, making the signature confusing
    = note: `#[warn(mismatched_lifetime_syntaxes)]` on by default
help: use `'_` for type paths
    |
541 | fn parse_line(line: &str) -> Option<ParsedLine<'_>> {
    |                                               ++++

warning: `java-properties` (lib) generated 1 warning (run `cargo fix --lib -p java-properties` to apply 1 suggestion)
   Compiling extattr v1.0.0
   Compiling android_logger v0.15.1
   Compiling prop-rs-android v0.2.0 (/home/runner/work/Root-My-GalaxyA075F-Payloads/Root-My-GalaxyA075F-Payloads/vendor/ksu_props/crates/prop-rs-android)
   Compiling sha1 v0.11.0
   Compiling env_logger v0.11.10
   Compiling rust-embed v8.11.0
   Compiling humansize v2.1.3
   Compiling jwalk v0.8.1
   Compiling zip-extensions v0.14.1
   Compiling chrono v0.4.44
   Compiling clap v4.6.1
   Compiling const_format v0.2.36
   Compiling derive-new v0.7.0
   Compiling nom v8.0.0
   Compiling which v8.0.2
   Compiling android-properties v0.2.2
   Compiling base16ct v0.2.0
   Compiling is_executable v1.0.5
    Finished `release` profile [optimized] target(s) in 1m 03s
warning: the following packages contain code that will be rejected by a future version of Rust: proc-macro-error2 v2.0.1
note: to see what the problems were, use the option `--future-incompat-report`, or run `cargo report future-incompatibilities --id 1`
-rwxr-xr-x 1 runner runner 4754752 Oct  4 05:14 kernelsu/ksud-A075FXXS5BZD2-kdp
b7721933be28e4ecac8f9995131dde1e2e4d39e7d72f1a7a3401191ae1eebb75  kernelsu/ksud-A075FXXS5BZD2-kdp
ksud audit passed
error: The following untracked working tree files would be overwritten by checkout:
	job.log
	reports/a075f/verification.json
	reports/a075f/verification.md
Please move or remove them before you switch branches.
Aborting
=== diagnostics step started 05:14:44 ===
NOTE: bpftool unavailable or btf blob missing
